Change Dir: '/data/data/com.termux/files/home/ExynosTools-LSFG/build-lsfg-termux'

Run Build Command(s): /data/data/com.termux/files/usr/bin/cmake -E env VERBOSE=1 /data/data/com.termux/files/usr/bin/make -f Makefile -j2
/data/data/com.termux/files/usr/bin/cmake -S/data/data/com.termux/files/home/ExynosTools-LSFG -B/data/data/com.termux/files/home/ExynosTools-LSFG/build-lsfg-termux --check-build-system CMakeFiles/Makefile.cmake 0
/data/data/com.termux/files/usr/bin/cmake -E cmake_progress_start /data/data/com.termux/files/home/ExynosTools-LSFG/build-lsfg-termux/CMakeFiles /data/data/com.termux/files/home/ExynosTools-LSFG/build-lsfg-termux//CMakeFiles/progress.marks
/data/data/com.termux/files/usr/bin/make  -f CMakeFiles/Makefile2 all
make[1]: Entering directory '/data/data/com.termux/files/home/ExynosTools-LSFG/build-lsfg-termux'
/data/data/com.termux/files/usr/bin/make  -f CMakeFiles/exynostools_embedded_shaders.dir/build.make CMakeFiles/exynostools_embedded_shaders.dir/depend
/data/data/com.termux/files/usr/bin/make  -f CMakeFiles/exynostools_shaders.dir/build.make CMakeFiles/exynostools_shaders.dir/depend
make[2]: Entering directory '/data/data/com.termux/files/home/ExynosTools-LSFG/build-lsfg-termux'
cd /data/data/com.termux/files/home/ExynosTools-LSFG/build-lsfg-termux && /data/data/com.termux/files/usr/bin/cmake -E cmake_depends "Unix Makefiles" /data/data/com.termux/files/home/ExynosTools-LSFG /data/data/com.termux/files/home/ExynosTools-LSFG /data/data/com.termux/files/home/ExynosTools-LSFG/build-lsfg-termux /data/data/com.termux/files/home/ExynosTools-LSFG/build-lsfg-termux /data/data/com.termux/files/home/ExynosTools-LSFG/build-lsfg-termux/CMakeFiles/exynostools_embedded_shaders.dir/DependInfo.cmake "--color=" exynostools_embedded_shaders
make[2]: Entering directory '/data/data/com.termux/files/home/ExynosTools-LSFG/build-lsfg-termux'
cd /data/data/com.termux/files/home/ExynosTools-LSFG/build-lsfg-termux && /data/data/com.termux/files/usr/bin/cmake -E cmake_depends "Unix Makefiles" /data/data/com.termux/files/home/ExynosTools-LSFG /data/data/com.termux/files/home/ExynosTools-LSFG /data/data/com.termux/files/home/ExynosTools-LSFG/build-lsfg-termux /data/data/com.termux/files/home/ExynosTools-LSFG/build-lsfg-termux /data/data/com.termux/files/home/ExynosTools-LSFG/build-lsfg-termux/CMakeFiles/exynostools_shaders.dir/DependInfo.cmake "--color=" exynostools_shaders
make[2]: Leaving directory '/data/data/com.termux/files/home/ExynosTools-LSFG/build-lsfg-termux'
make[2]: Leaving directory '/data/data/com.termux/files/home/ExynosTools-LSFG/build-lsfg-termux'
/data/data/com.termux/files/usr/bin/make  -f CMakeFiles/exynostools_embedded_shaders.dir/build.make CMakeFiles/exynostools_embedded_shaders.dir/build
/data/data/com.termux/files/usr/bin/make  -f CMakeFiles/exynostools_shaders.dir/build.make CMakeFiles/exynostools_shaders.dir/build
make[2]: Entering directory '/data/data/com.termux/files/home/ExynosTools-LSFG/build-lsfg-termux'
make[2]: Entering directory '/data/data/com.termux/files/home/ExynosTools-LSFG/build-lsfg-termux'
[  1%] Generating shaders/bc6.comp.spv
[  2%] Generating shaders/bc6.comp.spv
/data/data/com.termux/files/usr/bin/glslc -I /data/data/com.termux/files/home/ExynosTools-LSFG/shaders/include /data/data/com.termux/files/home/ExynosTools-LSFG/shaders/bc6.comp -o /data/data/com.termux/files/home/ExynosTools-LSFG/build-lsfg-termux/shaders/bc6.comp.spv
/data/data/com.termux/files/usr/bin/glslc -I /data/data/com.termux/files/home/ExynosTools-LSFG/shaders/include /data/data/com.termux/files/home/ExynosTools-LSFG/shaders/bc6.comp -o /data/data/com.termux/files/home/ExynosTools-LSFG/build-lsfg-termux/shaders/bc6.comp.spv
[  4%] Generating shaders/bc6_iv.comp.spv
/data/data/com.termux/files/usr/bin/glslc -I /data/data/com.termux/files/home/ExynosTools-LSFG/shaders/include /data/data/com.termux/files/home/ExynosTools-LSFG/shaders/bc6_iv.comp -o /data/data/com.termux/files/home/ExynosTools-LSFG/build-lsfg-termux/shaders/bc6_iv.comp.spv
[  5%] Generating shaders/bc6_iv.comp.spv
/data/data/com.termux/files/usr/bin/glslc -I /data/data/com.termux/files/home/ExynosTools-LSFG/shaders/include /data/data/com.termux/files/home/ExynosTools-LSFG/shaders/bc6_iv.comp -o /data/data/com.termux/files/home/ExynosTools-LSFG/build-lsfg-termux/shaders/bc6_iv.comp.spv
[  7%] Generating shaders/bc7.comp.spv
/data/data/com.termux/files/usr/bin/glslc -I /data/data/com.termux/files/home/ExynosTools-LSFG/shaders/include /data/data/com.termux/files/home/ExynosTools-LSFG/shaders/bc7.comp -o /data/data/com.termux/files/home/ExynosTools-LSFG/build-lsfg-termux/shaders/bc7.comp.spv
[  8%] Generating shaders/bc7.comp.spv
/data/data/com.termux/files/usr/bin/glslc -I /data/data/com.termux/files/home/ExynosTools-LSFG/shaders/include /data/data/com.termux/files/home/ExynosTools-LSFG/shaders/bc7.comp -o /data/data/com.termux/files/home/ExynosTools-LSFG/build-lsfg-termux/shaders/bc7.comp.spv
[ 10%] Generating shaders/bc7_iv.comp.spv
/data/data/com.termux/files/usr/bin/glslc -I /data/data/com.termux/files/home/ExynosTools-LSFG/shaders/include /data/data/com.termux/files/home/ExynosTools-LSFG/shaders/bc7_iv.comp -o /data/data/com.termux/files/home/ExynosTools-LSFG/build-lsfg-termux/shaders/bc7_iv.comp.spv
[ 11%] Generating shaders/bc7_iv.comp.spv
/data/data/com.termux/files/usr/bin/glslc -I /data/data/com.termux/files/home/ExynosTools-LSFG/shaders/include /data/data/com.termux/files/home/ExynosTools-LSFG/shaders/bc7_iv.comp -o /data/data/com.termux/files/home/ExynosTools-LSFG/build-lsfg-termux/shaders/bc7_iv.comp.spv
[ 13%] Generating shaders/copy_image_iv_r8.comp.spv
/data/data/com.termux/files/usr/bin/glslc -I /data/data/com.termux/files/home/ExynosTools-LSFG/shaders/include /data/data/com.termux/files/home/ExynosTools-LSFG/shaders/copy_image_iv_r8.comp -o /data/data/com.termux/files/home/ExynosTools-LSFG/build-lsfg-termux/shaders/copy_image_iv_r8.comp.spv
[ 14%] Generating shaders/copy_image_iv_r8.comp.spv
/data/data/com.termux/files/usr/bin/glslc -I /data/data/com.termux/files/home/ExynosTools-LSFG/shaders/include /data/data/com.termux/files/home/ExynosTools-LSFG/shaders/copy_image_iv_r8.comp -o /data/data/com.termux/files/home/ExynosTools-LSFG/build-lsfg-termux/shaders/copy_image_iv_r8.comp.spv
[ 16%] Generating shaders/copy_image_iv_r8_snorm.comp.spv
/data/data/com.termux/files/usr/bin/glslc -I /data/data/com.termux/files/home/ExynosTools-LSFG/shaders/include /data/data/com.termux/files/home/ExynosTools-LSFG/shaders/copy_image_iv_r8_snorm.comp -o /data/data/com.termux/files/home/ExynosTools-LSFG/build-lsfg-termux/shaders/copy_image_iv_r8_snorm.comp.spv
[ 17%] Generating shaders/copy_image_iv_r8_snorm.comp.spv
/data/data/com.termux/files/usr/bin/glslc -I /data/data/com.termux/files/home/ExynosTools-LSFG/shaders/include /data/data/com.termux/files/home/ExynosTools-LSFG/shaders/copy_image_iv_r8_snorm.comp -o /data/data/com.termux/files/home/ExynosTools-LSFG/build-lsfg-termux/shaders/copy_image_iv_r8_snorm.comp.spv
[ 19%] Generating shaders/copy_image_iv_rg8.comp.spv
/data/data/com.termux/files/usr/bin/glslc -I /data/data/com.termux/files/home/ExynosTools-LSFG/shaders/include /data/data/com.termux/files/home/ExynosTools-LSFG/shaders/copy_image_iv_rg8.comp -o /data/data/com.termux/files/home/ExynosTools-LSFG/build-lsfg-termux/shaders/copy_image_iv_rg8.comp.spv
[ 20%] Generating shaders/copy_image_iv_rg8.comp.spv
/data/data/com.termux/files/usr/bin/glslc -I /data/data/com.termux/files/home/ExynosTools-LSFG/shaders/include /data/data/com.termux/files/home/ExynosTools-LSFG/shaders/copy_image_iv_rg8.comp -o /data/data/com.termux/files/home/ExynosTools-LSFG/build-lsfg-termux/shaders/copy_image_iv_rg8.comp.spv
[ 22%] Generating shaders/copy_image_iv_rg8_snorm.comp.spv
/data/data/com.termux/files/usr/bin/glslc -I /data/data/com.termux/files/home/ExynosTools-LSFG/shaders/include /data/data/com.termux/files/home/ExynosTools-LSFG/shaders/copy_image_iv_rg8_snorm.comp -o /data/data/com.termux/files/home/ExynosTools-LSFG/build-lsfg-termux/shaders/copy_image_iv_rg8_snorm.comp.spv
[ 23%] Generating shaders/copy_image_iv_rg8_snorm.comp.spv
/data/data/com.termux/files/usr/bin/glslc -I /data/data/com.termux/files/home/ExynosTools-LSFG/shaders/include /data/data/com.termux/files/home/ExynosTools-LSFG/shaders/copy_image_iv_rg8_snorm.comp -o /data/data/com.termux/files/home/ExynosTools-LSFG/build-lsfg-termux/shaders/copy_image_iv_rg8_snorm.comp.spv
[ 25%] Generating shaders/copy_image_iv_rgba8.comp.spv
/data/data/com.termux/files/usr/bin/glslc -I /data/data/com.termux/files/home/ExynosTools-LSFG/shaders/include /data/data/com.termux/files/home/ExynosTools-LSFG/shaders/copy_image_iv_rgba8.comp -o /data/data/com.termux/files/home/ExynosTools-LSFG/build-lsfg-termux/shaders/copy_image_iv_rgba8.comp.spv
[ 26%] Generating shaders/copy_image_iv_rgba8.comp.spv
/data/data/com.termux/files/usr/bin/glslc -I /data/data/com.termux/files/home/ExynosTools-LSFG/shaders/include /data/data/com.termux/files/home/ExynosTools-LSFG/shaders/copy_image_iv_rgba8.comp -o /data/data/com.termux/files/home/ExynosTools-LSFG/build-lsfg-termux/shaders/copy_image_iv_rgba8.comp.spv
[ 28%] Generating shaders/copy_image_iv_rgba8_snorm.comp.spv
/data/data/com.termux/files/usr/bin/glslc -I /data/data/com.termux/files/home/ExynosTools-LSFG/shaders/include /data/data/com.termux/files/home/ExynosTools-LSFG/shaders/copy_image_iv_rgba8_snorm.comp -o /data/data/com.termux/files/home/ExynosTools-LSFG/build-lsfg-termux/shaders/copy_image_iv_rgba8_snorm.comp.spv
[ 29%] Generating shaders/copy_image_iv_rgba8_snorm.comp.spv
/data/data/com.termux/files/usr/bin/glslc -I /data/data/com.termux/files/home/ExynosTools-LSFG/shaders/include /data/data/com.termux/files/home/ExynosTools-LSFG/shaders/copy_image_iv_rgba8_snorm.comp -o /data/data/com.termux/files/home/ExynosTools-LSFG/build-lsfg-termux/shaders/copy_image_iv_rgba8_snorm.comp.spv
[ 31%] Generating shaders/copy_image_iv_rgba16f.comp.spv
/data/data/com.termux/files/usr/bin/glslc -I /data/data/com.termux/files/home/ExynosTools-LSFG/shaders/include /data/data/com.termux/files/home/ExynosTools-LSFG/shaders/copy_image_iv_rgba16f.comp -o /data/data/com.termux/files/home/ExynosTools-LSFG/build-lsfg-termux/shaders/copy_image_iv_rgba16f.comp.spv
[ 32%] Generating shaders/copy_image_iv_rgba16f.comp.spv
/data/data/com.termux/files/usr/bin/glslc -I /data/data/com.termux/files/home/ExynosTools-LSFG/shaders/include /data/data/com.termux/files/home/ExynosTools-LSFG/shaders/copy_image_iv_rgba16f.comp -o /data/data/com.termux/files/home/ExynosTools-LSFG/build-lsfg-termux/shaders/copy_image_iv_rgba16f.comp.spv
[ 34%] Generating shaders/rgtc.comp.spv
/data/data/com.termux/files/usr/bin/glslc -I /data/data/com.termux/files/home/ExynosTools-LSFG/shaders/include /data/data/com.termux/files/home/ExynosTools-LSFG/shaders/rgtc.comp -o /data/data/com.termux/files/home/ExynosTools-LSFG/build-lsfg-termux/shaders/rgtc.comp.spv
[ 35%] Generating shaders/rgtc.comp.spv
/data/data/com.termux/files/usr/bin/glslc -I /data/data/com.termux/files/home/ExynosTools-LSFG/shaders/include /data/data/com.termux/files/home/ExynosTools-LSFG/shaders/rgtc.comp -o /data/data/com.termux/files/home/ExynosTools-LSFG/build-lsfg-termux/shaders/rgtc.comp.spv
[ 37%] Generating shaders/rgtc_iv_r8.comp.spv
/data/data/com.termux/files/usr/bin/glslc -I /data/data/com.termux/files/home/ExynosTools-LSFG/shaders/include /data/data/com.termux/files/home/ExynosTools-LSFG/shaders/rgtc_iv_r8.comp -o /data/data/com.termux/files/home/ExynosTools-LSFG/build-lsfg-termux/shaders/rgtc_iv_r8.comp.spv
[ 38%] Generating shaders/rgtc_iv_r8.comp.spv
/data/data/com.termux/files/usr/bin/glslc -I /data/data/com.termux/files/home/ExynosTools-LSFG/shaders/include /data/data/com.termux/files/home/ExynosTools-LSFG/shaders/rgtc_iv_r8.comp -o /data/data/com.termux/files/home/ExynosTools-LSFG/build-lsfg-termux/shaders/rgtc_iv_r8.comp.spv
[ 40%] Generating shaders/rgtc_iv_r8_snorm.comp.spv
/data/data/com.termux/files/usr/bin/glslc -I /data/data/com.termux/files/home/ExynosTools-LSFG/shaders/include /data/data/com.termux/files/home/ExynosTools-LSFG/shaders/rgtc_iv_r8_snorm.comp -o /data/data/com.termux/files/home/ExynosTools-LSFG/build-lsfg-termux/shaders/rgtc_iv_r8_snorm.comp.spv
[ 41%] Generating shaders/rgtc_iv_r8_snorm.comp.spv
/data/data/com.termux/files/usr/bin/glslc -I /data/data/com.termux/files/home/ExynosTools-LSFG/shaders/include /data/data/com.termux/files/home/ExynosTools-LSFG/shaders/rgtc_iv_r8_snorm.comp -o /data/data/com.termux/files/home/ExynosTools-LSFG/build-lsfg-termux/shaders/rgtc_iv_r8_snorm.comp.spv
[ 43%] Generating shaders/rgtc_iv_rg8.comp.spv
/data/data/com.termux/files/usr/bin/glslc -I /data/data/com.termux/files/home/ExynosTools-LSFG/shaders/include /data/data/com.termux/files/home/ExynosTools-LSFG/shaders/rgtc_iv_rg8.comp -o /data/data/com.termux/files/home/ExynosTools-LSFG/build-lsfg-termux/shaders/rgtc_iv_rg8.comp.spv
[ 44%] Generating shaders/rgtc_iv_rg8.comp.spv
/data/data/com.termux/files/usr/bin/glslc -I /data/data/com.termux/files/home/ExynosTools-LSFG/shaders/include /data/data/com.termux/files/home/ExynosTools-LSFG/shaders/rgtc_iv_rg8.comp -o /data/data/com.termux/files/home/ExynosTools-LSFG/build-lsfg-termux/shaders/rgtc_iv_rg8.comp.spv
[ 46%] Generating shaders/rgtc_iv_rg8_snorm.comp.spv
/data/data/com.termux/files/usr/bin/glslc -I /data/data/com.termux/files/home/ExynosTools-LSFG/shaders/include /data/data/com.termux/files/home/ExynosTools-LSFG/shaders/rgtc_iv_rg8_snorm.comp -o /data/data/com.termux/files/home/ExynosTools-LSFG/build-lsfg-termux/shaders/rgtc_iv_rg8_snorm.comp.spv
[ 47%] Generating shaders/rgtc_iv_rg8_snorm.comp.spv
/data/data/com.termux/files/usr/bin/glslc -I /data/data/com.termux/files/home/ExynosTools-LSFG/shaders/include /data/data/com.termux/files/home/ExynosTools-LSFG/shaders/rgtc_iv_rg8_snorm.comp -o /data/data/com.termux/files/home/ExynosTools-LSFG/build-lsfg-termux/shaders/rgtc_iv_rg8_snorm.comp.spv
[ 49%] Generating shaders/rgtc_iv_rgba8.comp.spv
/data/data/com.termux/files/usr/bin/glslc -I /data/data/com.termux/files/home/ExynosTools-LSFG/shaders/include /data/data/com.termux/files/home/ExynosTools-LSFG/shaders/rgtc_iv_rgba8.comp -o /data/data/com.termux/files/home/ExynosTools-LSFG/build-lsfg-termux/shaders/rgtc_iv_rgba8.comp.spv
[ 50%] Generating shaders/rgtc_iv_rgba8.comp.spv
/data/data/com.termux/files/usr/bin/glslc -I /data/data/com.termux/files/home/ExynosTools-LSFG/shaders/include /data/data/com.termux/files/home/ExynosTools-LSFG/shaders/rgtc_iv_rgba8.comp -o /data/data/com.termux/files/home/ExynosTools-LSFG/build-lsfg-termux/shaders/rgtc_iv_rgba8.comp.spv
[ 52%] Generating shaders/rgtc_iv_rgba8_snorm.comp.spv
/data/data/com.termux/files/usr/bin/glslc -I /data/data/com.termux/files/home/ExynosTools-LSFG/shaders/include /data/data/com.termux/files/home/ExynosTools-LSFG/shaders/rgtc_iv_rgba8_snorm.comp -o /data/data/com.termux/files/home/ExynosTools-LSFG/build-lsfg-termux/shaders/rgtc_iv_rgba8_snorm.comp.spv
[ 53%] Generating shaders/rgtc_iv_rgba8_snorm.comp.spv
/data/data/com.termux/files/usr/bin/glslc -I /data/data/com.termux/files/home/ExynosTools-LSFG/shaders/include /data/data/com.termux/files/home/ExynosTools-LSFG/shaders/rgtc_iv_rgba8_snorm.comp -o /data/data/com.termux/files/home/ExynosTools-LSFG/build-lsfg-termux/shaders/rgtc_iv_rgba8_snorm.comp.spv
[ 55%] Generating shaders/s3tc.comp.spv
/data/data/com.termux/files/usr/bin/glslc -I /data/data/com.termux/files/home/ExynosTools-LSFG/shaders/include /data/data/com.termux/files/home/ExynosTools-LSFG/shaders/s3tc.comp -o /data/data/com.termux/files/home/ExynosTools-LSFG/build-lsfg-termux/shaders/s3tc.comp.spv
[ 56%] Generating shaders/s3tc.comp.spv
/data/data/com.termux/files/usr/bin/glslc -I /data/data/com.termux/files/home/ExynosTools-LSFG/shaders/include /data/data/com.termux/files/home/ExynosTools-LSFG/shaders/s3tc.comp -o /data/data/com.termux/files/home/ExynosTools-LSFG/build-lsfg-termux/shaders/s3tc.comp.spv
[ 58%] Generating shaders/s3tc_iv.comp.spv
/data/data/com.termux/files/usr/bin/glslc -I /data/data/com.termux/files/home/ExynosTools-LSFG/shaders/include /data/data/com.termux/files/home/ExynosTools-LSFG/shaders/s3tc_iv.comp -o /data/data/com.termux/files/home/ExynosTools-LSFG/build-lsfg-termux/shaders/s3tc_iv.comp.spv
[ 59%] Generating shaders/s3tc_iv.comp.spv
/data/data/com.termux/files/usr/bin/glslc -I /data/data/com.termux/files/home/ExynosTools-LSFG/shaders/include /data/data/com.termux/files/home/ExynosTools-LSFG/shaders/s3tc_iv.comp -o /data/data/com.termux/files/home/ExynosTools-LSFG/build-lsfg-termux/shaders/s3tc_iv.comp.spv
[ 61%] Generating generated/exynostools_embedded_spirv.h
/data/data/com.termux/files/usr/bin/cmake -DOUTPUT_FILE=/data/data/com.termux/files/home/ExynosTools-LSFG/build-lsfg-termux/generated/exynostools_embedded_spirv.h -DSPV_FILES=/data/data/com.termux/files/home/ExynosTools-LSFG/build-lsfg-termux/shaders/bc6.comp.spv /data/data/com.termux/files/home/ExynosTools-LSFG/build-lsfg-termux/shaders/bc6_iv.comp.spv /data/data/com.termux/files/home/ExynosTools-LSFG/build-lsfg-termux/shaders/bc7.comp.spv /data/data/com.termux/files/home/ExynosTools-LSFG/build-lsfg-termux/shaders/bc7_iv.comp.spv /data/data/com.termux/files/home/ExynosTools-LSFG/build-lsfg-termux/shaders/copy_image_iv_r8.comp.spv /data/data/com.termux/files/home/ExynosTools-LSFG/build-lsfg-termux/shaders/copy_image_iv_r8_snorm.comp.spv /data/data/com.termux/files/home/ExynosTools-LSFG/build-lsfg-termux/shaders/copy_image_iv_rg8.comp.spv /data/data/com.termux/files/home/ExynosTools-LSFG/build-lsfg-termux/shaders/copy_image_iv_rg8_snorm.comp.spv /data/data/com.termux/files/home/ExynosTools-LSFG/build-lsfg-termux/shaders/copy_image_iv_rgba8.comp.spv /data/data/com.termux/files/home/ExynosTools-LSFG/build-lsfg-termux/shaders/copy_image_iv_rgba8_snorm.comp.spv /data/data/com.termux/files/home/ExynosTools-LSFG/build-lsfg-termux/shaders/copy_image_iv_rgba16f.comp.spv /data/data/com.termux/files/home/ExynosTools-LSFG/build-lsfg-termux/shaders/rgtc.comp.spv /data/data/com.termux/files/home/ExynosTools-LSFG/build-lsfg-termux/shaders/rgtc_iv_r8.comp.spv /data/data/com.termux/files/home/ExynosTools-LSFG/build-lsfg-termux/shaders/rgtc_iv_r8_snorm.comp.spv /data/data/com.termux/files/home/ExynosTools-LSFG/build-lsfg-termux/shaders/rgtc_iv_rg8.comp.spv /data/data/com.termux/files/home/ExynosTools-LSFG/build-lsfg-termux/shaders/rgtc_iv_rg8_snorm.comp.spv /data/data/com.termux/files/home/ExynosTools-LSFG/build-lsfg-termux/shaders/rgtc_iv_rgba8.comp.spv /data/data/com.termux/files/home/ExynosTools-LSFG/build-lsfg-termux/shaders/rgtc_iv_rgba8_snorm.comp.spv /data/data/com.termux/files/home/ExynosTools-LSFG/build-lsfg-termux/shaders/s3tc.comp.spv /data/data/com.termux/files/home/ExynosTools-LSFG/build-lsfg-termux/shaders/s3tc_iv.comp.spv -P /data/data/com.termux/files/home/ExynosTools-LSFG/cmake/GenerateEmbeddedSpirvHeader.cmake
make[2]: Leaving directory '/data/data/com.termux/files/home/ExynosTools-LSFG/build-lsfg-termux'
[ 61%] Built target exynostools_shaders
make[2]: Leaving directory '/data/data/com.termux/files/home/ExynosTools-LSFG/build-lsfg-termux'
[ 61%] Built target exynostools_embedded_shaders
/data/data/com.termux/files/usr/bin/make  -f CMakeFiles/VkLayer_VortekXclipse.dir/build.make CMakeFiles/VkLayer_VortekXclipse.dir/depend
make[2]: Entering directory '/data/data/com.termux/files/home/ExynosTools-LSFG/build-lsfg-termux'
cd /data/data/com.termux/files/home/ExynosTools-LSFG/build-lsfg-termux && /data/data/com.termux/files/usr/bin/cmake -E cmake_depends "Unix Makefiles" /data/data/com.termux/files/home/ExynosTools-LSFG /data/data/com.termux/files/home/ExynosTools-LSFG /data/data/com.termux/files/home/ExynosTools-LSFG/build-lsfg-termux /data/data/com.termux/files/home/ExynosTools-LSFG/build-lsfg-termux /data/data/com.termux/files/home/ExynosTools-LSFG/build-lsfg-termux/CMakeFiles/VkLayer_VortekXclipse.dir/DependInfo.cmake "--color=" VkLayer_VortekXclipse
make[2]: Leaving directory '/data/data/com.termux/files/home/ExynosTools-LSFG/build-lsfg-termux'
/data/data/com.termux/files/usr/bin/make  -f CMakeFiles/VkLayer_VortekXclipse.dir/build.make CMakeFiles/VkLayer_VortekXclipse.dir/build
make[2]: Entering directory '/data/data/com.termux/files/home/ExynosTools-LSFG/build-lsfg-termux'
[ 62%] Building CXX object CMakeFiles/VkLayer_VortekXclipse.dir/src/layer/layer_bcn_cpu_decoder.cpp.o
[ 64%] Building CXX object CMakeFiles/VkLayer_VortekXclipse.dir/src/layer/layer_entry.cpp.o
/data/data/com.termux/files/usr/bin/clang++ --target=aarch64-linux-android26 --sysroot=/data/data/com.termux/files/home/android-ndk-r27c/toolchains/llvm/prebuilt/linux-x86_64/sysroot -DVkLayer_VortekXclipse_EXPORTS -I/data/data/com.termux/files/home/ExynosTools-LSFG/include -I/data/data/com.termux/files/home/ExynosTools-LSFG/third_party/bcdec -I/data/data/com.termux/files/home/Vulkan-Headers/include -I/data/data/com.termux/files/home/Vulkan-Utility-Libraries/include -I/data/data/com.termux/files/home/ExynosTools-LSFG/external/VulkanMemoryAllocator/include -I/data/data/com.termux/files/home/ExynosTools-LSFG/build-lsfg-termux/generated -stdlib=libc++ -O3 -DNDEBUG -std=c++17 -fPIC -fvisibility=hidden -fvisibility-inlines-hidden -MD -MT CMakeFiles/VkLayer_VortekXclipse.dir/src/layer/layer_bcn_cpu_decoder.cpp.o -MF CMakeFiles/VkLayer_VortekXclipse.dir/src/layer/layer_bcn_cpu_decoder.cpp.o.d -o CMakeFiles/VkLayer_VortekXclipse.dir/src/layer/layer_bcn_cpu_decoder.cpp.o -c /data/data/com.termux/files/home/ExynosTools-LSFG/src/layer/layer_bcn_cpu_decoder.cpp
/data/data/com.termux/files/usr/bin/clang++ --target=aarch64-linux-android26 --sysroot=/data/data/com.termux/files/home/android-ndk-r27c/toolchains/llvm/prebuilt/linux-x86_64/sysroot -DVkLayer_VortekXclipse_EXPORTS -I/data/data/com.termux/files/home/ExynosTools-LSFG/include -I/data/data/com.termux/files/home/ExynosTools-LSFG/third_party/bcdec -I/data/data/com.termux/files/home/Vulkan-Headers/include -I/data/data/com.termux/files/home/Vulkan-Utility-Libraries/include -I/data/data/com.termux/files/home/ExynosTools-LSFG/external/VulkanMemoryAllocator/include -I/data/data/com.termux/files/home/ExynosTools-LSFG/build-lsfg-termux/generated -stdlib=libc++ -O3 -DNDEBUG -std=c++17 -fPIC -fvisibility=hidden -fvisibility-inlines-hidden -MD -MT CMakeFiles/VkLayer_VortekXclipse.dir/src/layer/layer_entry.cpp.o -MF CMakeFiles/VkLayer_VortekXclipse.dir/src/layer/layer_entry.cpp.o.d -o CMakeFiles/VkLayer_VortekXclipse.dir/src/layer/layer_entry.cpp.o -c /data/data/com.termux/files/home/ExynosTools-LSFG/src/layer/layer_entry.cpp
[ 65%] Building CXX object CMakeFiles/VkLayer_VortekXclipse.dir/src/layer/layer_copy_image_routing.cpp.o
/data/data/com.termux/files/usr/bin/clang++ --target=aarch64-linux-android26 --sysroot=/data/data/com.termux/files/home/android-ndk-r27c/toolchains/llvm/prebuilt/linux-x86_64/sysroot -DVkLayer_VortekXclipse_EXPORTS -I/data/data/com.termux/files/home/ExynosTools-LSFG/include -I/data/data/com.termux/files/home/ExynosTools-LSFG/third_party/bcdec -I/data/data/com.termux/files/home/Vulkan-Headers/include -I/data/data/com.termux/files/home/Vulkan-Utility-Libraries/include -I/data/data/com.termux/files/home/ExynosTools-LSFG/external/VulkanMemoryAllocator/include -I/data/data/com.termux/files/home/ExynosTools-LSFG/build-lsfg-termux/generated -stdlib=libc++ -O3 -DNDEBUG -std=c++17 -fPIC -fvisibility=hidden -fvisibility-inlines-hidden -MD -MT CMakeFiles/VkLayer_VortekXclipse.dir/src/layer/layer_copy_image_routing.cpp.o -MF CMakeFiles/VkLayer_VortekXclipse.dir/src/layer/layer_copy_image_routing.cpp.o.d -o CMakeFiles/VkLayer_VortekXclipse.dir/src/layer/layer_copy_image_routing.cpp.o -c /data/data/com.termux/files/home/ExynosTools-LSFG/src/layer/layer_copy_image_routing.cpp
In file included from /data/data/com.termux/files/home/ExynosTools-LSFG/src/layer/layer_entry.cpp:12:
/data/data/com.termux/files/home/ExynosTools-LSFG/external/VulkanMemoryAllocator/include/vk_mem_alloc.h:3200:5: warning: pointer is missing a nullability type specifier (_Nonnull, _Nullable, or _Null_unspecified) [-Wnullability-completeness]
 3200 | void* vma_aligned_alloc(size_t alignment, size_t size)
      |     ^
/data/data/com.termux/files/home/ExynosTools-LSFG/external/VulkanMemoryAllocator/include/vk_mem_alloc.h:3200:5: note: insert '_Nullable' if the pointer may be null
 3200 | void* vma_aligned_alloc(size_t alignment, size_t size)
      |     ^
      |       _Nullable
/data/data/com.termux/files/home/ExynosTools-LSFG/external/VulkanMemoryAllocator/include/vk_mem_alloc.h:3200:5: note: insert '_Nonnull' if the pointer should never be null
 3200 | void* vma_aligned_alloc(size_t alignment, size_t size)
      |     ^
      |       _Nonnull
/data/data/com.termux/files/home/ExynosTools-LSFG/external/VulkanMemoryAllocator/include/vk_mem_alloc.h:3357:81: warning: pointer is missing a nullability type specifier (_Nonnull, _Nullable, or _Null_unspecified) [-Wnullability-completeness]
 3357 |     inline void VmaPtrToStr(char* VMA_NOT_NULL outStr, size_t strLen, const void* ptr)
      |                                                                                 ^
/data/data/com.termux/files/home/ExynosTools-LSFG/external/VulkanMemoryAllocator/include/vk_mem_alloc.h:3357:81: note: insert '_Nullable' if the pointer may be null
 3357 |     inline void VmaPtrToStr(char* VMA_NOT_NULL outStr, size_t strLen, const void* ptr)
      |                                                                                 ^
      |                                                                                   _Nullable
/data/data/com.termux/files/home/ExynosTools-LSFG/external/VulkanMemoryAllocator/include/vk_mem_alloc.h:3357:81: note: insert '_Nonnull' if the pointer should never be null
 3357 |     inline void VmaPtrToStr(char* VMA_NOT_NULL outStr, size_t strLen, const void* ptr)
      |                                                                                 ^
      |                                                                                   _Nonnull
/data/data/com.termux/files/home/ExynosTools-LSFG/external/VulkanMemoryAllocator/include/vk_mem_alloc.h:3582:11: warning: pointer is missing a nullability type specifier (_Nonnull, _Nullable, or _Null_unspecified) [-Wnullability-completeness]
 3582 | const char* const VMA_SUBALLOCATION_TYPE_NAMES[] =
      |           ^
/data/data/com.termux/files/home/ExynosTools-LSFG/external/VulkanMemoryAllocator/include/vk_mem_alloc.h:3582:11: note: insert '_Nullable' if the pointer may be null
 3582 | const char* const VMA_SUBALLOCATION_TYPE_NAMES[] =
      |           ^
      |             _Nullable
/data/data/com.termux/files/home/ExynosTools-LSFG/external/VulkanMemoryAllocator/include/vk_mem_alloc.h:3582:11: note: insert '_Nonnull' if the pointer should never be null
 3582 | const char* const VMA_SUBALLOCATION_TYPE_NAMES[] =
      |           ^
      |             _Nonnull
/data/data/com.termux/files/home/ExynosTools-LSFG/external/VulkanMemoryAllocator/include/vk_mem_alloc.h:3703:50: warning: pointer is missing a nullability type specifier (_Nonnull, _Nullable, or _Null_unspecified) [-Wnullability-completeness]
 3703 | inline const FindT* VmaPnextChainFind(const MainT* mainStruct, VkStructureType sType)
      |                                                  ^
/data/data/com.termux/files/home/ExynosTools-LSFG/external/VulkanMemoryAllocator/include/vk_mem_alloc.h:3703:50: note: insert '_Nullable' if the pointer may be null
 3703 | inline const FindT* VmaPnextChainFind(const MainT* mainStruct, VkStructureType sType)
      |                                                  ^
      |                                                    _Nullable
/data/data/com.termux/files/home/ExynosTools-LSFG/external/VulkanMemoryAllocator/include/vk_mem_alloc.h:3703:50: note: insert '_Nonnull' if the pointer should never be null
 3703 | inline const FindT* VmaPnextChainFind(const MainT* mainStruct, VkStructureType sType)
      |                                                  ^
      |                                                    _Nonnull
/data/data/com.termux/files/home/ExynosTools-LSFG/external/VulkanMemoryAllocator/include/vk_mem_alloc.h:3703:19: warning: pointer is missing a nullability type specifier (_Nonnull, _Nullable, or _Null_unspecified) [-Wnullability-completeness]
 3703 | inline const FindT* VmaPnextChainFind(const MainT* mainStruct, VkStructureType sType)
      |                   ^
/data/data/com.termux/files/home/ExynosTools-LSFG/external/VulkanMemoryAllocator/include/vk_mem_alloc.h:3703:19: note: insert '_Nullable' if the pointer may be null
 3703 | inline const FindT* VmaPnextChainFind(const MainT* mainStruct, VkStructureType sType)
      |                   ^
      |                     _Nullable
/data/data/com.termux/files/home/ExynosTools-LSFG/external/VulkanMemoryAllocator/include/vk_mem_alloc.h:3703:19: note: insert '_Nonnull' if the pointer should never be null
 3703 | inline const FindT* VmaPnextChainFind(const MainT* mainStruct, VkStructureType sType)
      |                   ^
      |                     _Nonnull
/data/data/com.termux/files/home/ExynosTools-LSFG/external/VulkanMemoryAllocator/include/vk_mem_alloc.h:4005:37: warning: pointer is missing a nullability type specifier (_Nonnull, _Nullable, or _Null_unspecified) [-Wnullability-completeness]
 4005 | inline bool VmaStrIsEmpty(const char* pStr)
      |                                     ^
/data/data/com.termux/files/home/ExynosTools-LSFG/external/VulkanMemoryAllocator/include/vk_mem_alloc.h:4005:37: note: insert '_Nullable' if the pointer may be null
 4005 | inline bool VmaStrIsEmpty(const char* pStr)
      |                                     ^
      |                                       _Nullable
/data/data/com.termux/files/home/ExynosTools-LSFG/external/VulkanMemoryAllocator/include/vk_mem_alloc.h:4005:37: note: insert '_Nonnull' if the pointer should never be null
 4005 | inline bool VmaStrIsEmpty(const char* pStr)
      |                                     ^
      |                                       _Nonnull
/data/data/com.termux/files/home/ExynosTools-LSFG/external/VulkanMemoryAllocator/include/vk_mem_alloc.h:4072:29: warning: pointer is missing a nullability type specifier (_Nonnull, _Nullable, or _Null_unspecified) [-Wnullability-completeness]
 4072 | void VmaWriteMagicValue(void* pData, VkDeviceSize offset)
      |                             ^
/data/data/com.termux/files/home/ExynosTools-LSFG/external/VulkanMemoryAllocator/include/vk_mem_alloc.h:4072:29: note: insert '_Nullable' if the pointer may be null
 4072 | void VmaWriteMagicValue(void* pData, VkDeviceSize offset)
      |                             ^
      |                               _Nullable
/data/data/com.termux/files/home/ExynosTools-LSFG/external/VulkanMemoryAllocator/include/vk_mem_alloc.h:4072:29: note: insert '_Nonnull' if the pointer should never be null
 4072 | void VmaWriteMagicValue(void* pData, VkDeviceSize offset)
      |                             ^
      |                               _Nonnull
/data/data/com.termux/files/home/ExynosTools-LSFG/external/VulkanMemoryAllocator/include/vk_mem_alloc.h:4086:38: warning: pointer is missing a nullability type specifier (_Nonnull, _Nullable, or _Null_unspecified) [-Wnullability-completeness]
 4086 | bool VmaValidateMagicValue(const void* pData, VkDeviceSize offset)
      |                                      ^
/data/data/com.termux/files/home/ExynosTools-LSFG/external/VulkanMemoryAllocator/include/vk_mem_alloc.h:4086:38: note: insert '_Nullable' if the pointer may be null
 4086 | bool VmaValidateMagicValue(const void* pData, VkDeviceSize offset)
      |                                      ^
      |                                        _Nullable
/data/data/com.termux/files/home/ExynosTools-LSFG/external/VulkanMemoryAllocator/include/vk_mem_alloc.h:4086:38: note: insert '_Nonnull' if the pointer should never be null
 4086 | bool VmaValidateMagicValue(const void* pData, VkDeviceSize offset)
      |                                      ^
      |                                        _Nonnull
/data/data/com.termux/files/home/ExynosTools-LSFG/external/VulkanMemoryAllocator/include/vk_mem_alloc.h:4163:53: warning: pointer is missing a nullability type specifier (_Nonnull, _Nullable, or _Null_unspecified) [-Wnullability-completeness]
 4163 | bool VmaValidatePointerArray(uint32_t count, const T* arr)
      |                                                     ^
/data/data/com.termux/files/home/ExynosTools-LSFG/external/VulkanMemoryAllocator/include/vk_mem_alloc.h:4163:53: note: insert '_Nullable' if the pointer may be null
 4163 | bool VmaValidatePointerArray(uint32_t count, const T* arr)
      |                                                     ^
      |                                                       _Nullable
/data/data/com.termux/files/home/ExynosTools-LSFG/external/VulkanMemoryAllocator/include/vk_mem_alloc.h:4163:53: note: insert '_Nonnull' if the pointer should never be null
 4163 | bool VmaValidatePointerArray(uint32_t count, const T* arr)
      |                                                     ^
      |                                                       _Nonnull
/data/data/com.termux/files/home/ExynosTools-LSFG/external/VulkanMemoryAllocator/include/vk_mem_alloc.h:4184:41: warning: pointer is missing a nullability type specifier (_Nonnull, _Nullable, or _Null_unspecified) [-Wnullability-completeness]
 4184 | inline void VmaPnextChainPushFront(MainT* mainStruct, NewT* newStruct)
      |                                         ^
/data/data/com.termux/files/home/ExynosTools-LSFG/external/VulkanMemoryAllocator/include/vk_mem_alloc.h:4184:41: note: insert '_Nullable' if the pointer may be null
 4184 | inline void VmaPnextChainPushFront(MainT* mainStruct, NewT* newStruct)
      |                                         ^
      |                                           _Nullable
/data/data/com.termux/files/home/ExynosTools-LSFG/external/VulkanMemoryAllocator/include/vk_mem_alloc.h:4184:41: note: insert '_Nonnull' if the pointer should never be null
 4184 | inline void VmaPnextChainPushFront(MainT* mainStruct, NewT* newStruct)
      |                                         ^
      |                                           _Nonnull
/data/data/com.termux/files/home/ExynosTools-LSFG/external/VulkanMemoryAllocator/include/vk_mem_alloc.h:4184:59: warning: pointer is missing a nullability type specifier (_Nonnull, _Nullable, or _Null_unspecified) [-Wnullability-completeness]
 4184 | inline void VmaPnextChainPushFront(MainT* mainStruct, NewT* newStruct)
      |                                                           ^
/data/data/com.termux/files/home/ExynosTools-LSFG/external/VulkanMemoryAllocator/include/vk_mem_alloc.h:4184:59: note: insert '_Nullable' if the pointer may be null
 4184 | inline void VmaPnextChainPushFront(MainT* mainStruct, NewT* newStruct)
      |                                                           ^
      |                                                             _Nullable
/data/data/com.termux/files/home/ExynosTools-LSFG/external/VulkanMemoryAllocator/include/vk_mem_alloc.h:4184:59: note: insert '_Nonnull' if the pointer should never be null
 4184 | inline void VmaPnextChainPushFront(MainT* mainStruct, NewT* newStruct)
      |                                                           ^
      |                                                             _Nonnull
/data/data/com.termux/files/home/ExynosTools-LSFG/external/VulkanMemoryAllocator/include/vk_mem_alloc.h:4352:51: warning: pointer is missing a nullability type specifier (_Nonnull, _Nullable, or _Null_unspecified) [-Wnullability-completeness]
 4352 | inline void* VmaMalloc(const VkAllocationCallbacks* pAllocationCallbacks, size_t size, size_t alignment)
      |                                                   ^
/data/data/com.termux/files/home/ExynosTools-LSFG/external/VulkanMemoryAllocator/include/vk_mem_alloc.h:4352:51: note: insert '_Nullable' if the pointer may be null
 4352 | inline void* VmaMalloc(const VkAllocationCallbacks* pAllocationCallbacks, size_t size, size_t alignment)
      |                                                   ^
      |                                                     _Nullable
/data/data/com.termux/files/home/ExynosTools-LSFG/external/VulkanMemoryAllocator/include/vk_mem_alloc.h:4352:51: note: insert '_Nonnull' if the pointer should never be null
 4352 | inline void* VmaMalloc(const VkAllocationCallbacks* pAllocationCallbacks, size_t size, size_t alignment)
      |                                                   ^
      |                                                     _Nonnull
/data/data/com.termux/files/home/ExynosTools-LSFG/external/VulkanMemoryAllocator/include/vk_mem_alloc.h:4352:12: warning: pointer is missing a nullability type specifier (_Nonnull, _Nullable, or _Null_unspecified) [-Wnullability-completeness]
 4352 | inline void* VmaMalloc(const VkAllocationCallbacks* pAllocationCallbacks, size_t size, size_t alignment)
      |            ^
/data/data/com.termux/files/home/ExynosTools-LSFG/external/VulkanMemoryAllocator/include/vk_mem_alloc.h:4352:12: note: insert '_Nullable' if the pointer may be null
 4352 | inline void* VmaMalloc(const VkAllocationCallbacks* pAllocationCallbacks, size_t size, size_t alignment)
      |            ^
      |              _Nullable
/data/data/com.termux/files/home/ExynosTools-LSFG/external/VulkanMemoryAllocator/include/vk_mem_alloc.h:4352:12: note: insert '_Nonnull' if the pointer should never be null
 4352 | inline void* VmaMalloc(const VkAllocationCallbacks* pAllocationCallbacks, size_t size, size_t alignment)
      |            ^
      |              _Nonnull
/data/data/com.termux/files/home/ExynosTools-LSFG/external/VulkanMemoryAllocator/include/vk_mem_alloc.h:4372:48: warning: pointer is missing a nullability type specifier (_Nonnull, _Nullable, or _Null_unspecified) [-Wnullability-completeness]
 4372 | inline void VmaFree(const VkAllocationCallbacks* pAllocationCallbacks, void* ptr)
      |                                                ^
/data/data/com.termux/files/home/ExynosTools-LSFG/external/VulkanMemoryAllocator/include/vk_mem_alloc.h:4372:48: note: insert '_Nullable' if the pointer may be null
 4372 | inline void VmaFree(const VkAllocationCallbacks* pAllocationCallbacks, void* ptr)
      |                                                ^
      |                                                  _Nullable
/data/data/com.termux/files/home/ExynosTools-LSFG/external/VulkanMemoryAllocator/include/vk_mem_alloc.h:4372:48: note: insert '_Nonnull' if the pointer should never be null
 4372 | inline void VmaFree(const VkAllocationCallbacks* pAllocationCallbacks, void* ptr)
      |                                                ^
      |                                                  _Nonnull
/data/data/com.termux/files/home/ExynosTools-LSFG/external/VulkanMemoryAllocator/include/vk_mem_alloc.h:4372:76: warning: pointer is missing a nullability type specifier (_Nonnull, _Nullable, or _Null_unspecified) [-Wnullability-completeness]
 4372 | inline void VmaFree(const VkAllocationCallbacks* pAllocationCallbacks, void* ptr)
      |                                                                            ^
/data/data/com.termux/files/home/ExynosTools-LSFG/external/VulkanMemoryAllocator/include/vk_mem_alloc.h:4372:76: note: insert '_Nullable' if the pointer may be null
 4372 | inline void VmaFree(const VkAllocationCallbacks* pAllocationCallbacks, void* ptr)
      |                                                                            ^
      |                                                                              _Nullable
/data/data/com.termux/files/home/ExynosTools-LSFG/external/VulkanMemoryAllocator/include/vk_mem_alloc.h:4372:76: note: insert '_Nonnull' if the pointer should never be null
 4372 | inline void VmaFree(const VkAllocationCallbacks* pAllocationCallbacks, void* ptr)
      |                                                                            ^
      |                                                                              _Nonnull
/data/data/com.termux/files/home/ExynosTools-LSFG/external/VulkanMemoryAllocator/include/vk_mem_alloc.h:4386:43: warning: pointer is missing a nullability type specifier (_Nonnull, _Nullable, or _Null_unspecified) [-Wnullability-completeness]
 4386 | T* VmaAllocate(const VkAllocationCallbacks* pAllocationCallbacks)
      |                                           ^
/data/data/com.termux/files/home/ExynosTools-LSFG/external/VulkanMemoryAllocator/include/vk_mem_alloc.h:4386:43: note: insert '_Nullable' if the pointer may be null
 4386 | T* VmaAllocate(const VkAllocationCallbacks* pAllocationCallbacks)
      |                                           ^
      |                                             _Nullable
/data/data/com.termux/files/home/ExynosTools-LSFG/external/VulkanMemoryAllocator/include/vk_mem_alloc.h:4386:43: note: insert '_Nonnull' if the pointer should never be null
 4386 | T* VmaAllocate(const VkAllocationCallbacks* pAllocationCallbacks)
      |                                           ^
      |                                             _Nonnull
/data/data/com.termux/files/home/ExynosTools-LSFG/external/VulkanMemoryAllocator/include/vk_mem_alloc.h:4386:2: warning: pointer is missing a nullability type specifier (_Nonnull, _Nullable, or _Null_unspecified) [-Wnullability-completeness]
 4386 | T* VmaAllocate(const VkAllocationCallbacks* pAllocationCallbacks)
      |  ^
/data/data/com.termux/files/home/ExynosTools-LSFG/external/VulkanMemoryAllocator/include/vk_mem_alloc.h:4386:2: note: insert '_Nullable' if the pointer may be null
 4386 | T* VmaAllocate(const VkAllocationCallbacks* pAllocationCallbacks)
      |  ^
      |    _Nullable
/data/data/com.termux/files/home/ExynosTools-LSFG/external/VulkanMemoryAllocator/include/vk_mem_alloc.h:4386:2: note: insert '_Nonnull' if the pointer should never be null
 4386 | T* VmaAllocate(const VkAllocationCallbacks* pAllocationCallbacks)
      |  ^
      |    _Nonnull
/data/data/com.termux/files/home/ExynosTools-LSFG/external/VulkanMemoryAllocator/include/vk_mem_alloc.h:4392:48: warning: pointer is missing a nullability type specifier (_Nonnull, _Nullable, or _Null_unspecified) [-Wnullability-completeness]
 4392 | T* VmaAllocateArray(const VkAllocationCallbacks* pAllocationCallbacks, size_t count)
      |                                                ^
/data/data/com.termux/files/home/ExynosTools-LSFG/external/VulkanMemoryAllocator/include/vk_mem_alloc.h:4392:48: note: insert '_Nullable' if the pointer may be null
 4392 | T* VmaAllocateArray(const VkAllocationCallbacks* pAllocationCallbacks, size_t count)
      |                                                ^
      |                                                  _Nullable
/data/data/com.termux/files/home/ExynosTools-LSFG/external/VulkanMemoryAllocator/include/vk_mem_alloc.h:4392:48: note: insert '_Nonnull' if the pointer should never be null
 4392 | T* VmaAllocateArray(const VkAllocationCallbacks* pAllocationCallbacks, size_t count)
      |                                                ^
      |                                                  _Nonnull
/data/data/com.termux/files/home/ExynosTools-LSFG/external/VulkanMemoryAllocator/include/vk_mem_alloc.h:4392:2: warning: pointer is missing a nullability type specifier (_Nonnull, _Nullable, or _Null_unspecified) [-Wnullability-completeness]
 4392 | T* VmaAllocateArray(const VkAllocationCallbacks* pAllocationCallbacks, size_t count)
      |  ^
/data/data/com.termux/files/home/ExynosTools-LSFG/external/VulkanMemoryAllocator/include/vk_mem_alloc.h:4392:2: note: insert '_Nullable' if the pointer may be null
 4392 | T* VmaAllocateArray(const VkAllocationCallbacks* pAllocationCallbacks, size_t count)
      |  ^
      |    _Nullable
/data/data/com.termux/files/home/ExynosTools-LSFG/external/VulkanMemoryAllocator/include/vk_mem_alloc.h:4392:2: note: insert '_Nonnull' if the pointer should never be null
 4392 | T* VmaAllocateArray(const VkAllocationCallbacks* pAllocationCallbacks, size_t count)
      |  ^
      |    _Nonnull
/data/data/com.termux/files/home/ExynosTools-LSFG/external/VulkanMemoryAllocator/include/vk_mem_alloc.h:4402:44: warning: pointer is missing a nullability type specifier (_Nonnull, _Nullable, or _Null_unspecified) [-Wnullability-completeness]
 4402 | void vma_delete(const VkAllocationCallbacks* pAllocationCallbacks, T* ptr)
      |                                            ^
/data/data/com.termux/files/home/ExynosTools-LSFG/external/VulkanMemoryAllocator/include/vk_mem_alloc.h:4402:44: note: insert '_Nullable' if the pointer may be null
 4402 | void vma_delete(const VkAllocationCallbacks* pAllocationCallbacks, T* ptr)
      |                                            ^
      |                                              _Nullable
/data/data/com.termux/files/home/ExynosTools-LSFG/external/VulkanMemoryAllocator/include/vk_mem_alloc.h:4402:44: note: insert '_Nonnull' if the pointer should never be null
 4402 | void vma_delete(const VkAllocationCallbacks* pAllocationCallbacks, T* ptr)
      |                                            ^
      |                                              _Nonnull
/data/data/com.termux/files/home/ExynosTools-LSFG/external/VulkanMemoryAllocator/include/vk_mem_alloc.h:4402:69: warning: pointer is missing a nullability type specifier (_Nonnull, _Nullable, or _Null_unspecified) [-Wnullability-completeness]
 4402 | void vma_delete(const VkAllocationCallbacks* pAllocationCallbacks, T* ptr)
      |                                                                     ^
/data/data/com.termux/files/home/ExynosTools-LSFG/external/VulkanMemoryAllocator/include/vk_mem_alloc.h:4402:69: note: insert '_Nullable' if the pointer may be null
 4402 | void vma_delete(const VkAllocationCallbacks* pAllocationCallbacks, T* ptr)
      |                                                                     ^
      |                                                                       _Nullable
/data/data/com.termux/files/home/ExynosTools-LSFG/external/VulkanMemoryAllocator/include/vk_mem_alloc.h:4402:69: note: insert '_Nonnull' if the pointer should never be null
 4402 | void vma_delete(const VkAllocationCallbacks* pAllocationCallbacks, T* ptr)
      |                                                                     ^
      |                                                                       _Nonnull
/data/data/com.termux/files/home/ExynosTools-LSFG/external/VulkanMemoryAllocator/include/vk_mem_alloc.h:4409:50: warning: pointer is missing a nullability type specifier (_Nonnull, _Nullable, or _Null_unspecified) [-Wnullability-completeness]
 4409 | void vma_delete_array(const VkAllocationCallbacks* pAllocationCallbacks, T* ptr, size_t count)
      |                                                  ^
/data/data/com.termux/files/home/ExynosTools-LSFG/external/VulkanMemoryAllocator/include/vk_mem_alloc.h:4409:50: note: insert '_Nullable' if the pointer may be null
 4409 | void vma_delete_array(const VkAllocationCallbacks* pAllocationCallbacks, T* ptr, size_t count)
      |                                                  ^
      |                                                    _Nullable
/data/data/com.termux/files/home/ExynosTools-LSFG/external/VulkanMemoryAllocator/include/vk_mem_alloc.h:4409:50: note: insert '_Nonnull' if the pointer should never be null
 4409 | void vma_delete_array(const VkAllocationCallbacks* pAllocationCallbacks, T* ptr, size_t count)
      |                                                  ^
      |                                                    _Nonnull
/data/data/com.termux/files/home/ExynosTools-LSFG/external/VulkanMemoryAllocator/include/vk_mem_alloc.h:4409:75: warning: pointer is missing a nullability type specifier (_Nonnull, _Nullable, or _Null_unspecified) [-Wnullability-completeness]
 4409 | void vma_delete_array(const VkAllocationCallbacks* pAllocationCallbacks, T* ptr, size_t count)
      |                                                                           ^
/data/data/com.termux/files/home/ExynosTools-LSFG/external/VulkanMemoryAllocator/include/vk_mem_alloc.h:4409:75: note: insert '_Nullable' if the pointer may be null
 4409 | void vma_delete_array(const VkAllocationCallbacks* pAllocationCallbacks, T* ptr, size_t count)
      |                                                                           ^
      |                                                                             _Nullable
/data/data/com.termux/files/home/ExynosTools-LSFG/external/VulkanMemoryAllocator/include/vk_mem_alloc.h:4409:75: note: insert '_Nonnull' if the pointer should never be null
 4409 | void vma_delete_array(const VkAllocationCallbacks* pAllocationCallbacks, T* ptr, size_t count)
      |                                                                           ^
      |                                                                             _Nonnull
/data/data/com.termux/files/home/ExynosTools-LSFG/external/VulkanMemoryAllocator/include/vk_mem_alloc.h:4421:54: warning: pointer is missing a nullability type specifier (_Nonnull, _Nullable, or _Null_unspecified) [-Wnullability-completeness]
 4421 | char* VmaCreateStringCopy(const VkAllocationCallbacks* allocs, const char* srcStr)
      |                                                      ^
/data/data/com.termux/files/home/ExynosTools-LSFG/external/VulkanMemoryAllocator/include/vk_mem_alloc.h:4421:54: note: insert '_Nullable' if the pointer may be null
 4421 | char* VmaCreateStringCopy(const VkAllocationCallbacks* allocs, const char* srcStr)
      |                                                      ^
      |                                                        _Nullable
/data/data/com.termux/files/home/ExynosTools-LSFG/external/VulkanMemoryAllocator/include/vk_mem_alloc.h:4421:54: note: insert '_Nonnull' if the pointer should never be null
 4421 | char* VmaCreateStringCopy(const VkAllocationCallbacks* allocs, const char* srcStr)
      |                                                      ^
      |                                                        _Nonnull
/data/data/com.termux/files/home/ExynosTools-LSFG/external/VulkanMemoryAllocator/include/vk_mem_alloc.h:4421:74: warning: pointer is missing a nullability type specifier (_Nonnull, _Nullable, or _Null_unspecified) [-Wnullability-completeness]
 4421 | char* VmaCreateStringCopy(const VkAllocationCallbacks* allocs, const char* srcStr)
      |                                                                          ^
/data/data/com.termux/files/home/ExynosTools-LSFG/external/VulkanMemoryAllocator/include/vk_mem_alloc.h:4421:74: note: insert '_Nullable' if the pointer may be null
 4421 | char* VmaCreateStringCopy(const VkAllocationCallbacks* allocs, const char* srcStr)
      |                                                                          ^
      |                                                                            _Nullable
/data/data/com.termux/files/home/ExynosTools-LSFG/external/VulkanMemoryAllocator/include/vk_mem_alloc.h:4421:74: note: insert '_Nonnull' if the pointer should never be null
 4421 | char* VmaCreateStringCopy(const VkAllocationCallbacks* allocs, const char* srcStr)
      |                                                                          ^
      |                                                                            _Nonnull
/data/data/com.termux/files/home/ExynosTools-LSFG/external/VulkanMemoryAllocator/include/vk_mem_alloc.h:4421:5: warning: pointer is missing a nullability type specifier (_Nonnull, _Nullable, or _Null_unspecified) [-Wnullability-completeness]
 4421 | char* VmaCreateStringCopy(const VkAllocationCallbacks* allocs, const char* srcStr)
      |     ^
/data/data/com.termux/files/home/ExynosTools-LSFG/external/VulkanMemoryAllocator/include/vk_mem_alloc.h:4421:5: note: insert '_Nullable' if the pointer may be null
 4421 | char* VmaCreateStringCopy(const VkAllocationCallbacks* allocs, const char* srcStr)
      |     ^
      |       _Nullable
/data/data/com.termux/files/home/ExynosTools-LSFG/external/VulkanMemoryAllocator/include/vk_mem_alloc.h:4421:5: note: insert '_Nonnull' if the pointer should never be null
 4421 | char* VmaCreateStringCopy(const VkAllocationCallbacks* allocs, const char* srcStr)
      |     ^
      |       _Nonnull
/data/data/com.termux/files/home/ExynosTools-LSFG/external/VulkanMemoryAllocator/include/vk_mem_alloc.h:4434:54: warning: pointer is missing a nullability type specifier (_Nonnull, _Nullable, or _Null_unspecified) [-Wnullability-completeness]
 4434 | char* VmaCreateStringCopy(const VkAllocationCallbacks* allocs, const char* srcStr, size_t strLen)
      |                                                      ^
/data/data/com.termux/files/home/ExynosTools-LSFG/external/VulkanMemoryAllocator/include/vk_mem_alloc.h:4434:54: note: insert '_Nullable' if the pointer may be null
 4434 | char* VmaCreateStringCopy(const VkAllocationCallbacks* allocs, const char* srcStr, size_t strLen)
      |                                                      ^
      |                                                        _Nullable
/data/data/com.termux/files/home/ExynosTools-LSFG/external/VulkanMemoryAllocator/include/vk_mem_alloc.h:4434:54: note: insert '_Nonnull' if the pointer should never be null
 4434 | char* VmaCreateStringCopy(const VkAllocationCallbacks* allocs, const char* srcStr, size_t strLen)
      |                                                      ^
      |                                                        _Nonnull
/data/data/com.termux/files/home/ExynosTools-LSFG/external/VulkanMemoryAllocator/include/vk_mem_alloc.h:4434:74: warning: pointer is missing a nullability type specifier (_Nonnull, _Nullable, or _Null_unspecified) [-Wnullability-completeness]
 4434 | char* VmaCreateStringCopy(const VkAllocationCallbacks* allocs, const char* srcStr, size_t strLen)
      |                                                                          ^
/data/data/com.termux/files/home/ExynosTools-LSFG/external/VulkanMemoryAllocator/include/vk_mem_alloc.h:4434:74: note: insert '_Nullable' if the pointer may be null
 4434 | char* VmaCreateStringCopy(const VkAllocationCallbacks* allocs, const char* srcStr, size_t strLen)
      |                                                                          ^
      |                                                                            _Nullable
/data/data/com.termux/files/home/ExynosTools-LSFG/external/VulkanMemoryAllocator/include/vk_mem_alloc.h:4434:74: note: insert '_Nonnull' if the pointer should never be null
 4434 | char* VmaCreateStringCopy(const VkAllocationCallbacks* allocs, const char* srcStr, size_t strLen)
      |                                                                          ^
      |                                                                            _Nonnull
/data/data/com.termux/files/home/ExynosTools-LSFG/external/VulkanMemoryAllocator/include/vk_mem_alloc.h:4434:5: warning: pointer is missing a nullability type specifier (_Nonnull, _Nullable, or _Null_unspecified) [-Wnullability-completeness]
 4434 | char* VmaCreateStringCopy(const VkAllocationCallbacks* allocs, const char* srcStr, size_t strLen)
      |     ^
/data/data/com.termux/files/home/ExynosTools-LSFG/external/VulkanMemoryAllocator/include/vk_mem_alloc.h:4434:5: note: insert '_Nullable' if the pointer may be null
 4434 | char* VmaCreateStringCopy(const VkAllocationCallbacks* allocs, const char* srcStr, size_t strLen)
      |     ^
      |       _Nullable
/data/data/com.termux/files/home/ExynosTools-LSFG/external/VulkanMemoryAllocator/include/vk_mem_alloc.h:4434:5: note: insert '_Nonnull' if the pointer should never be null
 4434 | char* VmaCreateStringCopy(const VkAllocationCallbacks* allocs, const char* srcStr, size_t strLen)
      |     ^
      |       _Nonnull
/data/data/com.termux/files/home/ExynosTools-LSFG/external/VulkanMemoryAllocator/include/vk_mem_alloc.h:4447:47: warning: pointer is missing a nullability type specifier (_Nonnull, _Nullable, or _Null_unspecified) [-Wnullability-completeness]
 4447 | void VmaFreeString(const VkAllocationCallbacks* allocs, char* str)
      |                                               ^
/data/data/com.termux/files/home/ExynosTools-LSFG/external/VulkanMemoryAllocator/include/vk_mem_alloc.h:4447:47: note: insert '_Nullable' if the pointer may be null
 4447 | void VmaFreeString(const VkAllocationCallbacks* allocs, char* str)
      |                                               ^
      |                                                 _Nullable
/data/data/com.termux/files/home/ExynosTools-LSFG/external/VulkanMemoryAllocator/include/vk_mem_alloc.h:4447:47: note: insert '_Nonnull' if the pointer should never be null
 4447 | void VmaFreeString(const VkAllocationCallbacks* allocs, char* str)
      |                                               ^
      |                                                 _Nonnull
/data/data/com.termux/files/home/ExynosTools-LSFG/external/VulkanMemoryAllocator/include/vk_mem_alloc.h:4447:61: warning: pointer is missing a nullability type specifier (_Nonnull, _Nullable, or _Null_unspecified) [-Wnullability-completeness]
 4447 | void VmaFreeString(const VkAllocationCallbacks* allocs, char* str)
      |                                                             ^
/data/data/com.termux/files/home/ExynosTools-LSFG/external/VulkanMemoryAllocator/include/vk_mem_alloc.h:4447:61: note: insert '_Nullable' if the pointer may be null
 4447 | void VmaFreeString(const VkAllocationCallbacks* allocs, char* str)
      |                                                             ^
      |                                                               _Nullable
/data/data/com.termux/files/home/ExynosTools-LSFG/external/VulkanMemoryAllocator/include/vk_mem_alloc.h:4447:61: note: insert '_Nonnull' if the pointer should never be null
 4447 | void VmaFreeString(const VkAllocationCallbacks* allocs, char* str)
      |                                                             ^
      |                                                               _Nonnull
/data/data/com.termux/files/home/ExynosTools-LSFG/external/VulkanMemoryAllocator/include/vk_mem_alloc.h:4564:14: warning: pointer is missing a nullability type specifier (_Nonnull, _Nullable, or _Null_unspecified) [-Wnullability-completeness]
 4564 |     VMA_MUTEX* m_pMutex;
      |              ^
/data/data/com.termux/files/home/ExynosTools-LSFG/external/VulkanMemoryAllocator/include/vk_mem_alloc.h:4564:14: note: insert '_Nullable' if the pointer may be null
 4564 |     VMA_MUTEX* m_pMutex;
      |              ^
      |                _Nullable
/data/data/com.termux/files/home/ExynosTools-LSFG/external/VulkanMemoryAllocator/include/vk_mem_alloc.h:4564:14: note: insert '_Nonnull' if the pointer should never be null
 4564 |     VMA_MUTEX* m_pMutex;
      |              ^
      |                _Nonnull
/data/data/com.termux/files/home/ExynosTools-LSFG/external/VulkanMemoryAllocator/include/vk_mem_alloc.h:4580:17: warning: pointer is missing a nullability type specifier (_Nonnull, _Nullable, or _Null_unspecified) [-Wnullability-completeness]
 4580 |     VMA_RW_MUTEX* m_pMutex;
      |                 ^
/data/data/com.termux/files/home/ExynosTools-LSFG/external/VulkanMemoryAllocator/include/vk_mem_alloc.h:4580:17: note: insert '_Nullable' if the pointer may be null
 4580 |     VMA_RW_MUTEX* m_pMutex;
      |                 ^
      |                   _Nullable
/data/data/com.termux/files/home/ExynosTools-LSFG/external/VulkanMemoryAllocator/include/vk_mem_alloc.h:4580:17: note: insert '_Nonnull' if the pointer should never be null
 4580 |     VMA_RW_MUTEX* m_pMutex;
      |                 ^
      |                   _Nonnull
/data/data/com.termux/files/home/ExynosTools-LSFG/external/VulkanMemoryAllocator/include/vk_mem_alloc.h:4596:17: warning: pointer is missing a nullability type specifier (_Nonnull, _Nullable, or _Null_unspecified) [-Wnullability-completeness]
 4596 |     VMA_RW_MUTEX* m_pMutex;
      |                 ^
/data/data/com.termux/files/home/ExynosTools-LSFG/external/VulkanMemoryAllocator/include/vk_mem_alloc.h:4596:17: note: insert '_Nullable' if the pointer may be null
 4596 |     VMA_RW_MUTEX* m_pMutex;
      |                 ^
      |                   _Nullable
/data/data/com.termux/files/home/ExynosTools-LSFG/external/VulkanMemoryAllocator/include/vk_mem_alloc.h:4596:17: note: insert '_Nonnull' if the pointer should never be null
 4596 |     VMA_RW_MUTEX* m_pMutex;
      |                 ^
      |                   _Nonnull
/data/data/com.termux/files/home/ExynosTools-LSFG/external/VulkanMemoryAllocator/include/vk_mem_alloc.h:4622:24: warning: pointer is missing a nullability type specifier (_Nonnull, _Nullable, or _Null_unspecified) [-Wnullability-completeness]
 4622 |     T Increment(AtomicT* atomic)
      |                        ^
/data/data/com.termux/files/home/ExynosTools-LSFG/external/VulkanMemoryAllocator/include/vk_mem_alloc.h:4622:24: note: insert '_Nullable' if the pointer may be null
 4622 |     T Increment(AtomicT* atomic)
      |                        ^
      |                          _Nullable
/data/data/com.termux/files/home/ExynosTools-LSFG/external/VulkanMemoryAllocator/include/vk_mem_alloc.h:4622:24: note: insert '_Nonnull' if the pointer should never be null
 4622 |     T Increment(AtomicT* atomic)
      |                        ^
      |                          _Nonnull
/data/data/com.termux/files/home/ExynosTools-LSFG/external/VulkanMemoryAllocator/include/vk_mem_alloc.h:4629:12: warning: pointer is missing a nullability type specifier (_Nonnull, _Nullable, or _Null_unspecified) [-Wnullability-completeness]
 4629 |     AtomicT* m_Atomic = VMA_NULL;
      |            ^
/data/data/com.termux/files/home/ExynosTools-LSFG/external/VulkanMemoryAllocator/include/vk_mem_alloc.h:4629:12: note: insert '_Nullable' if the pointer may be null
 4629 |     AtomicT* m_Atomic = VMA_NULL;
      |            ^
      |              _Nullable
/data/data/com.termux/files/home/ExynosTools-LSFG/external/VulkanMemoryAllocator/include/vk_mem_alloc.h:4629:12: note: insert '_Nonnull' if the pointer should never be null
 4629 |     AtomicT* m_Atomic = VMA_NULL;
      |            ^
      |              _Nonnull
/data/data/com.termux/files/home/ExynosTools-LSFG/external/VulkanMemoryAllocator/include/vk_mem_alloc.h:4638:32: warning: pointer is missing a nullability type specifier (_Nonnull, _Nullable, or _Null_unspecified) [-Wnullability-completeness]
 4638 |     const VkAllocationCallbacks* const m_pCallbacks;
      |                                ^
/data/data/com.termux/files/home/ExynosTools-LSFG/external/VulkanMemoryAllocator/include/vk_mem_alloc.h:4638:32: note: insert '_Nullable' if the pointer may be null
 4638 |     const VkAllocationCallbacks* const m_pCallbacks;
      |                                ^
      |                                  _Nullable
/data/data/com.termux/files/home/ExynosTools-LSFG/external/VulkanMemoryAllocator/include/vk_mem_alloc.h:4638:32: note: insert '_Nonnull' if the pointer should never be null
 4638 |     const VkAllocationCallbacks* const m_pCallbacks;
      |                                ^
      |                                  _Nonnull
/data/data/com.termux/files/home/ExynosTools-LSFG/external/VulkanMemoryAllocator/include/vk_mem_alloc.h:4641:57: warning: pointer is missing a nullability type specifier (_Nonnull, _Nullable, or _Null_unspecified) [-Wnullability-completeness]
 4641 |     explicit VmaStlAllocator(const VkAllocationCallbacks* pCallbacks) : m_pCallbacks(pCallbacks) {}
      |                                                         ^
/data/data/com.termux/files/home/ExynosTools-LSFG/external/VulkanMemoryAllocator/include/vk_mem_alloc.h:4641:57: note: insert '_Nullable' if the pointer may be null
 4641 |     explicit VmaStlAllocator(const VkAllocationCallbacks* pCallbacks) : m_pCallbacks(pCallbacks) {}
      |                                                         ^
      |                                                           _Nullable
/data/data/com.termux/files/home/ExynosTools-LSFG/external/VulkanMemoryAllocator/include/vk_mem_alloc.h:4641:57: note: insert '_Nonnull' if the pointer should never be null
 4641 |     explicit VmaStlAllocator(const VkAllocationCallbacks* pCallbacks) : m_pCallbacks(pCallbacks) {}
      |                                                         ^
      |                                                           _Nonnull
/data/data/com.termux/files/home/ExynosTools-LSFG/external/VulkanMemoryAllocator/include/vk_mem_alloc.h:4647:6: warning: pointer is missing a nullability type specifier (_Nonnull, _Nullable, or _Null_unspecified) [-Wnullability-completeness]
 4647 |     T* allocate(size_t n);
      |      ^
/data/data/com.termux/files/home/ExynosTools-LSFG/external/VulkanMemoryAllocator/include/vk_mem_alloc.h:4647:6: note: insert '_Nullable' if the pointer may be null
 4647 |     T* allocate(size_t n);
      |      ^
      |        _Nullable
/data/data/com.termux/files/home/ExynosTools-LSFG/external/VulkanMemoryAllocator/include/vk_mem_alloc.h:4647:6: note: insert '_Nonnull' if the pointer should never be null
 4647 |     T* allocate(size_t n);
      |      ^
      |        _Nonnull
/data/data/com.termux/files/home/ExynosTools-LSFG/external/VulkanMemoryAllocator/include/vk_mem_alloc.h:4648:22: warning: pointer is missing a nullability type specifier (_Nonnull, _Nullable, or _Null_unspecified) [-Wnullability-completeness]
 4648 |     void deallocate(T* p, size_t n);
      |                      ^
/data/data/com.termux/files/home/ExynosTools-LSFG/external/VulkanMemoryAllocator/include/vk_mem_alloc.h:4648:22: note: insert '_Nullable' if the pointer may be null
 4648 |     void deallocate(T* p, size_t n);
      |                      ^
      |                        _Nullable
/data/data/com.termux/files/home/ExynosTools-LSFG/external/VulkanMemoryAllocator/include/vk_mem_alloc.h:4648:22: note: insert '_Nonnull' if the pointer should never be null
 4648 |     void deallocate(T* p, size_t n);
      |                      ^
      |                        _Nonnull
/data/data/com.termux/files/home/ExynosTools-LSFG/external/VulkanMemoryAllocator/include/vk_mem_alloc.h:4663:2: warning: pointer is missing a nullability type specifier (_Nonnull, _Nullable, or _Null_unspecified) [-Wnullability-completeness]
 4663 | T* VmaStlAllocator<T>::allocate(size_t n) { return VmaAllocateArray<T>(m_pCallbacks, n); }
      |  ^
/data/data/com.termux/files/home/ExynosTools-LSFG/external/VulkanMemoryAllocator/include/vk_mem_alloc.h:4663:2: note: insert '_Nullable' if the pointer may be null
 4663 | T* VmaStlAllocator<T>::allocate(size_t n) { return VmaAllocateArray<T>(m_pCallbacks, n); }
      |  ^
      |    _Nullable
/data/data/com.termux/files/home/ExynosTools-LSFG/external/VulkanMemoryAllocator/include/vk_mem_alloc.h:4663:2: note: insert '_Nonnull' if the pointer should never be null
 4663 | T* VmaStlAllocator<T>::allocate(size_t n) { return VmaAllocateArray<T>(m_pCallbacks, n); }
      |  ^
      |    _Nonnull
/data/data/com.termux/files/home/ExynosTools-LSFG/external/VulkanMemoryAllocator/include/vk_mem_alloc.h:4666:38: warning: pointer is missing a nullability type specifier (_Nonnull, _Nullable, or _Null_unspecified) [-Wnullability-completeness]
 4666 | void VmaStlAllocator<T>::deallocate(T* p, size_t n) { VmaFree(m_pCallbacks, p); }
      |                                      ^
/data/data/com.termux/files/home/ExynosTools-LSFG/external/VulkanMemoryAllocator/include/vk_mem_alloc.h:4666:38: note: insert '_Nullable' if the pointer may be null
 4666 | void VmaStlAllocator<T>::deallocate(T* p, size_t n) { VmaFree(m_pCallbacks, p); }
      |                                      ^
      |                                        _Nullable
/data/data/com.termux/files/home/ExynosTools-LSFG/external/VulkanMemoryAllocator/include/vk_mem_alloc.h:4666:38: note: insert '_Nonnull' if the pointer should never be null
 4666 | void VmaStlAllocator<T>::deallocate(T* p, size_t n) { VmaFree(m_pCallbacks, p); }
      |                                      ^
      |                                        _Nonnull
/data/data/com.termux/files/home/ExynosTools-LSFG/external/VulkanMemoryAllocator/include/vk_mem_alloc.h:4692:6: warning: pointer is missing a nullability type specifier (_Nonnull, _Nullable, or _Null_unspecified) [-Wnullability-completeness]
 4692 |     T* data() { return m_pArray; }
      |      ^
/data/data/com.termux/files/home/ExynosTools-LSFG/external/VulkanMemoryAllocator/include/vk_mem_alloc.h:4692:6: note: insert '_Nullable' if the pointer may be null
 4692 |     T* data() { return m_pArray; }
      |      ^
      |        _Nullable
/data/data/com.termux/files/home/ExynosTools-LSFG/external/VulkanMemoryAllocator/include/vk_mem_alloc.h:4692:6: note: insert '_Nonnull' if the pointer should never be null
 4692 |     T* data() { return m_pArray; }
      |      ^
      |        _Nonnull
/data/data/com.termux/files/home/ExynosTools-LSFG/external/VulkanMemoryAllocator/include/vk_mem_alloc.h:4695:12: warning: pointer is missing a nullability type specifier (_Nonnull, _Nullable, or _Null_unspecified) [-Wnullability-completeness]
 4695 |     const T* data() const { return m_pArray; }
      |            ^
/data/data/com.termux/files/home/ExynosTools-LSFG/external/VulkanMemoryAllocator/include/vk_mem_alloc.h:4695:12: note: insert '_Nullable' if the pointer may be null
 4695 |     const T* data() const { return m_pArray; }
      |            ^
      |              _Nullable
/data/data/com.termux/files/home/ExynosTools-LSFG/external/VulkanMemoryAllocator/include/vk_mem_alloc.h:4695:12: note: insert '_Nonnull' if the pointer should never be null
 4695 |     const T* data() const { return m_pArray; }
      |            ^
      |              _Nonnull
/data/data/com.termux/files/home/ExynosTools-LSFG/external/VulkanMemoryAllocator/include/vk_mem_alloc.h:4699:5: warning: pointer is missing a nullability type specifier (_Nonnull, _Nullable, or _Null_unspecified) [-Wnullability-completeness]
 4699 |     iterator begin() { return m_pArray; }
      |     ^
/data/data/com.termux/files/home/ExynosTools-LSFG/external/VulkanMemoryAllocator/include/vk_mem_alloc.h:4699:5: note: insert '_Nullable' if the pointer may be null
 4699 |     iterator begin() { return m_pArray; }
      |     ^
      |              _Nullable
/data/data/com.termux/files/home/ExynosTools-LSFG/external/VulkanMemoryAllocator/include/vk_mem_alloc.h:4699:5: note: insert '_Nonnull' if the pointer should never be null
 4699 |     iterator begin() { return m_pArray; }
      |     ^
      |              _Nonnull
/data/data/com.termux/files/home/ExynosTools-LSFG/external/VulkanMemoryAllocator/include/vk_mem_alloc.h:4700:5: warning: pointer is missing a nullability type specifier (_Nonnull, _Nullable, or _Null_unspecified) [-Wnullability-completeness]
 4700 |     iterator end() { return m_pArray + m_Count; }
      |     ^
/data/data/com.termux/files/home/ExynosTools-LSFG/external/VulkanMemoryAllocator/include/vk_mem_alloc.h:4700:5: note: insert '_Nullable' if the pointer may be null
 4700 |     iterator end() { return m_pArray + m_Count; }
      |     ^
      |              _Nullable
/data/data/com.termux/files/home/ExynosTools-LSFG/external/VulkanMemoryAllocator/include/vk_mem_alloc.h:4700:5: note: insert '_Nonnull' if the pointer should never be null
 4700 |     iterator end() { return m_pArray + m_Count; }
      |     ^
      |              _Nonnull
/data/data/com.termux/files/home/ExynosTools-LSFG/external/VulkanMemoryAllocator/include/vk_mem_alloc.h:4701:5: warning: pointer is missing a nullability type specifier (_Nonnull, _Nullable, or _Null_unspecified) [-Wnullability-completeness]
 4701 |     const_iterator cbegin() const { return m_pArray; }
      |     ^
/data/data/com.termux/files/home/ExynosTools-LSFG/external/VulkanMemoryAllocator/include/vk_mem_alloc.h:4701:5: note: insert '_Nullable' if the pointer may be null
 4701 |     const_iterator cbegin() const { return m_pArray; }
      |     ^
      |                    _Nullable
/data/data/com.termux/files/home/ExynosTools-LSFG/external/VulkanMemoryAllocator/include/vk_mem_alloc.h:4701:5: note: insert '_Nonnull' if the pointer should never be null
 4701 |     const_iterator cbegin() const { return m_pArray; }
      |     ^
      |                    _Nonnull
/data/data/com.termux/files/home/ExynosTools-LSFG/external/VulkanMemoryAllocator/include/vk_mem_alloc.h:4702:5: warning: pointer is missing a nullability type specifier (_Nonnull, _Nullable, or _Null_unspecified) [-Wnullability-completeness]
 4702 |     const_iterator cend() const { return m_pArray + m_Count; }
      |     ^
/data/data/com.termux/files/home/ExynosTools-LSFG/external/VulkanMemoryAllocator/include/vk_mem_alloc.h:4702:5: note: insert '_Nullable' if the pointer may be null
 4702 |     const_iterator cend() const { return m_pArray + m_Count; }
      |     ^
      |                    _Nullable
/data/data/com.termux/files/home/ExynosTools-LSFG/external/VulkanMemoryAllocator/include/vk_mem_alloc.h:4702:5: note: insert '_Nonnull' if the pointer should never be null
 4702 |     const_iterator cend() const { return m_pArray + m_Count; }
      |     ^
      |                    _Nonnull
/data/data/com.termux/files/home/ExynosTools-LSFG/external/VulkanMemoryAllocator/include/vk_mem_alloc.h:4703:5: warning: pointer is missing a nullability type specifier (_Nonnull, _Nullable, or _Null_unspecified) [-Wnullability-completeness]
 4703 |     const_iterator begin() const { return cbegin(); }
      |     ^
/data/data/com.termux/files/home/ExynosTools-LSFG/external/VulkanMemoryAllocator/include/vk_mem_alloc.h:4703:5: note: insert '_Nullable' if the pointer may be null
 4703 |     const_iterator begin() const { return cbegin(); }
      |     ^
      |                    _Nullable
/data/data/com.termux/files/home/ExynosTools-LSFG/external/VulkanMemoryAllocator/include/vk_mem_alloc.h:4703:5: note: insert '_Nonnull' if the pointer should never be null
 4703 |     const_iterator begin() const { return cbegin(); }
      |     ^
      |                    _Nonnull
/data/data/com.termux/files/home/ExynosTools-LSFG/external/VulkanMemoryAllocator/include/vk_mem_alloc.h:4704:5: warning: pointer is missing a nullability type specifier (_Nonnull, _Nullable, or _Null_unspecified) [-Wnullability-completeness]
 4704 |     const_iterator end() const { return cend(); }
      |     ^
/data/data/com.termux/files/home/ExynosTools-LSFG/external/VulkanMemoryAllocator/include/vk_mem_alloc.h:4704:5: note: insert '_Nullable' if the pointer may be null
 4704 |     const_iterator end() const { return cend(); }
      |     ^
      |                    _Nullable
/data/data/com.termux/files/home/ExynosTools-LSFG/external/VulkanMemoryAllocator/include/vk_mem_alloc.h:4704:5: note: insert '_Nonnull' if the pointer should never be null
 4704 |     const_iterator end() const { return cend(); }
      |     ^
      |                    _Nonnull
/data/data/com.termux/files/home/ExynosTools-LSFG/external/VulkanMemoryAllocator/include/vk_mem_alloc.h:4723:6: warning: pointer is missing a nullability type specifier (_Nonnull, _Nullable, or _Null_unspecified) [-Wnullability-completeness]
 4723 |     T* m_pArray;
      |      ^
/data/data/com.termux/files/home/ExynosTools-LSFG/external/VulkanMemoryAllocator/include/vk_mem_alloc.h:4723:6: note: insert '_Nullable' if the pointer may be null
 4723 |     T* m_pArray;
      |      ^
      |        _Nullable
/data/data/com.termux/files/home/ExynosTools-LSFG/external/VulkanMemoryAllocator/include/vk_mem_alloc.h:4723:6: note: insert '_Nonnull' if the pointer should never be null
 4723 |     T* m_pArray;
      |      ^
      |        _Nonnull
/data/data/com.termux/files/home/ExynosTools-LSFG/external/VulkanMemoryAllocator/include/vk_mem_alloc.h:4917:6: warning: pointer is missing a nullability type specifier (_Nonnull, _Nullable, or _Null_unspecified) [-Wnullability-completeness]
 4917 |     T* data() { return m_Count > N ? m_DynamicArray.data() : m_StaticArray; }
      |      ^
/data/data/com.termux/files/home/ExynosTools-LSFG/external/VulkanMemoryAllocator/include/vk_mem_alloc.h:4917:6: note: insert '_Nullable' if the pointer may be null
 4917 |     T* data() { return m_Count > N ? m_DynamicArray.data() : m_StaticArray; }
      |      ^
      |        _Nullable
/data/data/com.termux/files/home/ExynosTools-LSFG/external/VulkanMemoryAllocator/include/vk_mem_alloc.h:4917:6: note: insert '_Nonnull' if the pointer should never be null
 4917 |     T* data() { return m_Count > N ? m_DynamicArray.data() : m_StaticArray; }
      |      ^
      |        _Nonnull
/data/data/com.termux/files/home/ExynosTools-LSFG/external/VulkanMemoryAllocator/include/vk_mem_alloc.h:4920:12: warning: pointer is missing a nullability type specifier (_Nonnull, _Nullable, or _Null_unspecified) [-Wnullability-completeness]
 4920 |     const T* data() const { return m_Count > N ? m_DynamicArray.data() : m_StaticArray; }
      |            ^
/data/data/com.termux/files/home/ExynosTools-LSFG/external/VulkanMemoryAllocator/include/vk_mem_alloc.h:4920:12: note: insert '_Nullable' if the pointer may be null
 4920 |     const T* data() const { return m_Count > N ? m_DynamicArray.data() : m_StaticArray; }
      |            ^
      |              _Nullable
/data/data/com.termux/files/home/ExynosTools-LSFG/external/VulkanMemoryAllocator/include/vk_mem_alloc.h:4920:12: note: insert '_Nonnull' if the pointer should never be null
 4920 |     const T* data() const { return m_Count > N ? m_DynamicArray.data() : m_StaticArray; }
      |            ^
      |              _Nonnull
/data/data/com.termux/files/home/ExynosTools-LSFG/external/VulkanMemoryAllocator/include/vk_mem_alloc.h:4924:5: warning: pointer is missing a nullability type specifier (_Nonnull, _Nullable, or _Null_unspecified) [-Wnullability-completeness]
 4924 |     iterator begin() { return data(); }
      |     ^
/data/data/com.termux/files/home/ExynosTools-LSFG/external/VulkanMemoryAllocator/include/vk_mem_alloc.h:4924:5: note: insert '_Nullable' if the pointer may be null
 4924 |     iterator begin() { return data(); }
      |     ^
      |              _Nullable
/data/data/com.termux/files/home/ExynosTools-LSFG/external/VulkanMemoryAllocator/include/vk_mem_alloc.h:4924:5: note: insert '_Nonnull' if the pointer should never be null
 4924 |     iterator begin() { return data(); }
      |     ^
      |              _Nonnull
/data/data/com.termux/files/home/ExynosTools-LSFG/external/VulkanMemoryAllocator/include/vk_mem_alloc.h:4925:5: warning: pointer is missing a nullability type specifier (_Nonnull, _Nullable, or _Null_unspecified) [-Wnullability-completeness]
 4925 |     iterator end() { return data() + m_Count; }
      |     ^
/data/data/com.termux/files/home/ExynosTools-LSFG/external/VulkanMemoryAllocator/include/vk_mem_alloc.h:4925:5: note: insert '_Nullable' if the pointer may be null
 4925 |     iterator end() { return data() + m_Count; }
      |     ^
      |              _Nullable
/data/data/com.termux/files/home/ExynosTools-LSFG/external/VulkanMemoryAllocator/include/vk_mem_alloc.h:4925:5: note: insert '_Nonnull' if the pointer should never be null
 4925 |     iterator end() { return data() + m_Count; }
      |     ^
      |              _Nonnull
/data/data/com.termux/files/home/ExynosTools-LSFG/external/VulkanMemoryAllocator/include/vk_mem_alloc.h:5059:49: warning: pointer is missing a nullability type specifier (_Nonnull, _Nullable, or _Null_unspecified) [-Wnullability-completeness]
 5059 |     VmaPoolAllocator(const VkAllocationCallbacks* pAllocationCallbacks, uint32_t firstBlockCapacity);
      |                                                 ^
/data/data/com.termux/files/home/ExynosTools-LSFG/external/VulkanMemoryAllocator/include/vk_mem_alloc.h:5059:49: note: insert '_Nullable' if the pointer may be null
 5059 |     VmaPoolAllocator(const VkAllocationCallbacks* pAllocationCallbacks, uint32_t firstBlockCapacity);
      |                                                 ^
      |                                                   _Nullable
/data/data/com.termux/files/home/ExynosTools-LSFG/external/VulkanMemoryAllocator/include/vk_mem_alloc.h:5059:49: note: insert '_Nonnull' if the pointer should never be null
 5059 |     VmaPoolAllocator(const VkAllocationCallbacks* pAllocationCallbacks, uint32_t firstBlockCapacity);
      |                                                 ^
      |                                                   _Nonnull
/data/data/com.termux/files/home/ExynosTools-LSFG/external/VulkanMemoryAllocator/include/vk_mem_alloc.h:5061:34: warning: pointer is missing a nullability type specifier (_Nonnull, _Nullable, or _Null_unspecified) [-Wnullability-completeness]
 5061 |     template<typename... Types> T* Alloc(Types&&... args);
      |                                  ^
/data/data/com.termux/files/home/ExynosTools-LSFG/external/VulkanMemoryAllocator/include/vk_mem_alloc.h:5061:34: note: insert '_Nullable' if the pointer may be null
 5061 |     template<typename... Types> T* Alloc(Types&&... args);
      |                                  ^
      |                                    _Nullable
/data/data/com.termux/files/home/ExynosTools-LSFG/external/VulkanMemoryAllocator/include/vk_mem_alloc.h:5061:34: note: insert '_Nonnull' if the pointer should never be null
 5061 |     template<typename... Types> T* Alloc(Types&&... args);
      |                                  ^
      |                                    _Nonnull
/data/data/com.termux/files/home/ExynosTools-LSFG/external/VulkanMemoryAllocator/include/vk_mem_alloc.h:5062:16: warning: pointer is missing a nullability type specifier (_Nonnull, _Nullable, or _Null_unspecified) [-Wnullability-completeness]
 5062 |     void Free(T* ptr);
      |                ^
/data/data/com.termux/files/home/ExynosTools-LSFG/external/VulkanMemoryAllocator/include/vk_mem_alloc.h:5062:16: note: insert '_Nullable' if the pointer may be null
 5062 |     void Free(T* ptr);
      |                ^
      |                  _Nullable
/data/data/com.termux/files/home/ExynosTools-LSFG/external/VulkanMemoryAllocator/include/vk_mem_alloc.h:5062:16: note: insert '_Nonnull' if the pointer should never be null
 5062 |     void Free(T* ptr);
      |                ^
      |                  _Nonnull
/data/data/com.termux/files/home/ExynosTools-LSFG/external/VulkanMemoryAllocator/include/vk_mem_alloc.h:5072:13: warning: pointer is missing a nullability type specifier (_Nonnull, _Nullable, or _Null_unspecified) [-Wnullability-completeness]
 5072 |         Item* pItems;
      |             ^
/data/data/com.termux/files/home/ExynosTools-LSFG/external/VulkanMemoryAllocator/include/vk_mem_alloc.h:5072:13: note: insert '_Nullable' if the pointer may be null
 5072 |         Item* pItems;
      |             ^
      |               _Nullable
/data/data/com.termux/files/home/ExynosTools-LSFG/external/VulkanMemoryAllocator/include/vk_mem_alloc.h:5072:13: note: insert '_Nonnull' if the pointer should never be null
 5072 |         Item* pItems;
      |             ^
      |               _Nonnull
/data/data/com.termux/files/home/ExynosTools-LSFG/external/VulkanMemoryAllocator/include/vk_mem_alloc.h:5077:32: warning: pointer is missing a nullability type specifier (_Nonnull, _Nullable, or _Null_unspecified) [-Wnullability-completeness]
 5077 |     const VkAllocationCallbacks* m_pAllocationCallbacks;
      |                                ^
/data/data/com.termux/files/home/ExynosTools-LSFG/external/VulkanMemoryAllocator/include/vk_mem_alloc.h:5077:32: note: insert '_Nullable' if the pointer may be null
 5077 |     const VkAllocationCallbacks* m_pAllocationCallbacks;
      |                                ^
      |                                  _Nullable
/data/data/com.termux/files/home/ExynosTools-LSFG/external/VulkanMemoryAllocator/include/vk_mem_alloc.h:5077:32: note: insert '_Nonnull' if the pointer should never be null
 5077 |     const VkAllocationCallbacks* m_pAllocationCallbacks;
      |                                ^
      |                                  _Nonnull
/data/data/com.termux/files/home/ExynosTools-LSFG/external/VulkanMemoryAllocator/include/vk_mem_alloc.h:5086:66: warning: pointer is missing a nullability type specifier (_Nonnull, _Nullable, or _Null_unspecified) [-Wnullability-completeness]
 5086 | VmaPoolAllocator<T>::VmaPoolAllocator(const VkAllocationCallbacks* pAllocationCallbacks, uint32_t firstBlockCapacity)
      |                                                                  ^
/data/data/com.termux/files/home/ExynosTools-LSFG/external/VulkanMemoryAllocator/include/vk_mem_alloc.h:5086:66: note: insert '_Nullable' if the pointer may be null
 5086 | VmaPoolAllocator<T>::VmaPoolAllocator(const VkAllocationCallbacks* pAllocationCallbacks, uint32_t firstBlockCapacity)
      |                                                                  ^
      |                                                                    _Nullable
/data/data/com.termux/files/home/ExynosTools-LSFG/external/VulkanMemoryAllocator/include/vk_mem_alloc.h:5086:66: note: insert '_Nonnull' if the pointer should never be null
 5086 | VmaPoolAllocator<T>::VmaPoolAllocator(const VkAllocationCallbacks* pAllocationCallbacks, uint32_t firstBlockCapacity)
      |                                                                  ^
      |                                                                    _Nonnull
/data/data/com.termux/files/home/ExynosTools-LSFG/external/VulkanMemoryAllocator/include/vk_mem_alloc.h:5103:30: warning: pointer is missing a nullability type specifier (_Nonnull, _Nullable, or _Null_unspecified) [-Wnullability-completeness]
 5103 | template<typename... Types> T* VmaPoolAllocator<T>::Alloc(Types&&... args)
      |                              ^
/data/data/com.termux/files/home/ExynosTools-LSFG/external/VulkanMemoryAllocator/include/vk_mem_alloc.h:5103:30: note: insert '_Nullable' if the pointer may be null
 5103 | template<typename... Types> T* VmaPoolAllocator<T>::Alloc(Types&&... args)
      |                              ^
      |                                _Nullable
/data/data/com.termux/files/home/ExynosTools-LSFG/external/VulkanMemoryAllocator/include/vk_mem_alloc.h:5103:30: note: insert '_Nonnull' if the pointer should never be null
 5103 | template<typename... Types> T* VmaPoolAllocator<T>::Alloc(Types&&... args)
      |                              ^
      |                                _Nonnull
/data/data/com.termux/files/home/ExynosTools-LSFG/external/VulkanMemoryAllocator/include/vk_mem_alloc.h:5129:33: warning: pointer is missing a nullability type specifier (_Nonnull, _Nullable, or _Null_unspecified) [-Wnullability-completeness]
 5129 | void VmaPoolAllocator<T>::Free(T* ptr)
      |                                 ^
/data/data/com.termux/files/home/ExynosTools-LSFG/external/VulkanMemoryAllocator/include/vk_mem_alloc.h:5129:33: note: insert '_Nullable' if the pointer may be null
 5129 | void VmaPoolAllocator<T>::Free(T* ptr)
      |                                 ^
      |                                   _Nullable
/data/data/com.termux/files/home/ExynosTools-LSFG/external/VulkanMemoryAllocator/include/vk_mem_alloc.h:5129:33: note: insert '_Nonnull' if the pointer should never be null
 5129 | void VmaPoolAllocator<T>::Free(T* ptr)
      |                                 ^
      |                                   _Nonnull
/data/data/com.termux/files/home/ExynosTools-LSFG/external/VulkanMemoryAllocator/include/vk_mem_alloc.h:5181:16: warning: pointer is missing a nullability type specifier (_Nonnull, _Nullable, or _Null_unspecified) [-Wnullability-completeness]
 5181 |     VmaListItem* pPrev;
      |                ^
/data/data/com.termux/files/home/ExynosTools-LSFG/external/VulkanMemoryAllocator/include/vk_mem_alloc.h:5181:16: note: insert '_Nullable' if the pointer may be null
 5181 |     VmaListItem* pPrev;
      |                ^
      |                  _Nullable
/data/data/com.termux/files/home/ExynosTools-LSFG/external/VulkanMemoryAllocator/include/vk_mem_alloc.h:5181:16: note: insert '_Nonnull' if the pointer should never be null
 5181 |     VmaListItem* pPrev;
      |                ^
      |                  _Nonnull
/data/data/com.termux/files/home/ExynosTools-LSFG/external/VulkanMemoryAllocator/include/vk_mem_alloc.h:5182:16: warning: pointer is missing a nullability type specifier (_Nonnull, _Nullable, or _Null_unspecified) [-Wnullability-completeness]
 5182 |     VmaListItem* pNext;
      |                ^
/data/data/com.termux/files/home/ExynosTools-LSFG/external/VulkanMemoryAllocator/include/vk_mem_alloc.h:5182:16: note: insert '_Nullable' if the pointer may be null
 5182 |     VmaListItem* pNext;
      |                ^
      |                  _Nullable
/data/data/com.termux/files/home/ExynosTools-LSFG/external/VulkanMemoryAllocator/include/vk_mem_alloc.h:5182:16: note: insert '_Nonnull' if the pointer should never be null
 5182 |     VmaListItem* pNext;
      |                ^
      |                  _Nonnull
/data/data/com.termux/files/home/ExynosTools-LSFG/external/VulkanMemoryAllocator/include/vk_mem_alloc.h:5194:52: warning: pointer is missing a nullability type specifier (_Nonnull, _Nullable, or _Null_unspecified) [-Wnullability-completeness]
 5194 |     explicit VmaRawList(const VkAllocationCallbacks* pAllocationCallbacks);
      |                                                    ^
/data/data/com.termux/files/home/ExynosTools-LSFG/external/VulkanMemoryAllocator/include/vk_mem_alloc.h:5194:52: note: insert '_Nullable' if the pointer may be null
 5194 |     explicit VmaRawList(const VkAllocationCallbacks* pAllocationCallbacks);
      |                                                    ^
      |                                                      _Nullable
/data/data/com.termux/files/home/ExynosTools-LSFG/external/VulkanMemoryAllocator/include/vk_mem_alloc.h:5194:52: note: insert '_Nonnull' if the pointer should never be null
 5194 |     explicit VmaRawList(const VkAllocationCallbacks* pAllocationCallbacks);
      |                                                    ^
      |                                                      _Nonnull
/data/data/com.termux/files/home/ExynosTools-LSFG/external/VulkanMemoryAllocator/include/vk_mem_alloc.h:5202:13: warning: pointer is missing a nullability type specifier (_Nonnull, _Nullable, or _Null_unspecified) [-Wnullability-completeness]
 5202 |     ItemType* Front() { return m_pFront; }
      |             ^
/data/data/com.termux/files/home/ExynosTools-LSFG/external/VulkanMemoryAllocator/include/vk_mem_alloc.h:5202:13: note: insert '_Nullable' if the pointer may be null
 5202 |     ItemType* Front() { return m_pFront; }
      |             ^
      |               _Nullable
/data/data/com.termux/files/home/ExynosTools-LSFG/external/VulkanMemoryAllocator/include/vk_mem_alloc.h:5202:13: note: insert '_Nonnull' if the pointer should never be null
 5202 |     ItemType* Front() { return m_pFront; }
      |             ^
      |               _Nonnull
/data/data/com.termux/files/home/ExynosTools-LSFG/external/VulkanMemoryAllocator/include/vk_mem_alloc.h:5203:13: warning: pointer is missing a nullability type specifier (_Nonnull, _Nullable, or _Null_unspecified) [-Wnullability-completeness]
 5203 |     ItemType* Back() { return m_pBack; }
      |             ^
/data/data/com.termux/files/home/ExynosTools-LSFG/external/VulkanMemoryAllocator/include/vk_mem_alloc.h:5203:13: note: insert '_Nullable' if the pointer may be null
 5203 |     ItemType* Back() { return m_pBack; }
      |             ^
      |               _Nullable
/data/data/com.termux/files/home/ExynosTools-LSFG/external/VulkanMemoryAllocator/include/vk_mem_alloc.h:5203:13: note: insert '_Nonnull' if the pointer should never be null
 5203 |     ItemType* Back() { return m_pBack; }
      |             ^
      |               _Nonnull
/data/data/com.termux/files/home/ExynosTools-LSFG/external/VulkanMemoryAllocator/include/vk_mem_alloc.h:5204:19: warning: pointer is missing a nullability type specifier (_Nonnull, _Nullable, or _Null_unspecified) [-Wnullability-completeness]
 5204 |     const ItemType* Front() const { return m_pFront; }
      |                   ^
/data/data/com.termux/files/home/ExynosTools-LSFG/external/VulkanMemoryAllocator/include/vk_mem_alloc.h:5204:19: note: insert '_Nullable' if the pointer may be null
 5204 |     const ItemType* Front() const { return m_pFront; }
      |                   ^
      |                     _Nullable
/data/data/com.termux/files/home/ExynosTools-LSFG/external/VulkanMemoryAllocator/include/vk_mem_alloc.h:5204:19: note: insert '_Nonnull' if the pointer should never be null
 5204 |     const ItemType* Front() const { return m_pFront; }
      |                   ^
      |                     _Nonnull
/data/data/com.termux/files/home/ExynosTools-LSFG/external/VulkanMemoryAllocator/include/vk_mem_alloc.h:5205:19: warning: pointer is missing a nullability type specifier (_Nonnull, _Nullable, or _Null_unspecified) [-Wnullability-completeness]
 5205 |     const ItemType* Back() const { return m_pBack; }
      |                   ^
/data/data/com.termux/files/home/ExynosTools-LSFG/external/VulkanMemoryAllocator/include/vk_mem_alloc.h:5205:19: note: insert '_Nullable' if the pointer may be null
 5205 |     const ItemType* Back() const { return m_pBack; }
      |                   ^
      |                     _Nullable
/data/data/com.termux/files/home/ExynosTools-LSFG/external/VulkanMemoryAllocator/include/vk_mem_alloc.h:5205:19: note: insert '_Nonnull' if the pointer should never be null
 5205 |     const ItemType* Back() const { return m_pBack; }
      |                   ^
      |                     _Nonnull
/data/data/com.termux/files/home/ExynosTools-LSFG/external/VulkanMemoryAllocator/include/vk_mem_alloc.h:5207:13: warning: pointer is missing a nullability type specifier (_Nonnull, _Nullable, or _Null_unspecified) [-Wnullability-completeness]
 5207 |     ItemType* PushFront();
      |             ^
/data/data/com.termux/files/home/ExynosTools-LSFG/external/VulkanMemoryAllocator/include/vk_mem_alloc.h:5207:13: note: insert '_Nullable' if the pointer may be null
 5207 |     ItemType* PushFront();
      |             ^
      |               _Nullable
/data/data/com.termux/files/home/ExynosTools-LSFG/external/VulkanMemoryAllocator/include/vk_mem_alloc.h:5207:13: note: insert '_Nonnull' if the pointer should never be null
 5207 |     ItemType* PushFront();
      |             ^
      |               _Nonnull
/data/data/com.termux/files/home/ExynosTools-LSFG/external/VulkanMemoryAllocator/include/vk_mem_alloc.h:5208:13: warning: pointer is missing a nullability type specifier (_Nonnull, _Nullable, or _Null_unspecified) [-Wnullability-completeness]
 5208 |     ItemType* PushBack();
      |             ^
/data/data/com.termux/files/home/ExynosTools-LSFG/external/VulkanMemoryAllocator/include/vk_mem_alloc.h:5208:13: note: insert '_Nullable' if the pointer may be null
 5208 |     ItemType* PushBack();
      |             ^
      |               _Nullable
/data/data/com.termux/files/home/ExynosTools-LSFG/external/VulkanMemoryAllocator/include/vk_mem_alloc.h:5208:13: note: insert '_Nonnull' if the pointer should never be null
 5208 |     ItemType* PushBack();
      |             ^
      |               _Nonnull
/data/data/com.termux/files/home/ExynosTools-LSFG/external/VulkanMemoryAllocator/include/vk_mem_alloc.h:5209:13: warning: pointer is missing a nullability type specifier (_Nonnull, _Nullable, or _Null_unspecified) [-Wnullability-completeness]
 5209 |     ItemType* PushFront(const T& value);
      |             ^
/data/data/com.termux/files/home/ExynosTools-LSFG/external/VulkanMemoryAllocator/include/vk_mem_alloc.h:5209:13: note: insert '_Nullable' if the pointer may be null
 5209 |     ItemType* PushFront(const T& value);
      |             ^
      |               _Nullable
/data/data/com.termux/files/home/ExynosTools-LSFG/external/VulkanMemoryAllocator/include/vk_mem_alloc.h:5209:13: note: insert '_Nonnull' if the pointer should never be null
 5209 |     ItemType* PushFront(const T& value);
      |             ^
      |               _Nonnull
/data/data/com.termux/files/home/ExynosTools-LSFG/external/VulkanMemoryAllocator/include/vk_mem_alloc.h:5210:13: warning: pointer is missing a nullability type specifier (_Nonnull, _Nullable, or _Null_unspecified) [-Wnullability-completeness]
 5210 |     ItemType* PushBack(const T& value);
      |             ^
/data/data/com.termux/files/home/ExynosTools-LSFG/external/VulkanMemoryAllocator/include/vk_mem_alloc.h:5210:13: note: insert '_Nullable' if the pointer may be null
 5210 |     ItemType* PushBack(const T& value);
      |             ^
      |               _Nullable
/data/data/com.termux/files/home/ExynosTools-LSFG/external/VulkanMemoryAllocator/include/vk_mem_alloc.h:5210:13: note: insert '_Nonnull' if the pointer should never be null
 5210 |     ItemType* PushBack(const T& value);
      |             ^
      |               _Nonnull
/data/data/com.termux/files/home/ExynosTools-LSFG/external/VulkanMemoryAllocator/include/vk_mem_alloc.h:5215:36: warning: pointer is missing a nullability type specifier (_Nonnull, _Nullable, or _Null_unspecified) [-Wnullability-completeness]
 5215 |     ItemType* InsertBefore(ItemType* pItem);
      |                                    ^
/data/data/com.termux/files/home/ExynosTools-LSFG/external/VulkanMemoryAllocator/include/vk_mem_alloc.h:5215:36: note: insert '_Nullable' if the pointer may be null
 5215 |     ItemType* InsertBefore(ItemType* pItem);
      |                                    ^
      |                                      _Nullable
/data/data/com.termux/files/home/ExynosTools-LSFG/external/VulkanMemoryAllocator/include/vk_mem_alloc.h:5215:36: note: insert '_Nonnull' if the pointer should never be null
 5215 |     ItemType* InsertBefore(ItemType* pItem);
      |                                    ^
      |                                      _Nonnull
/data/data/com.termux/files/home/ExynosTools-LSFG/external/VulkanMemoryAllocator/include/vk_mem_alloc.h:5215:13: warning: pointer is missing a nullability type specifier (_Nonnull, _Nullable, or _Null_unspecified) [-Wnullability-completeness]
 5215 |     ItemType* InsertBefore(ItemType* pItem);
      |             ^
/data/data/com.termux/files/home/ExynosTools-LSFG/external/VulkanMemoryAllocator/include/vk_mem_alloc.h:5215:13: note: insert '_Nullable' if the pointer may be null
 5215 |     ItemType* InsertBefore(ItemType* pItem);
      |             ^
      |               _Nullable
/data/data/com.termux/files/home/ExynosTools-LSFG/external/VulkanMemoryAllocator/include/vk_mem_alloc.h:5215:13: note: insert '_Nonnull' if the pointer should never be null
 5215 |     ItemType* InsertBefore(ItemType* pItem);
      |             ^
      |               _Nonnull
/data/data/com.termux/files/home/ExynosTools-LSFG/external/VulkanMemoryAllocator/include/vk_mem_alloc.h:5217:35: warning: pointer is missing a nullability type specifier (_Nonnull, _Nullable, or _Null_unspecified) [-Wnullability-completeness]
 5217 |     ItemType* InsertAfter(ItemType* pItem);
      |                                   ^
/data/data/com.termux/files/home/ExynosTools-LSFG/external/VulkanMemoryAllocator/include/vk_mem_alloc.h:5217:35: note: insert '_Nullable' if the pointer may be null
 5217 |     ItemType* InsertAfter(ItemType* pItem);
      |                                   ^
      |                                     _Nullable
/data/data/com.termux/files/home/ExynosTools-LSFG/external/VulkanMemoryAllocator/include/vk_mem_alloc.h:5217:35: note: insert '_Nonnull' if the pointer should never be null
 5217 |     ItemType* InsertAfter(ItemType* pItem);
      |                                   ^
      |                                     _Nonnull
/data/data/com.termux/files/home/ExynosTools-LSFG/external/VulkanMemoryAllocator/include/vk_mem_alloc.h:5217:13: warning: pointer is missing a nullability type specifier (_Nonnull, _Nullable, or _Null_unspecified) [-Wnullability-completeness]
 5217 |     ItemType* InsertAfter(ItemType* pItem);
      |             ^
/data/data/com.termux/files/home/ExynosTools-LSFG/external/VulkanMemoryAllocator/include/vk_mem_alloc.h:5217:13: note: insert '_Nullable' if the pointer may be null
 5217 |     ItemType* InsertAfter(ItemType* pItem);
      |             ^
      |               _Nullable
/data/data/com.termux/files/home/ExynosTools-LSFG/external/VulkanMemoryAllocator/include/vk_mem_alloc.h:5217:13: note: insert '_Nonnull' if the pointer should never be null
 5217 |     ItemType* InsertAfter(ItemType* pItem);
      |             ^
      |               _Nonnull
/data/data/com.termux/files/home/ExynosTools-LSFG/external/VulkanMemoryAllocator/include/vk_mem_alloc.h:5218:36: warning: pointer is missing a nullability type specifier (_Nonnull, _Nullable, or _Null_unspecified) [-Wnullability-completeness]
 5218 |     ItemType* InsertBefore(ItemType* pItem, const T& value);
      |                                    ^
/data/data/com.termux/files/home/ExynosTools-LSFG/external/VulkanMemoryAllocator/include/vk_mem_alloc.h:5218:36: note: insert '_Nullable' if the pointer may be null
 5218 |     ItemType* InsertBefore(ItemType* pItem, const T& value);
      |                                    ^
      |                                      _Nullable
/data/data/com.termux/files/home/ExynosTools-LSFG/external/VulkanMemoryAllocator/include/vk_mem_alloc.h:5218:36: note: insert '_Nonnull' if the pointer should never be null
 5218 |     ItemType* InsertBefore(ItemType* pItem, const T& value);
      |                                    ^
      |                                      _Nonnull
/data/data/com.termux/files/home/ExynosTools-LSFG/external/VulkanMemoryAllocator/include/vk_mem_alloc.h:5218:13: warning: pointer is missing a nullability type specifier (_Nonnull, _Nullable, or _Null_unspecified) [-Wnullability-completeness]
 5218 |     ItemType* InsertBefore(ItemType* pItem, const T& value);
      |             ^
/data/data/com.termux/files/home/ExynosTools-LSFG/external/VulkanMemoryAllocator/include/vk_mem_alloc.h:5218:13: note: insert '_Nullable' if the pointer may be null
 5218 |     ItemType* InsertBefore(ItemType* pItem, const T& value);
      |             ^
      |               _Nullable
/data/data/com.termux/files/home/ExynosTools-LSFG/external/VulkanMemoryAllocator/include/vk_mem_alloc.h:5218:13: note: insert '_Nonnull' if the pointer should never be null
 5218 |     ItemType* InsertBefore(ItemType* pItem, const T& value);
      |             ^
      |               _Nonnull
/data/data/com.termux/files/home/ExynosTools-LSFG/external/VulkanMemoryAllocator/include/vk_mem_alloc.h:5219:35: warning: pointer is missing a nullability type specifier (_Nonnull, _Nullable, or _Null_unspecified) [-Wnullability-completeness]
 5219 |     ItemType* InsertAfter(ItemType* pItem, const T& value);
      |                                   ^
/data/data/com.termux/files/home/ExynosTools-LSFG/external/VulkanMemoryAllocator/include/vk_mem_alloc.h:5219:35: note: insert '_Nullable' if the pointer may be null
 5219 |     ItemType* InsertAfter(ItemType* pItem, const T& value);
      |                                   ^
      |                                     _Nullable
/data/data/com.termux/files/home/ExynosTools-LSFG/external/VulkanMemoryAllocator/include/vk_mem_alloc.h:5219:35: note: insert '_Nonnull' if the pointer should never be null
 5219 |     ItemType* InsertAfter(ItemType* pItem, const T& value);
      |                                   ^
      |                                     _Nonnull
/data/data/com.termux/files/home/ExynosTools-LSFG/external/VulkanMemoryAllocator/include/vk_mem_alloc.h:5219:13: warning: pointer is missing a nullability type specifier (_Nonnull, _Nullable, or _Null_unspecified) [-Wnullability-completeness]
 5219 |     ItemType* InsertAfter(ItemType* pItem, const T& value);
      |             ^
/data/data/com.termux/files/home/ExynosTools-LSFG/external/VulkanMemoryAllocator/include/vk_mem_alloc.h:5219:13: note: insert '_Nullable' if the pointer may be null
 5219 |     ItemType* InsertAfter(ItemType* pItem, const T& value);
      |             ^
      |               _Nullable
/data/data/com.termux/files/home/ExynosTools-LSFG/external/VulkanMemoryAllocator/include/vk_mem_alloc.h:5219:13: note: insert '_Nonnull' if the pointer should never be null
 5219 |     ItemType* InsertAfter(ItemType* pItem, const T& value);
      |             ^
      |               _Nonnull
/data/data/com.termux/files/home/ExynosTools-LSFG/external/VulkanMemoryAllocator/include/vk_mem_alloc.h:5222:25: warning: pointer is missing a nullability type specifier (_Nonnull, _Nullable, or _Null_unspecified) [-Wnullability-completeness]
 5222 |     void Remove(ItemType* pItem);
      |                         ^
/data/data/com.termux/files/home/ExynosTools-LSFG/external/VulkanMemoryAllocator/include/vk_mem_alloc.h:5222:25: note: insert '_Nullable' if the pointer may be null
 5222 |     void Remove(ItemType* pItem);
      |                         ^
      |                           _Nullable
/data/data/com.termux/files/home/ExynosTools-LSFG/external/VulkanMemoryAllocator/include/vk_mem_alloc.h:5222:25: note: insert '_Nonnull' if the pointer should never be null
 5222 |     void Remove(ItemType* pItem);
      |                         ^
      |                           _Nonnull
/data/data/com.termux/files/home/ExynosTools-LSFG/external/VulkanMemoryAllocator/include/vk_mem_alloc.h:5225:32: warning: pointer is missing a nullability type specifier (_Nonnull, _Nullable, or _Null_unspecified) [-Wnullability-completeness]
 5225 |     const VkAllocationCallbacks* const m_pAllocationCallbacks;
      |                                ^
/data/data/com.termux/files/home/ExynosTools-LSFG/external/VulkanMemoryAllocator/include/vk_mem_alloc.h:5225:32: note: insert '_Nullable' if the pointer may be null
 5225 |     const VkAllocationCallbacks* const m_pAllocationCallbacks;
      |                                ^
      |                                  _Nullable
/data/data/com.termux/files/home/ExynosTools-LSFG/external/VulkanMemoryAllocator/include/vk_mem_alloc.h:5225:32: note: insert '_Nonnull' if the pointer should never be null
 5225 |     const VkAllocationCallbacks* const m_pAllocationCallbacks;
      |                                ^
      |                                  _Nonnull
/data/data/com.termux/files/home/ExynosTools-LSFG/external/VulkanMemoryAllocator/include/vk_mem_alloc.h:5227:13: warning: pointer is missing a nullability type specifier (_Nonnull, _Nullable, or _Null_unspecified) [-Wnullability-completeness]
 5227 |     ItemType* m_pFront;
      |             ^
/data/data/com.termux/files/home/ExynosTools-LSFG/external/VulkanMemoryAllocator/include/vk_mem_alloc.h:5227:13: note: insert '_Nullable' if the pointer may be null
 5227 |     ItemType* m_pFront;
      |             ^
      |               _Nullable
/data/data/com.termux/files/home/ExynosTools-LSFG/external/VulkanMemoryAllocator/include/vk_mem_alloc.h:5227:13: note: insert '_Nonnull' if the pointer should never be null
 5227 |     ItemType* m_pFront;
      |             ^
      |               _Nonnull
/data/data/com.termux/files/home/ExynosTools-LSFG/external/VulkanMemoryAllocator/include/vk_mem_alloc.h:5228:13: warning: pointer is missing a nullability type specifier (_Nonnull, _Nullable, or _Null_unspecified) [-Wnullability-completeness]
 5228 |     ItemType* m_pBack;
      |             ^
/data/data/com.termux/files/home/ExynosTools-LSFG/external/VulkanMemoryAllocator/include/vk_mem_alloc.h:5228:13: note: insert '_Nullable' if the pointer may be null
 5228 |     ItemType* m_pBack;
      |             ^
      |               _Nullable
/data/data/com.termux/files/home/ExynosTools-LSFG/external/VulkanMemoryAllocator/include/vk_mem_alloc.h:5228:13: note: insert '_Nonnull' if the pointer should never be null
 5228 |     ItemType* m_pBack;
      |             ^
      |               _Nonnull
/data/data/com.termux/files/home/ExynosTools-LSFG/external/VulkanMemoryAllocator/include/vk_mem_alloc.h:5234:54: warning: pointer is missing a nullability type specifier (_Nonnull, _Nullable, or _Null_unspecified) [-Wnullability-completeness]
 5234 | VmaRawList<T>::VmaRawList(const VkAllocationCallbacks* pAllocationCallbacks)
      |                                                      ^
/data/data/com.termux/files/home/ExynosTools-LSFG/external/VulkanMemoryAllocator/include/vk_mem_alloc.h:5234:54: note: insert '_Nullable' if the pointer may be null
 5234 | VmaRawList<T>::VmaRawList(const VkAllocationCallbacks* pAllocationCallbacks)
      |                                                      ^
      |                                                        _Nullable
/data/data/com.termux/files/home/ExynosTools-LSFG/external/VulkanMemoryAllocator/include/vk_mem_alloc.h:5234:54: note: insert '_Nonnull' if the pointer should never be null
 5234 | VmaRawList<T>::VmaRawList(const VkAllocationCallbacks* pAllocationCallbacks)
      |                                                      ^
      |                                                        _Nonnull
/data/data/com.termux/files/home/ExynosTools-LSFG/external/VulkanMemoryAllocator/include/vk_mem_alloc.h:5242:15: warning: pointer is missing a nullability type specifier (_Nonnull, _Nullable, or _Null_unspecified) [-Wnullability-completeness]
 5242 | VmaListItem<T>* VmaRawList<T>::PushFront()
      |               ^
/data/data/com.termux/files/home/ExynosTools-LSFG/external/VulkanMemoryAllocator/include/vk_mem_alloc.h:5242:15: note: insert '_Nullable' if the pointer may be null
 5242 | VmaListItem<T>* VmaRawList<T>::PushFront()
      |               ^
      |                 _Nullable
/data/data/com.termux/files/home/ExynosTools-LSFG/external/VulkanMemoryAllocator/include/vk_mem_alloc.h:5242:15: note: insert '_Nonnull' if the pointer should never be null
 5242 | VmaListItem<T>* VmaRawList<T>::PushFront()
      |               ^
      |                 _Nonnull
/data/data/com.termux/files/home/ExynosTools-LSFG/external/VulkanMemoryAllocator/include/vk_mem_alloc.h:5264:15: warning: pointer is missing a nullability type specifier (_Nonnull, _Nullable, or _Null_unspecified) [-Wnullability-completeness]
 5264 | VmaListItem<T>* VmaRawList<T>::PushBack()
      |               ^
/data/data/com.termux/files/home/ExynosTools-LSFG/external/VulkanMemoryAllocator/include/vk_mem_alloc.h:5264:15: note: insert '_Nullable' if the pointer may be null
 5264 | VmaListItem<T>* VmaRawList<T>::PushBack()
      |               ^
      |                 _Nullable
/data/data/com.termux/files/home/ExynosTools-LSFG/external/VulkanMemoryAllocator/include/vk_mem_alloc.h:5264:15: note: insert '_Nonnull' if the pointer should never be null
 5264 | VmaListItem<T>* VmaRawList<T>::PushBack()
      |               ^
      |                 _Nonnull
/data/data/com.termux/files/home/ExynosTools-LSFG/external/VulkanMemoryAllocator/include/vk_mem_alloc.h:5286:15: warning: pointer is missing a nullability type specifier (_Nonnull, _Nullable, or _Null_unspecified) [-Wnullability-completeness]
 5286 | VmaListItem<T>* VmaRawList<T>::PushFront(const T& value)
      |               ^
/data/data/com.termux/files/home/ExynosTools-LSFG/external/VulkanMemoryAllocator/include/vk_mem_alloc.h:5286:15: note: insert '_Nullable' if the pointer may be null
 5286 | VmaListItem<T>* VmaRawList<T>::PushFront(const T& value)
      |               ^
      |                 _Nullable
/data/data/com.termux/files/home/ExynosTools-LSFG/external/VulkanMemoryAllocator/include/vk_mem_alloc.h:5286:15: note: insert '_Nonnull' if the pointer should never be null
 5286 | VmaListItem<T>* VmaRawList<T>::PushFront(const T& value)
      |               ^
      |                 _Nonnull
/data/data/com.termux/files/home/ExynosTools-LSFG/external/VulkanMemoryAllocator/include/vk_mem_alloc.h:5294:15: warning: pointer is missing a nullability type specifier (_Nonnull, _Nullable, or _Null_unspecified) [-Wnullability-completeness]
 5294 | VmaListItem<T>* VmaRawList<T>::PushBack(const T& value)
      |               ^
/data/data/com.termux/files/home/ExynosTools-LSFG/external/VulkanMemoryAllocator/include/vk_mem_alloc.h:5294:15: note: insert '_Nullable' if the pointer may be null
 5294 | VmaListItem<T>* VmaRawList<T>::PushBack(const T& value)
      |               ^
      |                 _Nullable
/data/data/com.termux/files/home/ExynosTools-LSFG/external/VulkanMemoryAllocator/include/vk_mem_alloc.h:5294:15: note: insert '_Nonnull' if the pointer should never be null
 5294 | VmaListItem<T>* VmaRawList<T>::PushBack(const T& value)
      |               ^
      |                 _Nonnull
/data/data/com.termux/files/home/ExynosTools-LSFG/external/VulkanMemoryAllocator/include/vk_mem_alloc.h:5350:36: warning: pointer is missing a nullability type specifier (_Nonnull, _Nullable, or _Null_unspecified) [-Wnullability-completeness]
 5350 | void VmaRawList<T>::Remove(ItemType* pItem)
      |                                    ^
/data/data/com.termux/files/home/ExynosTools-LSFG/external/VulkanMemoryAllocator/include/vk_mem_alloc.h:5350:36: note: insert '_Nullable' if the pointer may be null
 5350 | void VmaRawList<T>::Remove(ItemType* pItem)
      |                                    ^
      |                                      _Nullable
/data/data/com.termux/files/home/ExynosTools-LSFG/external/VulkanMemoryAllocator/include/vk_mem_alloc.h:5350:36: note: insert '_Nonnull' if the pointer should never be null
 5350 | void VmaRawList<T>::Remove(ItemType* pItem)
      |                                    ^
      |                                      _Nonnull
/data/data/com.termux/files/home/ExynosTools-LSFG/external/VulkanMemoryAllocator/include/vk_mem_alloc.h:5380:53: warning: pointer is missing a nullability type specifier (_Nonnull, _Nullable, or _Null_unspecified) [-Wnullability-completeness]
 5380 | VmaListItem<T>* VmaRawList<T>::InsertBefore(ItemType* pItem)
      |                                                     ^
/data/data/com.termux/files/home/ExynosTools-LSFG/external/VulkanMemoryAllocator/include/vk_mem_alloc.h:5380:53: note: insert '_Nullable' if the pointer may be null
 5380 | VmaListItem<T>* VmaRawList<T>::InsertBefore(ItemType* pItem)
      |                                                     ^
      |                                                       _Nullable
/data/data/com.termux/files/home/ExynosTools-LSFG/external/VulkanMemoryAllocator/include/vk_mem_alloc.h:5380:53: note: insert '_Nonnull' if the pointer should never be null
 5380 | VmaListItem<T>* VmaRawList<T>::InsertBefore(ItemType* pItem)
      |                                                     ^
      |                                                       _Nonnull
/data/data/com.termux/files/home/ExynosTools-LSFG/external/VulkanMemoryAllocator/include/vk_mem_alloc.h:5380:15: warning: pointer is missing a nullability type specifier (_Nonnull, _Nullable, or _Null_unspecified) [-Wnullability-completeness]
 5380 | VmaListItem<T>* VmaRawList<T>::InsertBefore(ItemType* pItem)
      |               ^
/data/data/com.termux/files/home/ExynosTools-LSFG/external/VulkanMemoryAllocator/include/vk_mem_alloc.h:5380:15: note: insert '_Nullable' if the pointer may be null
 5380 | VmaListItem<T>* VmaRawList<T>::InsertBefore(ItemType* pItem)
      |               ^
      |                 _Nullable
/data/data/com.termux/files/home/ExynosTools-LSFG/external/VulkanMemoryAllocator/include/vk_mem_alloc.h:5380:15: note: insert '_Nonnull' if the pointer should never be null
 5380 | VmaListItem<T>* VmaRawList<T>::InsertBefore(ItemType* pItem)
      |               ^
      |                 _Nonnull
/data/data/com.termux/files/home/ExynosTools-LSFG/external/VulkanMemoryAllocator/include/vk_mem_alloc.h:5405:52: warning: pointer is missing a nullability type specifier (_Nonnull, _Nullable, or _Null_unspecified) [-Wnullability-completeness]
 5405 | VmaListItem<T>* VmaRawList<T>::InsertAfter(ItemType* pItem)
      |                                                    ^
/data/data/com.termux/files/home/ExynosTools-LSFG/external/VulkanMemoryAllocator/include/vk_mem_alloc.h:5405:52: note: insert '_Nullable' if the pointer may be null
 5405 | VmaListItem<T>* VmaRawList<T>::InsertAfter(ItemType* pItem)
      |                                                    ^
      |                                                      _Nullable
/data/data/com.termux/files/home/ExynosTools-LSFG/external/VulkanMemoryAllocator/include/vk_mem_alloc.h:5405:52: note: insert '_Nonnull' if the pointer should never be null
 5405 | VmaListItem<T>* VmaRawList<T>::InsertAfter(ItemType* pItem)
      |                                                    ^
      |                                                      _Nonnull
/data/data/com.termux/files/home/ExynosTools-LSFG/external/VulkanMemoryAllocator/include/vk_mem_alloc.h:5405:15: warning: pointer is missing a nullability type specifier (_Nonnull, _Nullable, or _Null_unspecified) [-Wnullability-completeness]
 5405 | VmaListItem<T>* VmaRawList<T>::InsertAfter(ItemType* pItem)
      |               ^
/data/data/com.termux/files/home/ExynosTools-LSFG/external/VulkanMemoryAllocator/include/vk_mem_alloc.h:5405:15: note: insert '_Nullable' if the pointer may be null
 5405 | VmaListItem<T>* VmaRawList<T>::InsertAfter(ItemType* pItem)
      |               ^
      |                 _Nullable
/data/data/com.termux/files/home/ExynosTools-LSFG/external/VulkanMemoryAllocator/include/vk_mem_alloc.h:5405:15: note: insert '_Nonnull' if the pointer should never be null
 5405 | VmaListItem<T>* VmaRawList<T>::InsertAfter(ItemType* pItem)
      |               ^
      |                 _Nonnull
/data/data/com.termux/files/home/ExynosTools-LSFG/external/VulkanMemoryAllocator/include/vk_mem_alloc.h:5430:53: warning: pointer is missing a nullability type specifier (_Nonnull, _Nullable, or _Null_unspecified) [-Wnullability-completeness]
 5430 | VmaListItem<T>* VmaRawList<T>::InsertBefore(ItemType* pItem, const T& value)
      |                                                     ^
/data/data/com.termux/files/home/ExynosTools-LSFG/external/VulkanMemoryAllocator/include/vk_mem_alloc.h:5430:53: note: insert '_Nullable' if the pointer may be null
 5430 | VmaListItem<T>* VmaRawList<T>::InsertBefore(ItemType* pItem, const T& value)
      |                                                     ^
      |                                                       _Nullable
/data/data/com.termux/files/home/ExynosTools-LSFG/external/VulkanMemoryAllocator/include/vk_mem_alloc.h:5430:53: note: insert '_Nonnull' if the pointer should never be null
 5430 | VmaListItem<T>* VmaRawList<T>::InsertBefore(ItemType* pItem, const T& value)
      |                                                     ^
      |                                                       _Nonnull
/data/data/com.termux/files/home/ExynosTools-LSFG/external/VulkanMemoryAllocator/include/vk_mem_alloc.h:5430:15: warning: pointer is missing a nullability type specifier (_Nonnull, _Nullable, or _Null_unspecified) [-Wnullability-completeness]
 5430 | VmaListItem<T>* VmaRawList<T>::InsertBefore(ItemType* pItem, const T& value)
      |               ^
/data/data/com.termux/files/home/ExynosTools-LSFG/external/VulkanMemoryAllocator/include/vk_mem_alloc.h:5430:15: note: insert '_Nullable' if the pointer may be null
 5430 | VmaListItem<T>* VmaRawList<T>::InsertBefore(ItemType* pItem, const T& value)
      |               ^
      |                 _Nullable
/data/data/com.termux/files/home/ExynosTools-LSFG/external/VulkanMemoryAllocator/include/vk_mem_alloc.h:5430:15: note: insert '_Nonnull' if the pointer should never be null
 5430 | VmaListItem<T>* VmaRawList<T>::InsertBefore(ItemType* pItem, const T& value)
      |               ^
      |                 _Nonnull
/data/data/com.termux/files/home/ExynosTools-LSFG/external/VulkanMemoryAllocator/include/vk_mem_alloc.h:5438:52: warning: pointer is missing a nullability type specifier (_Nonnull, _Nullable, or _Null_unspecified) [-Wnullability-completeness]
 5438 | VmaListItem<T>* VmaRawList<T>::InsertAfter(ItemType* pItem, const T& value)
      |                                                    ^
/data/data/com.termux/files/home/ExynosTools-LSFG/external/VulkanMemoryAllocator/include/vk_mem_alloc.h:5438:52: note: insert '_Nullable' if the pointer may be null
 5438 | VmaListItem<T>* VmaRawList<T>::InsertAfter(ItemType* pItem, const T& value)
      |                                                    ^
      |                                                      _Nullable
/data/data/com.termux/files/home/ExynosTools-LSFG/external/VulkanMemoryAllocator/include/vk_mem_alloc.h:5438:52: note: insert '_Nonnull' if the pointer should never be null
 5438 | VmaListItem<T>* VmaRawList<T>::InsertAfter(ItemType* pItem, const T& value)
      |                                                    ^
      |                                                      _Nonnull
/data/data/com.termux/files/home/ExynosTools-LSFG/external/VulkanMemoryAllocator/include/vk_mem_alloc.h:5438:15: warning: pointer is missing a nullability type specifier (_Nonnull, _Nullable, or _Null_unspecified) [-Wnullability-completeness]
 5438 | VmaListItem<T>* VmaRawList<T>::InsertAfter(ItemType* pItem, const T& value)
      |               ^
/data/data/com.termux/files/home/ExynosTools-LSFG/external/VulkanMemoryAllocator/include/vk_mem_alloc.h:5438:15: note: insert '_Nullable' if the pointer may be null
 5438 | VmaListItem<T>* VmaRawList<T>::InsertAfter(ItemType* pItem, const T& value)
      |               ^
      |                 _Nullable
/data/data/com.termux/files/home/ExynosTools-LSFG/external/VulkanMemoryAllocator/include/vk_mem_alloc.h:5438:15: note: insert '_Nonnull' if the pointer should never be null
 5438 | VmaListItem<T>* VmaRawList<T>::InsertAfter(ItemType* pItem, const T& value)
      |               ^
      |                 _Nonnull
/data/data/com.termux/files/home/ExynosTools-LSFG/external/VulkanMemoryAllocator/include/vk_mem_alloc.h:5466:10: warning: pointer is missing a nullability type specifier (_Nonnull, _Nullable, or _Null_unspecified) [-Wnullability-completeness]
 5466 |         T* operator->() const { VMA_HEAVY_ASSERT(m_pItem != VMA_NULL); return &m_pItem->Value; }
      |          ^
/data/data/com.termux/files/home/ExynosTools-LSFG/external/VulkanMemoryAllocator/include/vk_mem_alloc.h:5466:10: note: insert '_Nullable' if the pointer may be null
 5466 |         T* operator->() const { VMA_HEAVY_ASSERT(m_pItem != VMA_NULL); return &m_pItem->Value; }
      |          ^
      |            _Nullable
/data/data/com.termux/files/home/ExynosTools-LSFG/external/VulkanMemoryAllocator/include/vk_mem_alloc.h:5466:10: note: insert '_Nonnull' if the pointer should never be null
 5466 |         T* operator->() const { VMA_HEAVY_ASSERT(m_pItem != VMA_NULL); return &m_pItem->Value; }
      |          ^
      |            _Nonnull
/data/data/com.termux/files/home/ExynosTools-LSFG/external/VulkanMemoryAllocator/include/vk_mem_alloc.h:5478:22: warning: pointer is missing a nullability type specifier (_Nonnull, _Nullable, or _Null_unspecified) [-Wnullability-completeness]
 5478 |         VmaRawList<T>* m_pList;
      |                      ^
/data/data/com.termux/files/home/ExynosTools-LSFG/external/VulkanMemoryAllocator/include/vk_mem_alloc.h:5478:22: note: insert '_Nullable' if the pointer may be null
 5478 |         VmaRawList<T>* m_pList;
      |                      ^
      |                        _Nullable
/data/data/com.termux/files/home/ExynosTools-LSFG/external/VulkanMemoryAllocator/include/vk_mem_alloc.h:5478:22: note: insert '_Nonnull' if the pointer should never be null
 5478 |         VmaRawList<T>* m_pList;
      |                      ^
      |                        _Nonnull
/data/data/com.termux/files/home/ExynosTools-LSFG/external/VulkanMemoryAllocator/include/vk_mem_alloc.h:5479:23: warning: pointer is missing a nullability type specifier (_Nonnull, _Nullable, or _Null_unspecified) [-Wnullability-completeness]
 5479 |         VmaListItem<T>* m_pItem;
      |                       ^
/data/data/com.termux/files/home/ExynosTools-LSFG/external/VulkanMemoryAllocator/include/vk_mem_alloc.h:5479:23: note: insert '_Nullable' if the pointer may be null
 5479 |         VmaListItem<T>* m_pItem;
      |                       ^
      |                         _Nullable
/data/data/com.termux/files/home/ExynosTools-LSFG/external/VulkanMemoryAllocator/include/vk_mem_alloc.h:5479:23: note: insert '_Nonnull' if the pointer should never be null
 5479 |         VmaListItem<T>* m_pItem;
      |                       ^
      |                         _Nonnull
/data/data/com.termux/files/home/ExynosTools-LSFG/external/VulkanMemoryAllocator/include/vk_mem_alloc.h:5481:31: warning: pointer is missing a nullability type specifier (_Nonnull, _Nullable, or _Null_unspecified) [-Wnullability-completeness]
 5481 |         iterator(VmaRawList<T>* pList, VmaListItem<T>* pItem) : m_pList(pList),  m_pItem(pItem) {}
      |                               ^
/data/data/com.termux/files/home/ExynosTools-LSFG/external/VulkanMemoryAllocator/include/vk_mem_alloc.h:5481:31: note: insert '_Nullable' if the pointer may be null
 5481 |         iterator(VmaRawList<T>* pList, VmaListItem<T>* pItem) : m_pList(pList),  m_pItem(pItem) {}
      |                               ^
      |                                 _Nullable
/data/data/com.termux/files/home/ExynosTools-LSFG/external/VulkanMemoryAllocator/include/vk_mem_alloc.h:5481:31: note: insert '_Nonnull' if the pointer should never be null
 5481 |         iterator(VmaRawList<T>* pList, VmaListItem<T>* pItem) : m_pList(pList),  m_pItem(pItem) {}
      |                               ^
      |                                 _Nonnull
/data/data/com.termux/files/home/ExynosTools-LSFG/external/VulkanMemoryAllocator/include/vk_mem_alloc.h:5481:54: warning: pointer is missing a nullability type specifier (_Nonnull, _Nullable, or _Null_unspecified) [-Wnullability-completeness]
 5481 |         iterator(VmaRawList<T>* pList, VmaListItem<T>* pItem) : m_pList(pList),  m_pItem(pItem) {}
      |                                                      ^
/data/data/com.termux/files/home/ExynosTools-LSFG/external/VulkanMemoryAllocator/include/vk_mem_alloc.h:5481:54: note: insert '_Nullable' if the pointer may be null
 5481 |         iterator(VmaRawList<T>* pList, VmaListItem<T>* pItem) : m_pList(pList),  m_pItem(pItem) {}
      |                                                      ^
      |                                                        _Nullable
/data/data/com.termux/files/home/ExynosTools-LSFG/external/VulkanMemoryAllocator/include/vk_mem_alloc.h:5481:54: note: insert '_Nonnull' if the pointer should never be null
 5481 |         iterator(VmaRawList<T>* pList, VmaListItem<T>* pItem) : m_pList(pList),  m_pItem(pItem) {}
      |                                                      ^
      |                                                        _Nonnull
/data/data/com.termux/files/home/ExynosTools-LSFG/external/VulkanMemoryAllocator/include/vk_mem_alloc.h:5492:10: warning: pointer is missing a nullability type specifier (_Nonnull, _Nullable, or _Null_unspecified) [-Wnullability-completeness]
 5492 |         T* operator->() const { VMA_HEAVY_ASSERT(m_pItem != VMA_NULL); return &m_pItem->Value; }
      |          ^
/data/data/com.termux/files/home/ExynosTools-LSFG/external/VulkanMemoryAllocator/include/vk_mem_alloc.h:5492:10: note: insert '_Nullable' if the pointer may be null
 5492 |         T* operator->() const { VMA_HEAVY_ASSERT(m_pItem != VMA_NULL); return &m_pItem->Value; }
      |          ^
      |            _Nullable
/data/data/com.termux/files/home/ExynosTools-LSFG/external/VulkanMemoryAllocator/include/vk_mem_alloc.h:5492:10: note: insert '_Nonnull' if the pointer should never be null
 5492 |         T* operator->() const { VMA_HEAVY_ASSERT(m_pItem != VMA_NULL); return &m_pItem->Value; }
      |          ^
      |            _Nonnull
/data/data/com.termux/files/home/ExynosTools-LSFG/external/VulkanMemoryAllocator/include/vk_mem_alloc.h:5504:22: warning: pointer is missing a nullability type specifier (_Nonnull, _Nullable, or _Null_unspecified) [-Wnullability-completeness]
 5504 |         VmaRawList<T>* m_pList;
      |                      ^
/data/data/com.termux/files/home/ExynosTools-LSFG/external/VulkanMemoryAllocator/include/vk_mem_alloc.h:5504:22: note: insert '_Nullable' if the pointer may be null
 5504 |         VmaRawList<T>* m_pList;
      |                      ^
      |                        _Nullable
/data/data/com.termux/files/home/ExynosTools-LSFG/external/VulkanMemoryAllocator/include/vk_mem_alloc.h:5504:22: note: insert '_Nonnull' if the pointer should never be null
 5504 |         VmaRawList<T>* m_pList;
      |                      ^
      |                        _Nonnull
/data/data/com.termux/files/home/ExynosTools-LSFG/external/VulkanMemoryAllocator/include/vk_mem_alloc.h:5505:23: warning: pointer is missing a nullability type specifier (_Nonnull, _Nullable, or _Null_unspecified) [-Wnullability-completeness]
 5505 |         VmaListItem<T>* m_pItem;
      |                       ^
/data/data/com.termux/files/home/ExynosTools-LSFG/external/VulkanMemoryAllocator/include/vk_mem_alloc.h:5505:23: note: insert '_Nullable' if the pointer may be null
 5505 |         VmaListItem<T>* m_pItem;
      |                       ^
      |                         _Nullable
/data/data/com.termux/files/home/ExynosTools-LSFG/external/VulkanMemoryAllocator/include/vk_mem_alloc.h:5505:23: note: insert '_Nonnull' if the pointer should never be null
 5505 |         VmaListItem<T>* m_pItem;
      |                       ^
      |                         _Nonnull
/data/data/com.termux/files/home/ExynosTools-LSFG/external/VulkanMemoryAllocator/include/vk_mem_alloc.h:5507:39: warning: pointer is missing a nullability type specifier (_Nonnull, _Nullable, or _Null_unspecified) [-Wnullability-completeness]
 5507 |         reverse_iterator(VmaRawList<T>* pList, VmaListItem<T>* pItem) : m_pList(pList),  m_pItem(pItem) {}
      |                                       ^
/data/data/com.termux/files/home/ExynosTools-LSFG/external/VulkanMemoryAllocator/include/vk_mem_alloc.h:5507:39: note: insert '_Nullable' if the pointer may be null
 5507 |         reverse_iterator(VmaRawList<T>* pList, VmaListItem<T>* pItem) : m_pList(pList),  m_pItem(pItem) {}
      |                                       ^
      |                                         _Nullable
/data/data/com.termux/files/home/ExynosTools-LSFG/external/VulkanMemoryAllocator/include/vk_mem_alloc.h:5507:39: note: insert '_Nonnull' if the pointer should never be null
 5507 |         reverse_iterator(VmaRawList<T>* pList, VmaListItem<T>* pItem) : m_pList(pList),  m_pItem(pItem) {}
      |                                       ^
      |                                         _Nonnull
/data/data/com.termux/files/home/ExynosTools-LSFG/external/VulkanMemoryAllocator/include/vk_mem_alloc.h:5507:62: warning: pointer is missing a nullability type specifier (_Nonnull, _Nullable, or _Null_unspecified) [-Wnullability-completeness]
 5507 |         reverse_iterator(VmaRawList<T>* pList, VmaListItem<T>* pItem) : m_pList(pList),  m_pItem(pItem) {}
      |                                                              ^
/data/data/com.termux/files/home/ExynosTools-LSFG/external/VulkanMemoryAllocator/include/vk_mem_alloc.h:5507:62: note: insert '_Nullable' if the pointer may be null
 5507 |         reverse_iterator(VmaRawList<T>* pList, VmaListItem<T>* pItem) : m_pList(pList),  m_pItem(pItem) {}
      |                                                              ^
      |                                                                _Nullable
/data/data/com.termux/files/home/ExynosTools-LSFG/external/VulkanMemoryAllocator/include/vk_mem_alloc.h:5507:62: note: insert '_Nonnull' if the pointer should never be null
 5507 |         reverse_iterator(VmaRawList<T>* pList, VmaListItem<T>* pItem) : m_pList(pList),  m_pItem(pItem) {}
      |                                                              ^
      |                                                                _Nonnull
/data/data/com.termux/files/home/ExynosTools-LSFG/external/VulkanMemoryAllocator/include/vk_mem_alloc.h:5520:16: warning: pointer is missing a nullability type specifier (_Nonnull, _Nullable, or _Null_unspecified) [-Wnullability-completeness]
 5520 |         const T* operator->() const { VMA_HEAVY_ASSERT(m_pItem != VMA_NULL); return &m_pItem->Value; }
      |                ^
/data/data/com.termux/files/home/ExynosTools-LSFG/external/VulkanMemoryAllocator/include/vk_mem_alloc.h:5520:16: note: insert '_Nullable' if the pointer may be null
 5520 |         const T* operator->() const { VMA_HEAVY_ASSERT(m_pItem != VMA_NULL); return &m_pItem->Value; }
      |                ^
      |                  _Nullable
/data/data/com.termux/files/home/ExynosTools-LSFG/external/VulkanMemoryAllocator/include/vk_mem_alloc.h:5520:16: note: insert '_Nonnull' if the pointer should never be null
 5520 |         const T* operator->() const { VMA_HEAVY_ASSERT(m_pItem != VMA_NULL); return &m_pItem->Value; }
      |                ^
      |                  _Nonnull
/data/data/com.termux/files/home/ExynosTools-LSFG/external/VulkanMemoryAllocator/include/vk_mem_alloc.h:5532:28: warning: pointer is missing a nullability type specifier (_Nonnull, _Nullable, or _Null_unspecified) [-Wnullability-completeness]
 5532 |         const VmaRawList<T>* m_pList;
      |                            ^
/data/data/com.termux/files/home/ExynosTools-LSFG/external/VulkanMemoryAllocator/include/vk_mem_alloc.h:5532:28: note: insert '_Nullable' if the pointer may be null
 5532 |         const VmaRawList<T>* m_pList;
      |                            ^
      |                              _Nullable
/data/data/com.termux/files/home/ExynosTools-LSFG/external/VulkanMemoryAllocator/include/vk_mem_alloc.h:5532:28: note: insert '_Nonnull' if the pointer should never be null
 5532 |         const VmaRawList<T>* m_pList;
      |                            ^
      |                              _Nonnull
/data/data/com.termux/files/home/ExynosTools-LSFG/external/VulkanMemoryAllocator/include/vk_mem_alloc.h:5533:29: warning: pointer is missing a nullability type specifier (_Nonnull, _Nullable, or _Null_unspecified) [-Wnullability-completeness]
 5533 |         const VmaListItem<T>* m_pItem;
      |                             ^
/data/data/com.termux/files/home/ExynosTools-LSFG/external/VulkanMemoryAllocator/include/vk_mem_alloc.h:5533:29: note: insert '_Nullable' if the pointer may be null
 5533 |         const VmaListItem<T>* m_pItem;
      |                             ^
      |                               _Nullable
/data/data/com.termux/files/home/ExynosTools-LSFG/external/VulkanMemoryAllocator/include/vk_mem_alloc.h:5533:29: note: insert '_Nonnull' if the pointer should never be null
 5533 |         const VmaListItem<T>* m_pItem;
      |                             ^
      |                               _Nonnull
/data/data/com.termux/files/home/ExynosTools-LSFG/external/VulkanMemoryAllocator/include/vk_mem_alloc.h:5535:43: warning: pointer is missing a nullability type specifier (_Nonnull, _Nullable, or _Null_unspecified) [-Wnullability-completeness]
 5535 |         const_iterator(const VmaRawList<T>* pList, const VmaListItem<T>* pItem) : m_pList(pList), m_pItem(pItem) {}
      |                                           ^
/data/data/com.termux/files/home/ExynosTools-LSFG/external/VulkanMemoryAllocator/include/vk_mem_alloc.h:5535:43: note: insert '_Nullable' if the pointer may be null
 5535 |         const_iterator(const VmaRawList<T>* pList, const VmaListItem<T>* pItem) : m_pList(pList), m_pItem(pItem) {}
      |                                           ^
      |                                             _Nullable
/data/data/com.termux/files/home/ExynosTools-LSFG/external/VulkanMemoryAllocator/include/vk_mem_alloc.h:5535:43: note: insert '_Nonnull' if the pointer should never be null
 5535 |         const_iterator(const VmaRawList<T>* pList, const VmaListItem<T>* pItem) : m_pList(pList), m_pItem(pItem) {}
      |                                           ^
      |                                             _Nonnull
/data/data/com.termux/files/home/ExynosTools-LSFG/external/VulkanMemoryAllocator/include/vk_mem_alloc.h:5535:72: warning: pointer is missing a nullability type specifier (_Nonnull, _Nullable, or _Null_unspecified) [-Wnullability-completeness]
 5535 |         const_iterator(const VmaRawList<T>* pList, const VmaListItem<T>* pItem) : m_pList(pList), m_pItem(pItem) {}
      |                                                                        ^
/data/data/com.termux/files/home/ExynosTools-LSFG/external/VulkanMemoryAllocator/include/vk_mem_alloc.h:5535:72: note: insert '_Nullable' if the pointer may be null
 5535 |         const_iterator(const VmaRawList<T>* pList, const VmaListItem<T>* pItem) : m_pList(pList), m_pItem(pItem) {}
      |                                                                        ^
      |                                                                          _Nullable
/data/data/com.termux/files/home/ExynosTools-LSFG/external/VulkanMemoryAllocator/include/vk_mem_alloc.h:5535:72: note: insert '_Nonnull' if the pointer should never be null
 5535 |         const_iterator(const VmaRawList<T>* pList, const VmaListItem<T>* pItem) : m_pList(pList), m_pItem(pItem) {}
      |                                                                        ^
      |                                                                          _Nonnull
/data/data/com.termux/files/home/ExynosTools-LSFG/external/VulkanMemoryAllocator/include/vk_mem_alloc.h:5548:16: warning: pointer is missing a nullability type specifier (_Nonnull, _Nullable, or _Null_unspecified) [-Wnullability-completeness]
 5548 |         const T* operator->() const { VMA_HEAVY_ASSERT(m_pItem != VMA_NULL); return &m_pItem->Value; }
      |                ^
/data/data/com.termux/files/home/ExynosTools-LSFG/external/VulkanMemoryAllocator/include/vk_mem_alloc.h:5548:16: note: insert '_Nullable' if the pointer may be null
 5548 |         const T* operator->() const { VMA_HEAVY_ASSERT(m_pItem != VMA_NULL); return &m_pItem->Value; }
      |                ^
      |                  _Nullable
/data/data/com.termux/files/home/ExynosTools-LSFG/external/VulkanMemoryAllocator/include/vk_mem_alloc.h:5548:16: note: insert '_Nonnull' if the pointer should never be null
 5548 |         const T* operator->() const { VMA_HEAVY_ASSERT(m_pItem != VMA_NULL); return &m_pItem->Value; }
      |                ^
      |                  _Nonnull
/data/data/com.termux/files/home/ExynosTools-LSFG/external/VulkanMemoryAllocator/include/vk_mem_alloc.h:5560:28: warning: pointer is missing a nullability type specifier (_Nonnull, _Nullable, or _Null_unspecified) [-Wnullability-completeness]
 5560 |         const VmaRawList<T>* m_pList;
      |                            ^
/data/data/com.termux/files/home/ExynosTools-LSFG/external/VulkanMemoryAllocator/include/vk_mem_alloc.h:5560:28: note: insert '_Nullable' if the pointer may be null
 5560 |         const VmaRawList<T>* m_pList;
      |                            ^
      |                              _Nullable
/data/data/com.termux/files/home/ExynosTools-LSFG/external/VulkanMemoryAllocator/include/vk_mem_alloc.h:5560:28: note: insert '_Nonnull' if the pointer should never be null
 5560 |         const VmaRawList<T>* m_pList;
      |                            ^
      |                              _Nonnull
/data/data/com.termux/files/home/ExynosTools-LSFG/external/VulkanMemoryAllocator/include/vk_mem_alloc.h:5561:29: warning: pointer is missing a nullability type specifier (_Nonnull, _Nullable, or _Null_unspecified) [-Wnullability-completeness]
 5561 |         const VmaListItem<T>* m_pItem;
      |                             ^
/data/data/com.termux/files/home/ExynosTools-LSFG/external/VulkanMemoryAllocator/include/vk_mem_alloc.h:5561:29: note: insert '_Nullable' if the pointer may be null
 5561 |         const VmaListItem<T>* m_pItem;
      |                             ^
      |                               _Nullable
/data/data/com.termux/files/home/ExynosTools-LSFG/external/VulkanMemoryAllocator/include/vk_mem_alloc.h:5561:29: note: insert '_Nonnull' if the pointer should never be null
 5561 |         const VmaListItem<T>* m_pItem;
      |                             ^
      |                               _Nonnull
/data/data/com.termux/files/home/ExynosTools-LSFG/external/VulkanMemoryAllocator/include/vk_mem_alloc.h:5563:51: warning: pointer is missing a nullability type specifier (_Nonnull, _Nullable, or _Null_unspecified) [-Wnullability-completeness]
 5563 |         const_reverse_iterator(const VmaRawList<T>* pList, const VmaListItem<T>* pItem) : m_pList(pList), m_pItem(pItem) {}
      |                                                   ^
/data/data/com.termux/files/home/ExynosTools-LSFG/external/VulkanMemoryAllocator/include/vk_mem_alloc.h:5563:51: note: insert '_Nullable' if the pointer may be null
 5563 |         const_reverse_iterator(const VmaRawList<T>* pList, const VmaListItem<T>* pItem) : m_pList(pList), m_pItem(pItem) {}
      |                                                   ^
      |                                                     _Nullable
/data/data/com.termux/files/home/ExynosTools-LSFG/external/VulkanMemoryAllocator/include/vk_mem_alloc.h:5563:51: note: insert '_Nonnull' if the pointer should never be null
 5563 |         const_reverse_iterator(const VmaRawList<T>* pList, const VmaListItem<T>* pItem) : m_pList(pList), m_pItem(pItem) {}
      |                                                   ^
      |                                                     _Nonnull
/data/data/com.termux/files/home/ExynosTools-LSFG/external/VulkanMemoryAllocator/include/vk_mem_alloc.h:5563:80: warning: pointer is missing a nullability type specifier (_Nonnull, _Nullable, or _Null_unspecified) [-Wnullability-completeness]
 5563 |         const_reverse_iterator(const VmaRawList<T>* pList, const VmaListItem<T>* pItem) : m_pList(pList), m_pItem(pItem) {}
      |                                                                                ^
/data/data/com.termux/files/home/ExynosTools-LSFG/external/VulkanMemoryAllocator/include/vk_mem_alloc.h:5563:80: note: insert '_Nullable' if the pointer may be null
 5563 |         const_reverse_iterator(const VmaRawList<T>* pList, const VmaListItem<T>* pItem) : m_pList(pList), m_pItem(pItem) {}
      |                                                                                ^
      |                                                                                  _Nullable
/data/data/com.termux/files/home/ExynosTools-LSFG/external/VulkanMemoryAllocator/include/vk_mem_alloc.h:5563:80: note: insert '_Nonnull' if the pointer should never be null
 5563 |         const_reverse_iterator(const VmaRawList<T>* pList, const VmaListItem<T>* pItem) : m_pList(pList), m_pItem(pItem) {}
      |                                                                                ^
      |                                                                                  _Nonnull
/data/data/com.termux/files/home/ExynosTools-LSFG/external/VulkanMemoryAllocator/include/vk_mem_alloc.h:5679:44: warning: pointer is missing a nullability type specifier (_Nonnull, _Nullable, or _Null_unspecified) [-Wnullability-completeness]
 5679 |     static ItemType* GetPrev(const ItemType* item) { return ItemTypeTraits::GetPrev(item); }
      |                                            ^
/data/data/com.termux/files/home/ExynosTools-LSFG/external/VulkanMemoryAllocator/include/vk_mem_alloc.h:5679:44: note: insert '_Nullable' if the pointer may be null
 5679 |     static ItemType* GetPrev(const ItemType* item) { return ItemTypeTraits::GetPrev(item); }
      |                                            ^
      |                                              _Nullable
/data/data/com.termux/files/home/ExynosTools-LSFG/external/VulkanMemoryAllocator/include/vk_mem_alloc.h:5679:44: note: insert '_Nonnull' if the pointer should never be null
 5679 |     static ItemType* GetPrev(const ItemType* item) { return ItemTypeTraits::GetPrev(item); }
      |                                            ^
      |                                              _Nonnull
/data/data/com.termux/files/home/ExynosTools-LSFG/external/VulkanMemoryAllocator/include/vk_mem_alloc.h:5679:20: warning: pointer is missing a nullability type specifier (_Nonnull, _Nullable, or _Null_unspecified) [-Wnullability-completeness]
 5679 |     static ItemType* GetPrev(const ItemType* item) { return ItemTypeTraits::GetPrev(item); }
      |                    ^
/data/data/com.termux/files/home/ExynosTools-LSFG/external/VulkanMemoryAllocator/include/vk_mem_alloc.h:5679:20: note: insert '_Nullable' if the pointer may be null
 5679 |     static ItemType* GetPrev(const ItemType* item) { return ItemTypeTraits::GetPrev(item); }
      |                    ^
      |                      _Nullable
/data/data/com.termux/files/home/ExynosTools-LSFG/external/VulkanMemoryAllocator/include/vk_mem_alloc.h:5679:20: note: insert '_Nonnull' if the pointer should never be null
 5679 |     static ItemType* GetPrev(const ItemType* item) { return ItemTypeTraits::GetPrev(item); }
      |                    ^
      |                      _Nonnull
/data/data/com.termux/files/home/ExynosTools-LSFG/external/VulkanMemoryAllocator/include/vk_mem_alloc.h:5680:44: warning: pointer is missing a nullability type specifier (_Nonnull, _Nullable, or _Null_unspecified) [-Wnullability-completeness]
 5680 |     static ItemType* GetNext(const ItemType* item) { return ItemTypeTraits::GetNext(item); }
      |                                            ^
/data/data/com.termux/files/home/ExynosTools-LSFG/external/VulkanMemoryAllocator/include/vk_mem_alloc.h:5680:44: note: insert '_Nullable' if the pointer may be null
 5680 |     static ItemType* GetNext(const ItemType* item) { return ItemTypeTraits::GetNext(item); }
      |                                            ^
      |                                              _Nullable
/data/data/com.termux/files/home/ExynosTools-LSFG/external/VulkanMemoryAllocator/include/vk_mem_alloc.h:5680:44: note: insert '_Nonnull' if the pointer should never be null
 5680 |     static ItemType* GetNext(const ItemType* item) { return ItemTypeTraits::GetNext(item); }
      |                                            ^
      |                                              _Nonnull
/data/data/com.termux/files/home/ExynosTools-LSFG/external/VulkanMemoryAllocator/include/vk_mem_alloc.h:5680:20: warning: pointer is missing a nullability type specifier (_Nonnull, _Nullable, or _Null_unspecified) [-Wnullability-completeness]
 5680 |     static ItemType* GetNext(const ItemType* item) { return ItemTypeTraits::GetNext(item); }
      |                    ^
/data/data/com.termux/files/home/ExynosTools-LSFG/external/VulkanMemoryAllocator/include/vk_mem_alloc.h:5680:20: note: insert '_Nullable' if the pointer may be null
 5680 |     static ItemType* GetNext(const ItemType* item) { return ItemTypeTraits::GetNext(item); }
      |                    ^
      |                      _Nullable
/data/data/com.termux/files/home/ExynosTools-LSFG/external/VulkanMemoryAllocator/include/vk_mem_alloc.h:5680:20: note: insert '_Nonnull' if the pointer should never be null
 5680 |     static ItemType* GetNext(const ItemType* item) { return ItemTypeTraits::GetNext(item); }
      |                    ^
      |                      _Nonnull
/data/data/com.termux/files/home/ExynosTools-LSFG/external/VulkanMemoryAllocator/include/vk_mem_alloc.h:5692:13: warning: pointer is missing a nullability type specifier (_Nonnull, _Nullable, or _Null_unspecified) [-Wnullability-completeness]
 5692 |     ItemType* Front() { return m_Front; }
      |             ^
/data/data/com.termux/files/home/ExynosTools-LSFG/external/VulkanMemoryAllocator/include/vk_mem_alloc.h:5692:13: note: insert '_Nullable' if the pointer may be null
 5692 |     ItemType* Front() { return m_Front; }
      |             ^
      |               _Nullable
/data/data/com.termux/files/home/ExynosTools-LSFG/external/VulkanMemoryAllocator/include/vk_mem_alloc.h:5692:13: note: insert '_Nonnull' if the pointer should never be null
 5692 |     ItemType* Front() { return m_Front; }
      |             ^
      |               _Nonnull
/data/data/com.termux/files/home/ExynosTools-LSFG/external/VulkanMemoryAllocator/include/vk_mem_alloc.h:5693:13: warning: pointer is missing a nullability type specifier (_Nonnull, _Nullable, or _Null_unspecified) [-Wnullability-completeness]
 5693 |     ItemType* Back() { return m_Back; }
      |             ^
/data/data/com.termux/files/home/ExynosTools-LSFG/external/VulkanMemoryAllocator/include/vk_mem_alloc.h:5693:13: note: insert '_Nullable' if the pointer may be null
 5693 |     ItemType* Back() { return m_Back; }
      |             ^
      |               _Nullable
/data/data/com.termux/files/home/ExynosTools-LSFG/external/VulkanMemoryAllocator/include/vk_mem_alloc.h:5693:13: note: insert '_Nonnull' if the pointer should never be null
 5693 |     ItemType* Back() { return m_Back; }
      |             ^
      |               _Nonnull
/data/data/com.termux/files/home/ExynosTools-LSFG/external/VulkanMemoryAllocator/include/vk_mem_alloc.h:5694:19: warning: pointer is missing a nullability type specifier (_Nonnull, _Nullable, or _Null_unspecified) [-Wnullability-completeness]
 5694 |     const ItemType* Front() const { return m_Front; }
      |                   ^
/data/data/com.termux/files/home/ExynosTools-LSFG/external/VulkanMemoryAllocator/include/vk_mem_alloc.h:5694:19: note: insert '_Nullable' if the pointer may be null
 5694 |     const ItemType* Front() const { return m_Front; }
      |                   ^
      |                     _Nullable
/data/data/com.termux/files/home/ExynosTools-LSFG/external/VulkanMemoryAllocator/include/vk_mem_alloc.h:5694:19: note: insert '_Nonnull' if the pointer should never be null
 5694 |     const ItemType* Front() const { return m_Front; }
      |                   ^
      |                     _Nonnull
/data/data/com.termux/files/home/ExynosTools-LSFG/external/VulkanMemoryAllocator/include/vk_mem_alloc.h:5695:19: warning: pointer is missing a nullability type specifier (_Nonnull, _Nullable, or _Null_unspecified) [-Wnullability-completeness]
 5695 |     const ItemType* Back() const { return m_Back; }
      |                   ^
/data/data/com.termux/files/home/ExynosTools-LSFG/external/VulkanMemoryAllocator/include/vk_mem_alloc.h:5695:19: note: insert '_Nullable' if the pointer may be null
 5695 |     const ItemType* Back() const { return m_Back; }
      |                   ^
      |                     _Nullable
/data/data/com.termux/files/home/ExynosTools-LSFG/external/VulkanMemoryAllocator/include/vk_mem_alloc.h:5695:19: note: insert '_Nonnull' if the pointer should never be null
 5695 |     const ItemType* Back() const { return m_Back; }
      |                   ^
      |                     _Nonnull
/data/data/com.termux/files/home/ExynosTools-LSFG/external/VulkanMemoryAllocator/include/vk_mem_alloc.h:5697:27: warning: pointer is missing a nullability type specifier (_Nonnull, _Nullable, or _Null_unspecified) [-Wnullability-completeness]
 5697 |     void PushBack(ItemType* item);
      |                           ^
/data/data/com.termux/files/home/ExynosTools-LSFG/external/VulkanMemoryAllocator/include/vk_mem_alloc.h:5697:27: note: insert '_Nullable' if the pointer may be null
 5697 |     void PushBack(ItemType* item);
      |                           ^
      |                             _Nullable
/data/data/com.termux/files/home/ExynosTools-LSFG/external/VulkanMemoryAllocator/include/vk_mem_alloc.h:5697:27: note: insert '_Nonnull' if the pointer should never be null
 5697 |     void PushBack(ItemType* item);
      |                           ^
      |                             _Nonnull
/data/data/com.termux/files/home/ExynosTools-LSFG/external/VulkanMemoryAllocator/include/vk_mem_alloc.h:5698:28: warning: pointer is missing a nullability type specifier (_Nonnull, _Nullable, or _Null_unspecified) [-Wnullability-completeness]
 5698 |     void PushFront(ItemType* item);
      |                            ^
/data/data/com.termux/files/home/ExynosTools-LSFG/external/VulkanMemoryAllocator/include/vk_mem_alloc.h:5698:28: note: insert '_Nullable' if the pointer may be null
 5698 |     void PushFront(ItemType* item);
      |                            ^
      |                              _Nullable
/data/data/com.termux/files/home/ExynosTools-LSFG/external/VulkanMemoryAllocator/include/vk_mem_alloc.h:5698:28: note: insert '_Nonnull' if the pointer should never be null
 5698 |     void PushFront(ItemType* item);
      |                            ^
      |                              _Nonnull
/data/data/com.termux/files/home/ExynosTools-LSFG/external/VulkanMemoryAllocator/include/vk_mem_alloc.h:5699:13: warning: pointer is missing a nullability type specifier (_Nonnull, _Nullable, or _Null_unspecified) [-Wnullability-completeness]
 5699 |     ItemType* PopBack();
      |             ^
/data/data/com.termux/files/home/ExynosTools-LSFG/external/VulkanMemoryAllocator/include/vk_mem_alloc.h:5699:13: note: insert '_Nullable' if the pointer may be null
 5699 |     ItemType* PopBack();
      |             ^
      |               _Nullable
/data/data/com.termux/files/home/ExynosTools-LSFG/external/VulkanMemoryAllocator/include/vk_mem_alloc.h:5699:13: note: insert '_Nonnull' if the pointer should never be null
 5699 |     ItemType* PopBack();
      |             ^
      |               _Nonnull
/data/data/com.termux/files/home/ExynosTools-LSFG/external/VulkanMemoryAllocator/include/vk_mem_alloc.h:5700:13: warning: pointer is missing a nullability type specifier (_Nonnull, _Nullable, or _Null_unspecified) [-Wnullability-completeness]
 5700 |     ItemType* PopFront();
      |             ^
/data/data/com.termux/files/home/ExynosTools-LSFG/external/VulkanMemoryAllocator/include/vk_mem_alloc.h:5700:13: note: insert '_Nullable' if the pointer may be null
 5700 |     ItemType* PopFront();
      |             ^
      |               _Nullable
/data/data/com.termux/files/home/ExynosTools-LSFG/external/VulkanMemoryAllocator/include/vk_mem_alloc.h:5700:13: note: insert '_Nonnull' if the pointer should never be null
 5700 |     ItemType* PopFront();
      |             ^
      |               _Nonnull
/data/data/com.termux/files/home/ExynosTools-LSFG/external/VulkanMemoryAllocator/include/vk_mem_alloc.h:5703:31: warning: pointer is missing a nullability type specifier (_Nonnull, _Nullable, or _Null_unspecified) [-Wnullability-completeness]
 5703 |     void InsertBefore(ItemType* existingItem, ItemType* newItem);
      |                               ^
/data/data/com.termux/files/home/ExynosTools-LSFG/external/VulkanMemoryAllocator/include/vk_mem_alloc.h:5703:31: note: insert '_Nullable' if the pointer may be null
 5703 |     void InsertBefore(ItemType* existingItem, ItemType* newItem);
      |                               ^
      |                                 _Nullable
/data/data/com.termux/files/home/ExynosTools-LSFG/external/VulkanMemoryAllocator/include/vk_mem_alloc.h:5703:31: note: insert '_Nonnull' if the pointer should never be null
 5703 |     void InsertBefore(ItemType* existingItem, ItemType* newItem);
      |                               ^
      |                                 _Nonnull
/data/data/com.termux/files/home/ExynosTools-LSFG/external/VulkanMemoryAllocator/include/vk_mem_alloc.h:5703:55: warning: pointer is missing a nullability type specifier (_Nonnull, _Nullable, or _Null_unspecified) [-Wnullability-completeness]
 5703 |     void InsertBefore(ItemType* existingItem, ItemType* newItem);
      |                                                       ^
/data/data/com.termux/files/home/ExynosTools-LSFG/external/VulkanMemoryAllocator/include/vk_mem_alloc.h:5703:55: note: insert '_Nullable' if the pointer may be null
 5703 |     void InsertBefore(ItemType* existingItem, ItemType* newItem);
      |                                                       ^
      |                                                         _Nullable
/data/data/com.termux/files/home/ExynosTools-LSFG/external/VulkanMemoryAllocator/include/vk_mem_alloc.h:5703:55: note: insert '_Nonnull' if the pointer should never be null
 5703 |     void InsertBefore(ItemType* existingItem, ItemType* newItem);
      |                                                       ^
      |                                                         _Nonnull
/data/data/com.termux/files/home/ExynosTools-LSFG/external/VulkanMemoryAllocator/include/vk_mem_alloc.h:5705:30: warning: pointer is missing a nullability type specifier (_Nonnull, _Nullable, or _Null_unspecified) [-Wnullability-completeness]
 5705 |     void InsertAfter(ItemType* existingItem, ItemType* newItem);
      |                              ^
/data/data/com.termux/files/home/ExynosTools-LSFG/external/VulkanMemoryAllocator/include/vk_mem_alloc.h:5705:30: note: insert '_Nullable' if the pointer may be null
 5705 |     void InsertAfter(ItemType* existingItem, ItemType* newItem);
      |                              ^
      |                                _Nullable
/data/data/com.termux/files/home/ExynosTools-LSFG/external/VulkanMemoryAllocator/include/vk_mem_alloc.h:5705:30: note: insert '_Nonnull' if the pointer should never be null
 5705 |     void InsertAfter(ItemType* existingItem, ItemType* newItem);
      |                              ^
      |                                _Nonnull
/data/data/com.termux/files/home/ExynosTools-LSFG/external/VulkanMemoryAllocator/include/vk_mem_alloc.h:5705:54: warning: pointer is missing a nullability type specifier (_Nonnull, _Nullable, or _Null_unspecified) [-Wnullability-completeness]
 5705 |     void InsertAfter(ItemType* existingItem, ItemType* newItem);
      |                                                      ^
/data/data/com.termux/files/home/ExynosTools-LSFG/external/VulkanMemoryAllocator/include/vk_mem_alloc.h:5705:54: note: insert '_Nullable' if the pointer may be null
 5705 |     void InsertAfter(ItemType* existingItem, ItemType* newItem);
      |                                                      ^
      |                                                        _Nullable
/data/data/com.termux/files/home/ExynosTools-LSFG/external/VulkanMemoryAllocator/include/vk_mem_alloc.h:5705:54: note: insert '_Nonnull' if the pointer should never be null
 5705 |     void InsertAfter(ItemType* existingItem, ItemType* newItem);
      |                                                      ^
      |                                                        _Nonnull
/data/data/com.termux/files/home/ExynosTools-LSFG/external/VulkanMemoryAllocator/include/vk_mem_alloc.h:5706:25: warning: pointer is missing a nullability type specifier (_Nonnull, _Nullable, or _Null_unspecified) [-Wnullability-completeness]
 5706 |     void Remove(ItemType* item);
      |                         ^
/data/data/com.termux/files/home/ExynosTools-LSFG/external/VulkanMemoryAllocator/include/vk_mem_alloc.h:5706:25: note: insert '_Nullable' if the pointer may be null
 5706 |     void Remove(ItemType* item);
      |                         ^
      |                           _Nullable
/data/data/com.termux/files/home/ExynosTools-LSFG/external/VulkanMemoryAllocator/include/vk_mem_alloc.h:5706:25: note: insert '_Nonnull' if the pointer should never be null
 5706 |     void Remove(ItemType* item);
      |                         ^
      |                           _Nonnull
/data/data/com.termux/files/home/ExynosTools-LSFG/external/VulkanMemoryAllocator/include/vk_mem_alloc.h:5710:13: warning: pointer is missing a nullability type specifier (_Nonnull, _Nullable, or _Null_unspecified) [-Wnullability-completeness]
 5710 |     ItemType* m_Front = VMA_NULL;
      |             ^
/data/data/com.termux/files/home/ExynosTools-LSFG/external/VulkanMemoryAllocator/include/vk_mem_alloc.h:5710:13: note: insert '_Nullable' if the pointer may be null
 5710 |     ItemType* m_Front = VMA_NULL;
      |             ^
      |               _Nullable
/data/data/com.termux/files/home/ExynosTools-LSFG/external/VulkanMemoryAllocator/include/vk_mem_alloc.h:5710:13: note: insert '_Nonnull' if the pointer should never be null
 5710 |     ItemType* m_Front = VMA_NULL;
      |             ^
      |               _Nonnull
/data/data/com.termux/files/home/ExynosTools-LSFG/external/VulkanMemoryAllocator/include/vk_mem_alloc.h:5711:13: warning: pointer is missing a nullability type specifier (_Nonnull, _Nullable, or _Null_unspecified) [-Wnullability-completeness]
 5711 |     ItemType* m_Back = VMA_NULL;
      |             ^
/data/data/com.termux/files/home/ExynosTools-LSFG/external/VulkanMemoryAllocator/include/vk_mem_alloc.h:5711:13: note: insert '_Nullable' if the pointer may be null
 5711 |     ItemType* m_Back = VMA_NULL;
      |             ^
      |               _Nullable
/data/data/com.termux/files/home/ExynosTools-LSFG/external/VulkanMemoryAllocator/include/vk_mem_alloc.h:5711:13: note: insert '_Nonnull' if the pointer should never be null
 5711 |     ItemType* m_Back = VMA_NULL;
      |             ^
      |               _Nonnull
/data/data/com.termux/files/home/ExynosTools-LSFG/external/VulkanMemoryAllocator/include/vk_mem_alloc.h:5740:63: warning: pointer is missing a nullability type specifier (_Nonnull, _Nullable, or _Null_unspecified) [-Wnullability-completeness]
 5740 | void VmaIntrusiveLinkedList<ItemTypeTraits>::PushBack(ItemType* item)
      |                                                               ^
/data/data/com.termux/files/home/ExynosTools-LSFG/external/VulkanMemoryAllocator/include/vk_mem_alloc.h:5740:63: note: insert '_Nullable' if the pointer may be null
 5740 | void VmaIntrusiveLinkedList<ItemTypeTraits>::PushBack(ItemType* item)
      |                                                               ^
      |                                                                 _Nullable
/data/data/com.termux/files/home/ExynosTools-LSFG/external/VulkanMemoryAllocator/include/vk_mem_alloc.h:5740:63: note: insert '_Nonnull' if the pointer should never be null
 5740 | void VmaIntrusiveLinkedList<ItemTypeTraits>::PushBack(ItemType* item)
      |                                                               ^
      |                                                                 _Nonnull
/data/data/com.termux/files/home/ExynosTools-LSFG/external/VulkanMemoryAllocator/include/vk_mem_alloc.h:5759:64: warning: pointer is missing a nullability type specifier (_Nonnull, _Nullable, or _Null_unspecified) [-Wnullability-completeness]
 5759 | void VmaIntrusiveLinkedList<ItemTypeTraits>::PushFront(ItemType* item)
      |                                                                ^
/data/data/com.termux/files/home/ExynosTools-LSFG/external/VulkanMemoryAllocator/include/vk_mem_alloc.h:5759:64: note: insert '_Nullable' if the pointer may be null
 5759 | void VmaIntrusiveLinkedList<ItemTypeTraits>::PushFront(ItemType* item)
      |                                                                ^
      |                                                                  _Nullable
/data/data/com.termux/files/home/ExynosTools-LSFG/external/VulkanMemoryAllocator/include/vk_mem_alloc.h:5759:64: note: insert '_Nonnull' if the pointer should never be null
 5759 | void VmaIntrusiveLinkedList<ItemTypeTraits>::PushFront(ItemType* item)
      |                                                                ^
      |                                                                  _Nonnull
/data/data/com.termux/files/home/ExynosTools-LSFG/external/VulkanMemoryAllocator/include/vk_mem_alloc.h:5778:58: warning: pointer is missing a nullability type specifier (_Nonnull, _Nullable, or _Null_unspecified) [-Wnullability-completeness]
 5778 | typename VmaIntrusiveLinkedList<ItemTypeTraits>::ItemType* VmaIntrusiveLinkedList<ItemTypeTraits>::PopBack()
      |                                                          ^
/data/data/com.termux/files/home/ExynosTools-LSFG/external/VulkanMemoryAllocator/include/vk_mem_alloc.h:5778:58: note: insert '_Nullable' if the pointer may be null
 5778 | typename VmaIntrusiveLinkedList<ItemTypeTraits>::ItemType* VmaIntrusiveLinkedList<ItemTypeTraits>::PopBack()
      |                                                          ^
      |                                                            _Nullable
/data/data/com.termux/files/home/ExynosTools-LSFG/external/VulkanMemoryAllocator/include/vk_mem_alloc.h:5778:58: note: insert '_Nonnull' if the pointer should never be null
 5778 | typename VmaIntrusiveLinkedList<ItemTypeTraits>::ItemType* VmaIntrusiveLinkedList<ItemTypeTraits>::PopBack()
      |                                                          ^
      |                                                            _Nonnull
/data/data/com.termux/files/home/ExynosTools-LSFG/external/VulkanMemoryAllocator/include/vk_mem_alloc.h:5795:58: warning: pointer is missing a nullability type specifier (_Nonnull, _Nullable, or _Null_unspecified) [-Wnullability-completeness]
 5795 | typename VmaIntrusiveLinkedList<ItemTypeTraits>::ItemType* VmaIntrusiveLinkedList<ItemTypeTraits>::PopFront()
      |                                                          ^
/data/data/com.termux/files/home/ExynosTools-LSFG/external/VulkanMemoryAllocator/include/vk_mem_alloc.h:5795:58: note: insert '_Nullable' if the pointer may be null
 5795 | typename VmaIntrusiveLinkedList<ItemTypeTraits>::ItemType* VmaIntrusiveLinkedList<ItemTypeTraits>::PopFront()
      |                                                          ^
      |                                                            _Nullable
/data/data/com.termux/files/home/ExynosTools-LSFG/external/VulkanMemoryAllocator/include/vk_mem_alloc.h:5795:58: note: insert '_Nonnull' if the pointer should never be null
 5795 | typename VmaIntrusiveLinkedList<ItemTypeTraits>::ItemType* VmaIntrusiveLinkedList<ItemTypeTraits>::PopFront()
      |                                                          ^
      |                                                            _Nonnull
/data/data/com.termux/files/home/ExynosTools-LSFG/external/VulkanMemoryAllocator/include/vk_mem_alloc.h:5812:67: warning: pointer is missing a nullability type specifier (_Nonnull, _Nullable, or _Null_unspecified) [-Wnullability-completeness]
 5812 | void VmaIntrusiveLinkedList<ItemTypeTraits>::InsertBefore(ItemType* existingItem, ItemType* newItem)
      |                                                                   ^
/data/data/com.termux/files/home/ExynosTools-LSFG/external/VulkanMemoryAllocator/include/vk_mem_alloc.h:5812:67: note: insert '_Nullable' if the pointer may be null
 5812 | void VmaIntrusiveLinkedList<ItemTypeTraits>::InsertBefore(ItemType* existingItem, ItemType* newItem)
      |                                                                   ^
      |                                                                     _Nullable
/data/data/com.termux/files/home/ExynosTools-LSFG/external/VulkanMemoryAllocator/include/vk_mem_alloc.h:5812:67: note: insert '_Nonnull' if the pointer should never be null
 5812 | void VmaIntrusiveLinkedList<ItemTypeTraits>::InsertBefore(ItemType* existingItem, ItemType* newItem)
      |                                                                   ^
      |                                                                     _Nonnull
/data/data/com.termux/files/home/ExynosTools-LSFG/external/VulkanMemoryAllocator/include/vk_mem_alloc.h:5812:91: warning: pointer is missing a nullability type specifier (_Nonnull, _Nullable, or _Null_unspecified) [-Wnullability-completeness]
 5812 | void VmaIntrusiveLinkedList<ItemTypeTraits>::InsertBefore(ItemType* existingItem, ItemType* newItem)
      |                                                                                           ^
/data/data/com.termux/files/home/ExynosTools-LSFG/external/VulkanMemoryAllocator/include/vk_mem_alloc.h:5812:91: note: insert '_Nullable' if the pointer may be null
 5812 | void VmaIntrusiveLinkedList<ItemTypeTraits>::InsertBefore(ItemType* existingItem, ItemType* newItem)
      |                                                                                           ^
      |                                                                                             _Nullable
/data/data/com.termux/files/home/ExynosTools-LSFG/external/VulkanMemoryAllocator/include/vk_mem_alloc.h:5812:91: note: insert '_Nonnull' if the pointer should never be null
 5812 | void VmaIntrusiveLinkedList<ItemTypeTraits>::InsertBefore(ItemType* existingItem, ItemType* newItem)
      |                                                                                           ^
      |                                                                                             _Nonnull
/data/data/com.termux/files/home/ExynosTools-LSFG/external/VulkanMemoryAllocator/include/vk_mem_alloc.h:5837:66: warning: pointer is missing a nullability type specifier (_Nonnull, _Nullable, or _Null_unspecified) [-Wnullability-completeness]
 5837 | void VmaIntrusiveLinkedList<ItemTypeTraits>::InsertAfter(ItemType* existingItem, ItemType* newItem)
      |                                                                  ^
/data/data/com.termux/files/home/ExynosTools-LSFG/external/VulkanMemoryAllocator/include/vk_mem_alloc.h:5837:66: note: insert '_Nullable' if the pointer may be null
 5837 | void VmaIntrusiveLinkedList<ItemTypeTraits>::InsertAfter(ItemType* existingItem, ItemType* newItem)
      |                                                                  ^
      |                                                                    _Nullable
/data/data/com.termux/files/home/ExynosTools-LSFG/external/VulkanMemoryAllocator/include/vk_mem_alloc.h:5837:66: note: insert '_Nonnull' if the pointer should never be null
 5837 | void VmaIntrusiveLinkedList<ItemTypeTraits>::InsertAfter(ItemType* existingItem, ItemType* newItem)
      |                                                                  ^
      |                                                                    _Nonnull
/data/data/com.termux/files/home/ExynosTools-LSFG/external/VulkanMemoryAllocator/include/vk_mem_alloc.h:5837:90: warning: pointer is missing a nullability type specifier (_Nonnull, _Nullable, or _Null_unspecified) [-Wnullability-completeness]
 5837 | void VmaIntrusiveLinkedList<ItemTypeTraits>::InsertAfter(ItemType* existingItem, ItemType* newItem)
      |                                                                                          ^
/data/data/com.termux/files/home/ExynosTools-LSFG/external/VulkanMemoryAllocator/include/vk_mem_alloc.h:5837:90: note: insert '_Nullable' if the pointer may be null
 5837 | void VmaIntrusiveLinkedList<ItemTypeTraits>::InsertAfter(ItemType* existingItem, ItemType* newItem)
      |                                                                                          ^
      |                                                                                            _Nullable
/data/data/com.termux/files/home/ExynosTools-LSFG/external/VulkanMemoryAllocator/include/vk_mem_alloc.h:5837:90: note: insert '_Nonnull' if the pointer should never be null
 5837 | void VmaIntrusiveLinkedList<ItemTypeTraits>::InsertAfter(ItemType* existingItem, ItemType* newItem)
      |                                                                                          ^
      |                                                                                            _Nonnull
/data/data/com.termux/files/home/ExynosTools-LSFG/external/VulkanMemoryAllocator/include/vk_mem_alloc.h:5862:61: warning: pointer is missing a nullability type specifier (_Nonnull, _Nullable, or _Null_unspecified) [-Wnullability-completeness]
 5862 | void VmaIntrusiveLinkedList<ItemTypeTraits>::Remove(ItemType* item)
      |                                                             ^
/data/data/com.termux/files/home/ExynosTools-LSFG/external/VulkanMemoryAllocator/include/vk_mem_alloc.h:5862:61: note: insert '_Nullable' if the pointer may be null
 5862 | void VmaIntrusiveLinkedList<ItemTypeTraits>::Remove(ItemType* item)
      |                                                             ^
      |                                                               _Nullable
/data/data/com.termux/files/home/ExynosTools-LSFG/external/VulkanMemoryAllocator/include/vk_mem_alloc.h:5862:61: note: insert '_Nonnull' if the pointer should never be null
 5862 | void VmaIntrusiveLinkedList<ItemTypeTraits>::Remove(ItemType* item)
      |                                                             ^
      |                                                               _Nonnull
/data/data/com.termux/files/home/ExynosTools-LSFG/external/VulkanMemoryAllocator/include/vk_mem_alloc.h:5914:58: warning: pointer is missing a nullability type specifier (_Nonnull, _Nullable, or _Null_unspecified) [-Wnullability-completeness]
 5914 |     explicit VmaStringBuilder(const VkAllocationCallbacks* allocationCallbacks) : m_Data(VmaStlAllocator<char>(allocationCallbacks)) {}
      |                                                          ^
/data/data/com.termux/files/home/ExynosTools-LSFG/external/VulkanMemoryAllocator/include/vk_mem_alloc.h:5914:58: note: insert '_Nullable' if the pointer may be null
 5914 |     explicit VmaStringBuilder(const VkAllocationCallbacks* allocationCallbacks) : m_Data(VmaStlAllocator<char>(allocationCallbacks)) {}
      |                                                          ^
      |                                                            _Nullable
/data/data/com.termux/files/home/ExynosTools-LSFG/external/VulkanMemoryAllocator/include/vk_mem_alloc.h:5914:58: note: insert '_Nonnull' if the pointer should never be null
 5914 |     explicit VmaStringBuilder(const VkAllocationCallbacks* allocationCallbacks) : m_Data(VmaStlAllocator<char>(allocationCallbacks)) {}
      |                                                          ^
      |                                                            _Nonnull
/data/data/com.termux/files/home/ExynosTools-LSFG/external/VulkanMemoryAllocator/include/vk_mem_alloc.h:5919:15: warning: pointer is missing a nullability type specifier (_Nonnull, _Nullable, or _Null_unspecified) [-Wnullability-completeness]
 5919 |     const char* GetData() const { return m_Data.data(); }
      |               ^
/data/data/com.termux/files/home/ExynosTools-LSFG/external/VulkanMemoryAllocator/include/vk_mem_alloc.h:5919:15: note: insert '_Nullable' if the pointer may be null
 5919 |     const char* GetData() const { return m_Data.data(); }
      |               ^
      |                 _Nullable
/data/data/com.termux/files/home/ExynosTools-LSFG/external/VulkanMemoryAllocator/include/vk_mem_alloc.h:5919:15: note: insert '_Nonnull' if the pointer should never be null
 5919 |     const char* GetData() const { return m_Data.data(); }
      |               ^
      |                 _Nonnull
/data/data/com.termux/files/home/ExynosTools-LSFG/external/VulkanMemoryAllocator/include/vk_mem_alloc.h:5923:24: warning: pointer is missing a nullability type specifier (_Nonnull, _Nullable, or _Null_unspecified) [-Wnullability-completeness]
 5923 |     void Add(const char* pStr);
      |                        ^
/data/data/com.termux/files/home/ExynosTools-LSFG/external/VulkanMemoryAllocator/include/vk_mem_alloc.h:5923:24: note: insert '_Nullable' if the pointer may be null
 5923 |     void Add(const char* pStr);
      |                        ^
      |                          _Nullable
/data/data/com.termux/files/home/ExynosTools-LSFG/external/VulkanMemoryAllocator/include/vk_mem_alloc.h:5923:24: note: insert '_Nonnull' if the pointer should never be null
 5923 |     void Add(const char* pStr);
      |                        ^
      |                          _Nonnull
/data/data/com.termux/files/home/ExynosTools-LSFG/external/VulkanMemoryAllocator/include/vk_mem_alloc.h:5926:31: warning: pointer is missing a nullability type specifier (_Nonnull, _Nullable, or _Null_unspecified) [-Wnullability-completeness]
 5926 |     void AddPointer(const void* ptr);
      |                               ^
/data/data/com.termux/files/home/ExynosTools-LSFG/external/VulkanMemoryAllocator/include/vk_mem_alloc.h:5926:31: note: insert '_Nullable' if the pointer may be null
 5926 |     void AddPointer(const void* ptr);
      |                               ^
      |                                 _Nullable
/data/data/com.termux/files/home/ExynosTools-LSFG/external/VulkanMemoryAllocator/include/vk_mem_alloc.h:5926:31: note: insert '_Nonnull' if the pointer should never be null
 5926 |     void AddPointer(const void* ptr);
      |                               ^
      |                                 _Nonnull
/data/data/com.termux/files/home/ExynosTools-LSFG/external/VulkanMemoryAllocator/include/vk_mem_alloc.h:5933:38: warning: pointer is missing a nullability type specifier (_Nonnull, _Nullable, or _Null_unspecified) [-Wnullability-completeness]
 5933 | void VmaStringBuilder::Add(const char* pStr)
      |                                      ^
/data/data/com.termux/files/home/ExynosTools-LSFG/external/VulkanMemoryAllocator/include/vk_mem_alloc.h:5933:38: note: insert '_Nullable' if the pointer may be null
 5933 | void VmaStringBuilder::Add(const char* pStr)
      |                                      ^
      |                                        _Nullable
/data/data/com.termux/files/home/ExynosTools-LSFG/external/VulkanMemoryAllocator/include/vk_mem_alloc.h:5933:38: note: insert '_Nonnull' if the pointer should never be null
 5933 | void VmaStringBuilder::Add(const char* pStr)
      |                                      ^
      |                                        _Nonnull
/data/data/com.termux/files/home/ExynosTools-LSFG/external/VulkanMemoryAllocator/include/vk_mem_alloc.h:5970:45: warning: pointer is missing a nullability type specifier (_Nonnull, _Nullable, or _Null_unspecified) [-Wnullability-completeness]
 5970 | void VmaStringBuilder::AddPointer(const void* ptr)
      |                                             ^
/data/data/com.termux/files/home/ExynosTools-LSFG/external/VulkanMemoryAllocator/include/vk_mem_alloc.h:5970:45: note: insert '_Nullable' if the pointer may be null
 5970 | void VmaStringBuilder::AddPointer(const void* ptr)
      |                                             ^
      |                                               _Nullable
/data/data/com.termux/files/home/ExynosTools-LSFG/external/VulkanMemoryAllocator/include/vk_mem_alloc.h:5970:45: note: insert '_Nonnull' if the pointer should never be null
 5970 | void VmaStringBuilder::AddPointer(const void* ptr)
      |                                             ^
      |                                               _Nonnull
/data/data/com.termux/files/home/ExynosTools-LSFG/external/VulkanMemoryAllocator/include/vk_mem_alloc.h:5989:46: warning: pointer is missing a nullability type specifier (_Nonnull, _Nullable, or _Null_unspecified) [-Wnullability-completeness]
 5989 |     VmaJsonWriter(const VkAllocationCallbacks* pAllocationCallbacks, VmaStringBuilder& sb);
      |                                              ^
/data/data/com.termux/files/home/ExynosTools-LSFG/external/VulkanMemoryAllocator/include/vk_mem_alloc.h:5989:46: note: insert '_Nullable' if the pointer may be null
 5989 |     VmaJsonWriter(const VkAllocationCallbacks* pAllocationCallbacks, VmaStringBuilder& sb);
      |                                              ^
      |                                                _Nullable
/data/data/com.termux/files/home/ExynosTools-LSFG/external/VulkanMemoryAllocator/include/vk_mem_alloc.h:5989:46: note: insert '_Nonnull' if the pointer should never be null
 5989 |     VmaJsonWriter(const VkAllocationCallbacks* pAllocationCallbacks, VmaStringBuilder& sb);
      |                                              ^
      |                                                _Nonnull
/data/data/com.termux/files/home/ExynosTools-LSFG/external/VulkanMemoryAllocator/include/vk_mem_alloc.h:6008:32: warning: pointer is missing a nullability type specifier (_Nonnull, _Nullable, or _Null_unspecified) [-Wnullability-completeness]
 6008 |     void WriteString(const char* pStr);
      |                                ^
/data/data/com.termux/files/home/ExynosTools-LSFG/external/VulkanMemoryAllocator/include/vk_mem_alloc.h:6008:32: note: insert '_Nullable' if the pointer may be null
 6008 |     void WriteString(const char* pStr);
      |                                ^
      |                                  _Nullable
/data/data/com.termux/files/home/ExynosTools-LSFG/external/VulkanMemoryAllocator/include/vk_mem_alloc.h:6008:32: note: insert '_Nonnull' if the pointer should never be null
 6008 |     void WriteString(const char* pStr);
      |                                ^
      |                                  _Nonnull
/data/data/com.termux/files/home/ExynosTools-LSFG/external/VulkanMemoryAllocator/include/vk_mem_alloc.h:6014:32: warning: pointer is missing a nullability type specifier (_Nonnull, _Nullable, or _Null_unspecified) [-Wnullability-completeness]
 6014 |     void BeginString(const char* pStr = VMA_NULL);
      |                                ^
/data/data/com.termux/files/home/ExynosTools-LSFG/external/VulkanMemoryAllocator/include/vk_mem_alloc.h:6014:32: note: insert '_Nullable' if the pointer may be null
 6014 |     void BeginString(const char* pStr = VMA_NULL);
      |                                ^
      |                                  _Nullable
/data/data/com.termux/files/home/ExynosTools-LSFG/external/VulkanMemoryAllocator/include/vk_mem_alloc.h:6014:32: note: insert '_Nonnull' if the pointer should never be null
 6014 |     void BeginString(const char* pStr = VMA_NULL);
      |                                ^
      |                                  _Nonnull
/data/data/com.termux/files/home/ExynosTools-LSFG/external/VulkanMemoryAllocator/include/vk_mem_alloc.h:6016:35: warning: pointer is missing a nullability type specifier (_Nonnull, _Nullable, or _Null_unspecified) [-Wnullability-completeness]
 6016 |     void ContinueString(const char* pStr);
      |                                   ^
/data/data/com.termux/files/home/ExynosTools-LSFG/external/VulkanMemoryAllocator/include/vk_mem_alloc.h:6016:35: note: insert '_Nullable' if the pointer may be null
 6016 |     void ContinueString(const char* pStr);
      |                                   ^
      |                                     _Nullable
/data/data/com.termux/files/home/ExynosTools-LSFG/external/VulkanMemoryAllocator/include/vk_mem_alloc.h:6016:35: note: insert '_Nonnull' if the pointer should never be null
 6016 |     void ContinueString(const char* pStr);
      |                                   ^
      |                                     _Nonnull
/data/data/com.termux/files/home/ExynosTools-LSFG/external/VulkanMemoryAllocator/include/vk_mem_alloc.h:6022:43: warning: pointer is missing a nullability type specifier (_Nonnull, _Nullable, or _Null_unspecified) [-Wnullability-completeness]
 6022 |     void ContinueString_Pointer(const void* ptr);
      |                                           ^
/data/data/com.termux/files/home/ExynosTools-LSFG/external/VulkanMemoryAllocator/include/vk_mem_alloc.h:6022:43: note: insert '_Nullable' if the pointer may be null
 6022 |     void ContinueString_Pointer(const void* ptr);
      |                                           ^
      |                                             _Nullable
/data/data/com.termux/files/home/ExynosTools-LSFG/external/VulkanMemoryAllocator/include/vk_mem_alloc.h:6022:43: note: insert '_Nonnull' if the pointer should never be null
 6022 |     void ContinueString_Pointer(const void* ptr);
      |                                           ^
      |                                             _Nonnull
/data/data/com.termux/files/home/ExynosTools-LSFG/external/VulkanMemoryAllocator/include/vk_mem_alloc.h:6024:30: warning: pointer is missing a nullability type specifier (_Nonnull, _Nullable, or _Null_unspecified) [-Wnullability-completeness]
 6024 |     void EndString(const char* pStr = VMA_NULL);
      |                              ^
/data/data/com.termux/files/home/ExynosTools-LSFG/external/VulkanMemoryAllocator/include/vk_mem_alloc.h:6024:30: note: insert '_Nullable' if the pointer may be null
 6024 |     void EndString(const char* pStr = VMA_NULL);
      |                              ^
      |                                _Nullable
/data/data/com.termux/files/home/ExynosTools-LSFG/external/VulkanMemoryAllocator/include/vk_mem_alloc.h:6024:30: note: insert '_Nonnull' if the pointer should never be null
 6024 |     void EndString(const char* pStr = VMA_NULL);
      |                              ^
      |                                _Nonnull
/data/data/com.termux/files/home/ExynosTools-LSFG/external/VulkanMemoryAllocator/include/vk_mem_alloc.h:6047:22: warning: pointer is missing a nullability type specifier (_Nonnull, _Nullable, or _Null_unspecified) [-Wnullability-completeness]
 6047 |     static const char* const INDENT;
      |                      ^
/data/data/com.termux/files/home/ExynosTools-LSFG/external/VulkanMemoryAllocator/include/vk_mem_alloc.h:6047:22: note: insert '_Nullable' if the pointer may be null
 6047 |     static const char* const INDENT;
      |                      ^
      |                        _Nullable
/data/data/com.termux/files/home/ExynosTools-LSFG/external/VulkanMemoryAllocator/include/vk_mem_alloc.h:6047:22: note: insert '_Nonnull' if the pointer should never be null
 6047 |     static const char* const INDENT;
      |                      ^
      |                        _Nonnull
/data/data/com.termux/files/home/ExynosTools-LSFG/external/VulkanMemoryAllocator/include/vk_mem_alloc.h:6056:11: warning: pointer is missing a nullability type specifier (_Nonnull, _Nullable, or _Null_unspecified) [-Wnullability-completeness]
 6056 | const char* const VmaJsonWriter::INDENT = "  ";
      |           ^
/data/data/com.termux/files/home/ExynosTools-LSFG/external/VulkanMemoryAllocator/include/vk_mem_alloc.h:6056:11: note: insert '_Nullable' if the pointer may be null
 6056 | const char* const VmaJsonWriter::INDENT = "  ";
      |           ^
      |             _Nullable
/data/data/com.termux/files/home/ExynosTools-LSFG/external/VulkanMemoryAllocator/include/vk_mem_alloc.h:6056:11: note: insert '_Nonnull' if the pointer should never be null
 6056 | const char* const VmaJsonWriter::INDENT = "  ";
      |           ^
      |             _Nonnull
/data/data/com.termux/files/home/ExynosTools-LSFG/external/VulkanMemoryAllocator/include/vk_mem_alloc.h:6059:57: warning: pointer is missing a nullability type specifier (_Nonnull, _Nullable, or _Null_unspecified) [-Wnullability-completeness]
 6059 | VmaJsonWriter::VmaJsonWriter(const VkAllocationCallbacks* pAllocationCallbacks, VmaStringBuilder& sb)
      |                                                         ^
/data/data/com.termux/files/home/ExynosTools-LSFG/external/VulkanMemoryAllocator/include/vk_mem_alloc.h:6059:57: note: insert '_Nullable' if the pointer may be null
 6059 | VmaJsonWriter::VmaJsonWriter(const VkAllocationCallbacks* pAllocationCallbacks, VmaStringBuilder& sb)
      |                                                         ^
      |                                                           _Nullable
/data/data/com.termux/files/home/ExynosTools-LSFG/external/VulkanMemoryAllocator/include/vk_mem_alloc.h:6059:57: note: insert '_Nonnull' if the pointer should never be null
 6059 | VmaJsonWriter::VmaJsonWriter(const VkAllocationCallbacks* pAllocationCallbacks, VmaStringBuilder& sb)
      |                                                         ^
      |                                                           _Nonnull
/data/data/com.termux/files/home/ExynosTools-LSFG/external/VulkanMemoryAllocator/include/vk_mem_alloc.h:6120:43: warning: pointer is missing a nullability type specifier (_Nonnull, _Nullable, or _Null_unspecified) [-Wnullability-completeness]
 6120 | void VmaJsonWriter::WriteString(const char* pStr)
      |                                           ^
/data/data/com.termux/files/home/ExynosTools-LSFG/external/VulkanMemoryAllocator/include/vk_mem_alloc.h:6120:43: note: insert '_Nullable' if the pointer may be null
 6120 | void VmaJsonWriter::WriteString(const char* pStr)
      |                                           ^
      |                                             _Nullable
/data/data/com.termux/files/home/ExynosTools-LSFG/external/VulkanMemoryAllocator/include/vk_mem_alloc.h:6120:43: note: insert '_Nonnull' if the pointer should never be null
 6120 | void VmaJsonWriter::WriteString(const char* pStr)
      |                                           ^
      |                                             _Nonnull
/data/data/com.termux/files/home/ExynosTools-LSFG/external/VulkanMemoryAllocator/include/vk_mem_alloc.h:6126:43: warning: pointer is missing a nullability type specifier (_Nonnull, _Nullable, or _Null_unspecified) [-Wnullability-completeness]
 6126 | void VmaJsonWriter::BeginString(const char* pStr)
      |                                           ^
/data/data/com.termux/files/home/ExynosTools-LSFG/external/VulkanMemoryAllocator/include/vk_mem_alloc.h:6126:43: note: insert '_Nullable' if the pointer may be null
 6126 | void VmaJsonWriter::BeginString(const char* pStr)
      |                                           ^
      |                                             _Nullable
/data/data/com.termux/files/home/ExynosTools-LSFG/external/VulkanMemoryAllocator/include/vk_mem_alloc.h:6126:43: note: insert '_Nonnull' if the pointer should never be null
 6126 | void VmaJsonWriter::BeginString(const char* pStr)
      |                                           ^
      |                                             _Nonnull
/data/data/com.termux/files/home/ExynosTools-LSFG/external/VulkanMemoryAllocator/include/vk_mem_alloc.h:6139:46: warning: pointer is missing a nullability type specifier (_Nonnull, _Nullable, or _Null_unspecified) [-Wnullability-completeness]
 6139 | void VmaJsonWriter::ContinueString(const char* pStr)
      |                                              ^
/data/data/com.termux/files/home/ExynosTools-LSFG/external/VulkanMemoryAllocator/include/vk_mem_alloc.h:6139:46: note: insert '_Nullable' if the pointer may be null
 6139 | void VmaJsonWriter::ContinueString(const char* pStr)
      |                                              ^
      |                                                _Nullable
/data/data/com.termux/files/home/ExynosTools-LSFG/external/VulkanMemoryAllocator/include/vk_mem_alloc.h:6139:46: note: insert '_Nonnull' if the pointer should never be null
 6139 | void VmaJsonWriter::ContinueString(const char* pStr)
      |                                              ^
      |                                                _Nonnull
/data/data/com.termux/files/home/ExynosTools-LSFG/external/VulkanMemoryAllocator/include/vk_mem_alloc.h:6194:54: warning: pointer is missing a nullability type specifier (_Nonnull, _Nullable, or _Null_unspecified) [-Wnullability-completeness]
 6194 | void VmaJsonWriter::ContinueString_Pointer(const void* ptr)
      |                                                      ^
/data/data/com.termux/files/home/ExynosTools-LSFG/external/VulkanMemoryAllocator/include/vk_mem_alloc.h:6194:54: note: insert '_Nullable' if the pointer may be null
 6194 | void VmaJsonWriter::ContinueString_Pointer(const void* ptr)
      |                                                      ^
      |                                                        _Nullable
/data/data/com.termux/files/home/ExynosTools-LSFG/external/VulkanMemoryAllocator/include/vk_mem_alloc.h:6194:54: note: insert '_Nonnull' if the pointer should never be null
 6194 | void VmaJsonWriter::ContinueString_Pointer(const void* ptr)
      |                                                      ^
      |                                                        _Nonnull
/data/data/com.termux/files/home/ExynosTools-LSFG/external/VulkanMemoryAllocator/include/vk_mem_alloc.h:6200:41: warning: pointer is missing a nullability type specifier (_Nonnull, _Nullable, or _Null_unspecified) [-Wnullability-completeness]
 6200 | void VmaJsonWriter::EndString(const char* pStr)
      |                                         ^
/data/data/com.termux/files/home/ExynosTools-LSFG/external/VulkanMemoryAllocator/include/vk_mem_alloc.h:6200:41: note: insert '_Nullable' if the pointer may be null
 6200 | void VmaJsonWriter::EndString(const char* pStr)
      |                                         ^
      |                                           _Nullable
/data/data/com.termux/files/home/ExynosTools-LSFG/external/VulkanMemoryAllocator/include/vk_mem_alloc.h:6200:41: note: insert '_Nonnull' if the pointer should never be null
 6200 | void VmaJsonWriter::EndString(const char* pStr)
      |                                         ^
      |                                           _Nonnull
/data/data/com.termux/files/home/ExynosTools-LSFG/external/VulkanMemoryAllocator/include/vk_mem_alloc.h:6509:9: warning: pointer is missing a nullability type specifier (_Nonnull, _Nullable, or _Null_unspecified) [-Wnullability-completeness]
 6509 |     void* placeholder = VMA_NULL;
      |         ^
/data/data/com.termux/files/home/ExynosTools-LSFG/external/VulkanMemoryAllocator/include/vk_mem_alloc.h:6509:9: note: insert '_Nullable' if the pointer may be null
 6509 |     void* placeholder = VMA_NULL;
      |         ^
      |           _Nullable
/data/data/com.termux/files/home/ExynosTools-LSFG/external/VulkanMemoryAllocator/include/vk_mem_alloc.h:6509:9: note: insert '_Nonnull' if the pointer should never be null
 6509 |     void* placeholder = VMA_NULL;
      |         ^
      |           _Nonnull
/data/data/com.termux/files/home/ExynosTools-LSFG/external/VulkanMemoryAllocator/include/vk_mem_alloc.h:6529:21: warning: pointer is missing a nullability type specifier (_Nonnull, _Nullable, or _Null_unspecified) [-Wnullability-completeness]
 6529 |     VmaBlockMetadata* m_pMetadata;
      |                     ^
/data/data/com.termux/files/home/ExynosTools-LSFG/external/VulkanMemoryAllocator/include/vk_mem_alloc.h:6529:21: note: insert '_Nullable' if the pointer may be null
 6529 |     VmaBlockMetadata* m_pMetadata;
      |                     ^
      |                       _Nullable
/data/data/com.termux/files/home/ExynosTools-LSFG/external/VulkanMemoryAllocator/include/vk_mem_alloc.h:6529:21: note: insert '_Nonnull' if the pointer should never be null
 6529 |     VmaBlockMetadata* m_pMetadata;
      |                     ^
      |                       _Nonnull
/data/data/com.termux/files/home/ExynosTools-LSFG/external/VulkanMemoryAllocator/include/vk_mem_alloc.h:6531:35: warning: pointer is missing a nullability type specifier (_Nonnull, _Nullable, or _Null_unspecified) [-Wnullability-completeness]
 6531 |     explicit VmaDeviceMemoryBlock(VmaAllocator hAllocator);
      |                                   ^
/data/data/com.termux/files/home/ExynosTools-LSFG/external/VulkanMemoryAllocator/include/vk_mem_alloc.h:6531:35: note: insert '_Nullable' if the pointer may be null
 6531 |     explicit VmaDeviceMemoryBlock(VmaAllocator hAllocator);
      |                                   ^
      |                                                _Nullable
/data/data/com.termux/files/home/ExynosTools-LSFG/external/VulkanMemoryAllocator/include/vk_mem_alloc.h:6531:35: note: insert '_Nonnull' if the pointer should never be null
 6531 |     explicit VmaDeviceMemoryBlock(VmaAllocator hAllocator);
      |                                   ^
      |                                                _Nonnull
/data/data/com.termux/files/home/ExynosTools-LSFG/external/VulkanMemoryAllocator/include/vk_mem_alloc.h:6536:9: warning: pointer is missing a nullability type specifier (_Nonnull, _Nullable, or _Null_unspecified) [-Wnullability-completeness]
 6536 |         VmaAllocator hAllocator,
      |         ^
/data/data/com.termux/files/home/ExynosTools-LSFG/external/VulkanMemoryAllocator/include/vk_mem_alloc.h:6536:9: note: insert '_Nullable' if the pointer may be null
 6536 |         VmaAllocator hAllocator,
      |         ^
      |                      _Nullable
/data/data/com.termux/files/home/ExynosTools-LSFG/external/VulkanMemoryAllocator/include/vk_mem_alloc.h:6536:9: note: insert '_Nonnull' if the pointer should never be null
 6536 |         VmaAllocator hAllocator,
      |         ^
      |                      _Nonnull
/data/data/com.termux/files/home/ExynosTools-LSFG/external/VulkanMemoryAllocator/include/vk_mem_alloc.h:6537:9: warning: pointer is missing a nullability type specifier (_Nonnull, _Nullable, or _Null_unspecified) [-Wnullability-completeness]
 6537 |         VmaPool hParentPool,
      |         ^
/data/data/com.termux/files/home/ExynosTools-LSFG/external/VulkanMemoryAllocator/include/vk_mem_alloc.h:6537:9: note: insert '_Nullable' if the pointer may be null
 6537 |         VmaPool hParentPool,
      |         ^
      |                 _Nullable
/data/data/com.termux/files/home/ExynosTools-LSFG/external/VulkanMemoryAllocator/include/vk_mem_alloc.h:6537:9: note: insert '_Nonnull' if the pointer should never be null
 6537 |         VmaPool hParentPool,
      |         ^
      |                 _Nonnull
/data/data/com.termux/files/home/ExynosTools-LSFG/external/VulkanMemoryAllocator/include/vk_mem_alloc.h:6539:9: warning: pointer is missing a nullability type specifier (_Nonnull, _Nullable, or _Null_unspecified) [-Wnullability-completeness]
 6539 |         VkDeviceMemory newMemory,
      |         ^
/data/data/com.termux/files/home/ExynosTools-LSFG/external/VulkanMemoryAllocator/include/vk_mem_alloc.h:6539:9: note: insert '_Nullable' if the pointer may be null
 6539 |         VkDeviceMemory newMemory,
      |         ^
      |                        _Nullable
/data/data/com.termux/files/home/ExynosTools-LSFG/external/VulkanMemoryAllocator/include/vk_mem_alloc.h:6539:9: note: insert '_Nonnull' if the pointer should never be null
 6539 |         VkDeviceMemory newMemory,
      |         ^
      |                        _Nonnull
/data/data/com.termux/files/home/ExynosTools-LSFG/external/VulkanMemoryAllocator/include/vk_mem_alloc.h:6545:18: warning: pointer is missing a nullability type specifier (_Nonnull, _Nullable, or _Null_unspecified) [-Wnullability-completeness]
 6545 |     void Destroy(VmaAllocator allocator);
      |                  ^
/data/data/com.termux/files/home/ExynosTools-LSFG/external/VulkanMemoryAllocator/include/vk_mem_alloc.h:6545:18: note: insert '_Nullable' if the pointer may be null
 6545 |     void Destroy(VmaAllocator allocator);
      |                  ^
      |                               _Nullable
/data/data/com.termux/files/home/ExynosTools-LSFG/external/VulkanMemoryAllocator/include/vk_mem_alloc.h:6545:18: note: insert '_Nonnull' if the pointer should never be null
 6545 |     void Destroy(VmaAllocator allocator);
      |                  ^
      |                               _Nonnull
/data/data/com.termux/files/home/ExynosTools-LSFG/external/VulkanMemoryAllocator/include/vk_mem_alloc.h:6547:5: warning: pointer is missing a nullability type specifier (_Nonnull, _Nullable, or _Null_unspecified) [-Wnullability-completeness]
 6547 |     VmaPool GetParentPool() const { return m_hParentPool; }
      |     ^
/data/data/com.termux/files/home/ExynosTools-LSFG/external/VulkanMemoryAllocator/include/vk_mem_alloc.h:6547:5: note: insert '_Nullable' if the pointer may be null
 6547 |     VmaPool GetParentPool() const { return m_hParentPool; }
      |     ^
      |             _Nullable
/data/data/com.termux/files/home/ExynosTools-LSFG/external/VulkanMemoryAllocator/include/vk_mem_alloc.h:6547:5: note: insert '_Nonnull' if the pointer should never be null
 6547 |     VmaPool GetParentPool() const { return m_hParentPool; }
      |     ^
      |             _Nonnull
/data/data/com.termux/files/home/ExynosTools-LSFG/external/VulkanMemoryAllocator/include/vk_mem_alloc.h:6548:5: warning: pointer is missing a nullability type specifier (_Nonnull, _Nullable, or _Null_unspecified) [-Wnullability-completeness]
 6548 |     VkDeviceMemory GetDeviceMemory() const { return m_hMemory; }
      |     ^
/data/data/com.termux/files/home/ExynosTools-LSFG/external/VulkanMemoryAllocator/include/vk_mem_alloc.h:6548:5: note: insert '_Nullable' if the pointer may be null
 6548 |     VkDeviceMemory GetDeviceMemory() const { return m_hMemory; }
      |     ^
      |                    _Nullable
/data/data/com.termux/files/home/ExynosTools-LSFG/external/VulkanMemoryAllocator/include/vk_mem_alloc.h:6548:5: note: insert '_Nonnull' if the pointer should never be null
 6548 |     VkDeviceMemory GetDeviceMemory() const { return m_hMemory; }
      |     ^
      |                    _Nonnull
/data/data/com.termux/files/home/ExynosTools-LSFG/external/VulkanMemoryAllocator/include/vk_mem_alloc.h:6551:9: warning: pointer is missing a nullability type specifier (_Nonnull, _Nullable, or _Null_unspecified) [-Wnullability-completeness]
 6551 |     void* GetMappedData() const { return m_pMappedData; }
      |         ^
/data/data/com.termux/files/home/ExynosTools-LSFG/external/VulkanMemoryAllocator/include/vk_mem_alloc.h:6551:9: note: insert '_Nullable' if the pointer may be null
 6551 |     void* GetMappedData() const { return m_pMappedData; }
      |         ^
      |           _Nullable
/data/data/com.termux/files/home/ExynosTools-LSFG/external/VulkanMemoryAllocator/include/vk_mem_alloc.h:6551:9: note: insert '_Nonnull' if the pointer should never be null
 6551 |     void* GetMappedData() const { return m_pMappedData; }
      |         ^
      |           _Nonnull
/data/data/com.termux/files/home/ExynosTools-LSFG/external/VulkanMemoryAllocator/include/vk_mem_alloc.h:6556:20: warning: pointer is missing a nullability type specifier (_Nonnull, _Nullable, or _Null_unspecified) [-Wnullability-completeness]
 6556 |     void PostAlloc(VmaAllocator hAllocator);
      |                    ^
/data/data/com.termux/files/home/ExynosTools-LSFG/external/VulkanMemoryAllocator/include/vk_mem_alloc.h:6556:20: note: insert '_Nullable' if the pointer may be null
 6556 |     void PostAlloc(VmaAllocator hAllocator);
      |                    ^
      |                                 _Nullable
/data/data/com.termux/files/home/ExynosTools-LSFG/external/VulkanMemoryAllocator/include/vk_mem_alloc.h:6556:20: note: insert '_Nonnull' if the pointer should never be null
 6556 |     void PostAlloc(VmaAllocator hAllocator);
      |                    ^
      |                                 _Nonnull
/data/data/com.termux/files/home/ExynosTools-LSFG/external/VulkanMemoryAllocator/include/vk_mem_alloc.h:6557:19: warning: pointer is missing a nullability type specifier (_Nonnull, _Nullable, or _Null_unspecified) [-Wnullability-completeness]
 6557 |     void PostFree(VmaAllocator hAllocator);
      |                   ^
/data/data/com.termux/files/home/ExynosTools-LSFG/external/VulkanMemoryAllocator/include/vk_mem_alloc.h:6557:19: note: insert '_Nullable' if the pointer may be null
 6557 |     void PostFree(VmaAllocator hAllocator);
      |                   ^
      |                                _Nullable
/data/data/com.termux/files/home/ExynosTools-LSFG/external/VulkanMemoryAllocator/include/vk_mem_alloc.h:6557:19: note: insert '_Nonnull' if the pointer should never be null
 6557 |     void PostFree(VmaAllocator hAllocator);
      |                   ^
      |                                _Nonnull
/data/data/com.termux/files/home/ExynosTools-LSFG/external/VulkanMemoryAllocator/include/vk_mem_alloc.h:6561:30: warning: pointer is missing a nullability type specifier (_Nonnull, _Nullable, or _Null_unspecified) [-Wnullability-completeness]
 6561 |     VkResult CheckCorruption(VmaAllocator hAllocator);
      |                              ^
/data/data/com.termux/files/home/ExynosTools-LSFG/external/VulkanMemoryAllocator/include/vk_mem_alloc.h:6561:30: note: insert '_Nullable' if the pointer may be null
 6561 |     VkResult CheckCorruption(VmaAllocator hAllocator);
      |                              ^
      |                                           _Nullable
/data/data/com.termux/files/home/ExynosTools-LSFG/external/VulkanMemoryAllocator/include/vk_mem_alloc.h:6561:30: note: insert '_Nonnull' if the pointer should never be null
 6561 |     VkResult CheckCorruption(VmaAllocator hAllocator);
      |                              ^
      |                                           _Nonnull
/data/data/com.termux/files/home/ExynosTools-LSFG/external/VulkanMemoryAllocator/include/vk_mem_alloc.h:6564:18: warning: pointer is missing a nullability type specifier (_Nonnull, _Nullable, or _Null_unspecified) [-Wnullability-completeness]
 6564 |     VkResult Map(VmaAllocator hAllocator, uint32_t count, void** ppData);
      |                  ^
/data/data/com.termux/files/home/ExynosTools-LSFG/external/VulkanMemoryAllocator/include/vk_mem_alloc.h:6564:18: note: insert '_Nullable' if the pointer may be null
 6564 |     VkResult Map(VmaAllocator hAllocator, uint32_t count, void** ppData);
      |                  ^
      |                               _Nullable
/data/data/com.termux/files/home/ExynosTools-LSFG/external/VulkanMemoryAllocator/include/vk_mem_alloc.h:6564:18: note: insert '_Nonnull' if the pointer should never be null
 6564 |     VkResult Map(VmaAllocator hAllocator, uint32_t count, void** ppData);
      |                  ^
      |                               _Nonnull
/data/data/com.termux/files/home/ExynosTools-LSFG/external/VulkanMemoryAllocator/include/vk_mem_alloc.h:6564:63: warning: pointer is missing a nullability type specifier (_Nonnull, _Nullable, or _Null_unspecified) [-Wnullability-completeness]
 6564 |     VkResult Map(VmaAllocator hAllocator, uint32_t count, void** ppData);
      |                                                               ^
/data/data/com.termux/files/home/ExynosTools-LSFG/external/VulkanMemoryAllocator/include/vk_mem_alloc.h:6564:63: note: insert '_Nullable' if the pointer may be null
 6564 |     VkResult Map(VmaAllocator hAllocator, uint32_t count, void** ppData);
      |                                                               ^
      |                                                                _Nullable
/data/data/com.termux/files/home/ExynosTools-LSFG/external/VulkanMemoryAllocator/include/vk_mem_alloc.h:6564:63: note: insert '_Nonnull' if the pointer should never be null
 6564 |     VkResult Map(VmaAllocator hAllocator, uint32_t count, void** ppData);
      |                                                               ^
      |                                                                _Nonnull
/data/data/com.termux/files/home/ExynosTools-LSFG/external/VulkanMemoryAllocator/include/vk_mem_alloc.h:6564:64: warning: pointer is missing a nullability type specifier (_Nonnull, _Nullable, or _Null_unspecified) [-Wnullability-completeness]
 6564 |     VkResult Map(VmaAllocator hAllocator, uint32_t count, void** ppData);
      |                                                                ^
/data/data/com.termux/files/home/ExynosTools-LSFG/external/VulkanMemoryAllocator/include/vk_mem_alloc.h:6564:64: note: insert '_Nullable' if the pointer may be null
 6564 |     VkResult Map(VmaAllocator hAllocator, uint32_t count, void** ppData);
      |                                                                ^
      |                                                                  _Nullable
/data/data/com.termux/files/home/ExynosTools-LSFG/external/VulkanMemoryAllocator/include/vk_mem_alloc.h:6564:64: note: insert '_Nonnull' if the pointer should never be null
 6564 |     VkResult Map(VmaAllocator hAllocator, uint32_t count, void** ppData);
      |                                                                ^
      |                                                                  _Nonnull
/data/data/com.termux/files/home/ExynosTools-LSFG/external/VulkanMemoryAllocator/include/vk_mem_alloc.h:6565:16: warning: pointer is missing a nullability type specifier (_Nonnull, _Nullable, or _Null_unspecified) [-Wnullability-completeness]
 6565 |     void Unmap(VmaAllocator hAllocator, uint32_t count);
      |                ^
/data/data/com.termux/files/home/ExynosTools-LSFG/external/VulkanMemoryAllocator/include/vk_mem_alloc.h:6565:16: note: insert '_Nullable' if the pointer may be null
 6565 |     void Unmap(VmaAllocator hAllocator, uint32_t count);
      |                ^
      |                             _Nullable
/data/data/com.termux/files/home/ExynosTools-LSFG/external/VulkanMemoryAllocator/include/vk_mem_alloc.h:6565:16: note: insert '_Nonnull' if the pointer should never be null
 6565 |     void Unmap(VmaAllocator hAllocator, uint32_t count);
      |                ^
      |                             _Nonnull
/data/data/com.termux/files/home/ExynosTools-LSFG/external/VulkanMemoryAllocator/include/vk_mem_alloc.h:6567:45: warning: pointer is missing a nullability type specifier (_Nonnull, _Nullable, or _Null_unspecified) [-Wnullability-completeness]
 6567 |     VkResult WriteMagicValueAfterAllocation(VmaAllocator hAllocator, VkDeviceSize allocOffset, VkDeviceSize allocSize);
      |                                             ^
/data/data/com.termux/files/home/ExynosTools-LSFG/external/VulkanMemoryAllocator/include/vk_mem_alloc.h:6567:45: note: insert '_Nullable' if the pointer may be null
 6567 |     VkResult WriteMagicValueAfterAllocation(VmaAllocator hAllocator, VkDeviceSize allocOffset, VkDeviceSize allocSize);
      |                                             ^
      |                                                          _Nullable
/data/data/com.termux/files/home/ExynosTools-LSFG/external/VulkanMemoryAllocator/include/vk_mem_alloc.h:6567:45: note: insert '_Nonnull' if the pointer should never be null
 6567 |     VkResult WriteMagicValueAfterAllocation(VmaAllocator hAllocator, VkDeviceSize allocOffset, VkDeviceSize allocSize);
      |                                             ^
      |                                                          _Nonnull
/data/data/com.termux/files/home/ExynosTools-LSFG/external/VulkanMemoryAllocator/include/vk_mem_alloc.h:6568:48: warning: pointer is missing a nullability type specifier (_Nonnull, _Nullable, or _Null_unspecified) [-Wnullability-completeness]
 6568 |     VkResult ValidateMagicValueAfterAllocation(VmaAllocator hAllocator, VkDeviceSize allocOffset, VkDeviceSize allocSize);
      |                                                ^
/data/data/com.termux/files/home/ExynosTools-LSFG/external/VulkanMemoryAllocator/include/vk_mem_alloc.h:6568:48: note: insert '_Nullable' if the pointer may be null
 6568 |     VkResult ValidateMagicValueAfterAllocation(VmaAllocator hAllocator, VkDeviceSize allocOffset, VkDeviceSize allocSize);
      |                                                ^
      |                                                             _Nullable
/data/data/com.termux/files/home/ExynosTools-LSFG/external/VulkanMemoryAllocator/include/vk_mem_alloc.h:6568:48: note: insert '_Nonnull' if the pointer should never be null
 6568 |     VkResult ValidateMagicValueAfterAllocation(VmaAllocator hAllocator, VkDeviceSize allocOffset, VkDeviceSize allocSize);
      |                                                ^
      |                                                             _Nonnull
/data/data/com.termux/files/home/ExynosTools-LSFG/external/VulkanMemoryAllocator/include/vk_mem_alloc.h:6571:9: warning: pointer is missing a nullability type specifier (_Nonnull, _Nullable, or _Null_unspecified) [-Wnullability-completeness]
 6571 |         VmaAllocator hAllocator,
      |         ^
/data/data/com.termux/files/home/ExynosTools-LSFG/external/VulkanMemoryAllocator/include/vk_mem_alloc.h:6571:9: note: insert '_Nullable' if the pointer may be null
 6571 |         VmaAllocator hAllocator,
      |         ^
      |                      _Nullable
/data/data/com.termux/files/home/ExynosTools-LSFG/external/VulkanMemoryAllocator/include/vk_mem_alloc.h:6571:9: note: insert '_Nonnull' if the pointer should never be null
 6571 |         VmaAllocator hAllocator,
      |         ^
      |                      _Nonnull
/data/data/com.termux/files/home/ExynosTools-LSFG/external/VulkanMemoryAllocator/include/vk_mem_alloc.h:6572:9: warning: pointer is missing a nullability type specifier (_Nonnull, _Nullable, or _Null_unspecified) [-Wnullability-completeness]
 6572 |         VmaAllocation hAllocation,
      |         ^
/data/data/com.termux/files/home/ExynosTools-LSFG/external/VulkanMemoryAllocator/include/vk_mem_alloc.h:6572:9: note: insert '_Nullable' if the pointer may be null
 6572 |         VmaAllocation hAllocation,
      |         ^
      |                       _Nullable
/data/data/com.termux/files/home/ExynosTools-LSFG/external/VulkanMemoryAllocator/include/vk_mem_alloc.h:6572:9: note: insert '_Nonnull' if the pointer should never be null
 6572 |         VmaAllocation hAllocation,
      |         ^
      |                       _Nonnull
/data/data/com.termux/files/home/ExynosTools-LSFG/external/VulkanMemoryAllocator/include/vk_mem_alloc.h:6574:9: warning: pointer is missing a nullability type specifier (_Nonnull, _Nullable, or _Null_unspecified) [-Wnullability-completeness]
 6574 |         VkBuffer hBuffer,
      |         ^
/data/data/com.termux/files/home/ExynosTools-LSFG/external/VulkanMemoryAllocator/include/vk_mem_alloc.h:6574:9: note: insert '_Nullable' if the pointer may be null
 6574 |         VkBuffer hBuffer,
      |         ^
      |                  _Nullable
/data/data/com.termux/files/home/ExynosTools-LSFG/external/VulkanMemoryAllocator/include/vk_mem_alloc.h:6574:9: note: insert '_Nonnull' if the pointer should never be null
 6574 |         VkBuffer hBuffer,
      |         ^
      |                  _Nonnull
/data/data/com.termux/files/home/ExynosTools-LSFG/external/VulkanMemoryAllocator/include/vk_mem_alloc.h:6575:19: warning: pointer is missing a nullability type specifier (_Nonnull, _Nullable, or _Null_unspecified) [-Wnullability-completeness]
 6575 |         const void* pNext);
      |                   ^
/data/data/com.termux/files/home/ExynosTools-LSFG/external/VulkanMemoryAllocator/include/vk_mem_alloc.h:6575:19: note: insert '_Nullable' if the pointer may be null
 6575 |         const void* pNext);
      |                   ^
      |                     _Nullable
/data/data/com.termux/files/home/ExynosTools-LSFG/external/VulkanMemoryAllocator/include/vk_mem_alloc.h:6575:19: note: insert '_Nonnull' if the pointer should never be null
 6575 |         const void* pNext);
      |                   ^
      |                     _Nonnull
/data/data/com.termux/files/home/ExynosTools-LSFG/external/VulkanMemoryAllocator/include/vk_mem_alloc.h:6577:9: warning: pointer is missing a nullability type specifier (_Nonnull, _Nullable, or _Null_unspecified) [-Wnullability-completeness]
 6577 |         VmaAllocator hAllocator,
      |         ^
/data/data/com.termux/files/home/ExynosTools-LSFG/external/VulkanMemoryAllocator/include/vk_mem_alloc.h:6577:9: note: insert '_Nullable' if the pointer may be null
 6577 |         VmaAllocator hAllocator,
      |         ^
      |                      _Nullable
/data/data/com.termux/files/home/ExynosTools-LSFG/external/VulkanMemoryAllocator/include/vk_mem_alloc.h:6577:9: note: insert '_Nonnull' if the pointer should never be null
 6577 |         VmaAllocator hAllocator,
      |         ^
      |                      _Nonnull
/data/data/com.termux/files/home/ExynosTools-LSFG/external/VulkanMemoryAllocator/include/vk_mem_alloc.h:6578:9: warning: pointer is missing a nullability type specifier (_Nonnull, _Nullable, or _Null_unspecified) [-Wnullability-completeness]
 6578 |         VmaAllocation hAllocation,
      |         ^
/data/data/com.termux/files/home/ExynosTools-LSFG/external/VulkanMemoryAllocator/include/vk_mem_alloc.h:6578:9: note: insert '_Nullable' if the pointer may be null
 6578 |         VmaAllocation hAllocation,
      |         ^
      |                       _Nullable
/data/data/com.termux/files/home/ExynosTools-LSFG/external/VulkanMemoryAllocator/include/vk_mem_alloc.h:6578:9: note: insert '_Nonnull' if the pointer should never be null
 6578 |         VmaAllocation hAllocation,
      |         ^
      |                       _Nonnull
/data/data/com.termux/files/home/ExynosTools-LSFG/external/VulkanMemoryAllocator/include/vk_mem_alloc.h:6580:9: warning: pointer is missing a nullability type specifier (_Nonnull, _Nullable, or _Null_unspecified) [-Wnullability-completeness]
 6580 |         VkImage hImage,
      |         ^
/data/data/com.termux/files/home/ExynosTools-LSFG/external/VulkanMemoryAllocator/include/vk_mem_alloc.h:6580:9: note: insert '_Nullable' if the pointer may be null
 6580 |         VkImage hImage,
      |         ^
      |                 _Nullable
/data/data/com.termux/files/home/ExynosTools-LSFG/external/VulkanMemoryAllocator/include/vk_mem_alloc.h:6580:9: note: insert '_Nonnull' if the pointer should never be null
 6580 |         VkImage hImage,
      |         ^
      |                 _Nonnull
/data/data/com.termux/files/home/ExynosTools-LSFG/external/VulkanMemoryAllocator/include/vk_mem_alloc.h:6581:19: warning: pointer is missing a nullability type specifier (_Nonnull, _Nullable, or _Null_unspecified) [-Wnullability-completeness]
 6581 |         const void* pNext);
      |                   ^
/data/data/com.termux/files/home/ExynosTools-LSFG/external/VulkanMemoryAllocator/include/vk_mem_alloc.h:6581:19: note: insert '_Nullable' if the pointer may be null
 6581 |         const void* pNext);
      |                   ^
      |                     _Nullable
/data/data/com.termux/files/home/ExynosTools-LSFG/external/VulkanMemoryAllocator/include/vk_mem_alloc.h:6581:19: note: insert '_Nonnull' if the pointer should never be null
 6581 |         const void* pNext);
      |                   ^
      |                     _Nonnull
/data/data/com.termux/files/home/ExynosTools-LSFG/external/VulkanMemoryAllocator/include/vk_mem_alloc.h:6591:5: warning: pointer is missing a nullability type specifier (_Nonnull, _Nullable, or _Null_unspecified) [-Wnullability-completeness]
 6591 |     VmaPool m_hParentPool; // VK_NULL_HANDLE if not belongs to custom pool.
      |     ^
/data/data/com.termux/files/home/ExynosTools-LSFG/external/VulkanMemoryAllocator/include/vk_mem_alloc.h:6591:5: note: insert '_Nullable' if the pointer may be null
 6591 |     VmaPool m_hParentPool; // VK_NULL_HANDLE if not belongs to custom pool.
      |     ^
      |             _Nullable
/data/data/com.termux/files/home/ExynosTools-LSFG/external/VulkanMemoryAllocator/include/vk_mem_alloc.h:6591:5: note: insert '_Nonnull' if the pointer should never be null
 6591 |     VmaPool m_hParentPool; // VK_NULL_HANDLE if not belongs to custom pool.
      |     ^
      |             _Nonnull
/data/data/com.termux/files/home/ExynosTools-LSFG/external/VulkanMemoryAllocator/include/vk_mem_alloc.h:6594:5: warning: pointer is missing a nullability type specifier (_Nonnull, _Nullable, or _Null_unspecified) [-Wnullability-completeness]
 6594 |     VkDeviceMemory m_hMemory;
      |     ^
/data/data/com.termux/files/home/ExynosTools-LSFG/external/VulkanMemoryAllocator/include/vk_mem_alloc.h:6594:5: note: insert '_Nullable' if the pointer may be null
 6594 |     VkDeviceMemory m_hMemory;
      |     ^
      |                    _Nullable
/data/data/com.termux/files/home/ExynosTools-LSFG/external/VulkanMemoryAllocator/include/vk_mem_alloc.h:6594:5: note: insert '_Nonnull' if the pointer should never be null
 6594 |     VkDeviceMemory m_hMemory;
      |     ^
      |                    _Nonnull
/data/data/com.termux/files/home/ExynosTools-LSFG/external/VulkanMemoryAllocator/include/vk_mem_alloc.h:6604:9: warning: pointer is missing a nullability type specifier (_Nonnull, _Nullable, or _Null_unspecified) [-Wnullability-completeness]
 6604 |     void* m_pMappedData;
      |         ^
/data/data/com.termux/files/home/ExynosTools-LSFG/external/VulkanMemoryAllocator/include/vk_mem_alloc.h:6604:9: note: insert '_Nullable' if the pointer may be null
 6604 |     void* m_pMappedData;
      |         ^
      |           _Nullable
/data/data/com.termux/files/home/ExynosTools-LSFG/external/VulkanMemoryAllocator/include/vk_mem_alloc.h:6604:9: note: insert '_Nonnull' if the pointer should never be null
 6604 |     void* m_pMappedData;
      |         ^
      |           _Nonnull
/data/data/com.termux/files/home/ExynosTools-LSFG/external/VulkanMemoryAllocator/include/vk_mem_alloc.h:6613:9: warning: pointer is missing a nullability type specifier (_Nonnull, _Nullable, or _Null_unspecified) [-Wnullability-completeness]
 6613 |     void* m_pMappedData = VMA_NULL; // Not null means memory is mapped.
      |         ^
/data/data/com.termux/files/home/ExynosTools-LSFG/external/VulkanMemoryAllocator/include/vk_mem_alloc.h:6613:9: note: insert '_Nullable' if the pointer may be null
 6613 |     void* m_pMappedData = VMA_NULL; // Not null means memory is mapped.
      |         ^
      |           _Nullable
/data/data/com.termux/files/home/ExynosTools-LSFG/external/VulkanMemoryAllocator/include/vk_mem_alloc.h:6613:9: note: insert '_Nonnull' if the pointer should never be null
 6613 |     void* m_pMappedData = VMA_NULL; // Not null means memory is mapped.
      |         ^
      |           _Nonnull
/data/data/com.termux/files/home/ExynosTools-LSFG/external/VulkanMemoryAllocator/include/vk_mem_alloc.h:6640:29: warning: pointer is missing a nullability type specifier (_Nonnull, _Nullable, or _Null_unspecified) [-Wnullability-completeness]
 6640 |         VmaDeviceMemoryBlock* block,
      |                             ^
/data/data/com.termux/files/home/ExynosTools-LSFG/external/VulkanMemoryAllocator/include/vk_mem_alloc.h:6640:29: note: insert '_Nullable' if the pointer may be null
 6640 |         VmaDeviceMemoryBlock* block,
      |                             ^
      |                               _Nullable
/data/data/com.termux/files/home/ExynosTools-LSFG/external/VulkanMemoryAllocator/include/vk_mem_alloc.h:6640:29: note: insert '_Nonnull' if the pointer should never be null
 6640 |         VmaDeviceMemoryBlock* block,
      |                             ^
      |                               _Nonnull
/data/data/com.termux/files/home/ExynosTools-LSFG/external/VulkanMemoryAllocator/include/vk_mem_alloc.h:6641:9: warning: pointer is missing a nullability type specifier (_Nonnull, _Nullable, or _Null_unspecified) [-Wnullability-completeness]
 6641 |         VmaAllocHandle allocHandle,
      |         ^
/data/data/com.termux/files/home/ExynosTools-LSFG/external/VulkanMemoryAllocator/include/vk_mem_alloc.h:6641:9: note: insert '_Nullable' if the pointer may be null
 6641 |         VmaAllocHandle allocHandle,
      |         ^
      |                        _Nullable
/data/data/com.termux/files/home/ExynosTools-LSFG/external/VulkanMemoryAllocator/include/vk_mem_alloc.h:6641:9: note: insert '_Nonnull' if the pointer should never be null
 6641 |         VmaAllocHandle allocHandle,
      |         ^
      |                        _Nonnull
/data/data/com.termux/files/home/ExynosTools-LSFG/external/VulkanMemoryAllocator/include/vk_mem_alloc.h:6649:9: warning: pointer is missing a nullability type specifier (_Nonnull, _Nullable, or _Null_unspecified) [-Wnullability-completeness]
 6649 |         VmaAllocator allocator,
      |         ^
/data/data/com.termux/files/home/ExynosTools-LSFG/external/VulkanMemoryAllocator/include/vk_mem_alloc.h:6649:9: note: insert '_Nullable' if the pointer may be null
 6649 |         VmaAllocator allocator,
      |         ^
      |                      _Nullable
/data/data/com.termux/files/home/ExynosTools-LSFG/external/VulkanMemoryAllocator/include/vk_mem_alloc.h:6649:9: note: insert '_Nonnull' if the pointer should never be null
 6649 |         VmaAllocator allocator,
      |         ^
      |                      _Nonnull
/data/data/com.termux/files/home/ExynosTools-LSFG/external/VulkanMemoryAllocator/include/vk_mem_alloc.h:6650:9: warning: pointer is missing a nullability type specifier (_Nonnull, _Nullable, or _Null_unspecified) [-Wnullability-completeness]
 6650 |         VmaPool hParentPool,
      |         ^
/data/data/com.termux/files/home/ExynosTools-LSFG/external/VulkanMemoryAllocator/include/vk_mem_alloc.h:6650:9: note: insert '_Nullable' if the pointer may be null
 6650 |         VmaPool hParentPool,
      |         ^
      |                 _Nullable
/data/data/com.termux/files/home/ExynosTools-LSFG/external/VulkanMemoryAllocator/include/vk_mem_alloc.h:6650:9: note: insert '_Nonnull' if the pointer should never be null
 6650 |         VmaPool hParentPool,
      |         ^
      |                 _Nonnull
/data/data/com.termux/files/home/ExynosTools-LSFG/external/VulkanMemoryAllocator/include/vk_mem_alloc.h:6652:9: warning: pointer is missing a nullability type specifier (_Nonnull, _Nullable, or _Null_unspecified) [-Wnullability-completeness]
 6652 |         VkDeviceMemory hMemory,
      |         ^
/data/data/com.termux/files/home/ExynosTools-LSFG/external/VulkanMemoryAllocator/include/vk_mem_alloc.h:6652:9: note: insert '_Nullable' if the pointer may be null
 6652 |         VkDeviceMemory hMemory,
      |         ^
      |                        _Nullable
/data/data/com.termux/files/home/ExynosTools-LSFG/external/VulkanMemoryAllocator/include/vk_mem_alloc.h:6652:9: note: insert '_Nonnull' if the pointer should never be null
 6652 |         VkDeviceMemory hMemory,
      |         ^
      |                        _Nonnull
/data/data/com.termux/files/home/ExynosTools-LSFG/external/VulkanMemoryAllocator/include/vk_mem_alloc.h:6654:13: warning: pointer is missing a nullability type specifier (_Nonnull, _Nullable, or _Null_unspecified) [-Wnullability-completeness]
 6654 |         void* pMappedData,
      |             ^
/data/data/com.termux/files/home/ExynosTools-LSFG/external/VulkanMemoryAllocator/include/vk_mem_alloc.h:6654:13: note: insert '_Nullable' if the pointer may be null
 6654 |         void* pMappedData,
      |             ^
      |               _Nullable
/data/data/com.termux/files/home/ExynosTools-LSFG/external/VulkanMemoryAllocator/include/vk_mem_alloc.h:6654:13: note: insert '_Nonnull' if the pointer should never be null
 6654 |         void* pMappedData,
      |             ^
      |               _Nonnull
/data/data/com.termux/files/home/ExynosTools-LSFG/external/VulkanMemoryAllocator/include/vk_mem_alloc.h:6656:18: warning: pointer is missing a nullability type specifier (_Nonnull, _Nullable, or _Null_unspecified) [-Wnullability-completeness]
 6656 |     void Destroy(VmaAllocator allocator);
      |                  ^
/data/data/com.termux/files/home/ExynosTools-LSFG/external/VulkanMemoryAllocator/include/vk_mem_alloc.h:6656:18: note: insert '_Nullable' if the pointer may be null
 6656 |     void Destroy(VmaAllocator allocator);
      |                  ^
      |                               _Nullable
/data/data/com.termux/files/home/ExynosTools-LSFG/external/VulkanMemoryAllocator/include/vk_mem_alloc.h:6656:18: note: insert '_Nonnull' if the pointer should never be null
 6656 |     void Destroy(VmaAllocator allocator);
      |                  ^
      |                               _Nonnull
/data/data/com.termux/files/home/ExynosTools-LSFG/external/VulkanMemoryAllocator/include/vk_mem_alloc.h:6661:9: warning: pointer is missing a nullability type specifier (_Nonnull, _Nullable, or _Null_unspecified) [-Wnullability-completeness]
 6661 |     void* GetUserData() const { return m_pUserData; }
      |         ^
/data/data/com.termux/files/home/ExynosTools-LSFG/external/VulkanMemoryAllocator/include/vk_mem_alloc.h:6661:9: note: insert '_Nullable' if the pointer may be null
 6661 |     void* GetUserData() const { return m_pUserData; }
      |         ^
      |           _Nullable
/data/data/com.termux/files/home/ExynosTools-LSFG/external/VulkanMemoryAllocator/include/vk_mem_alloc.h:6661:9: note: insert '_Nonnull' if the pointer should never be null
 6661 |     void* GetUserData() const { return m_pUserData; }
      |         ^
      |           _Nonnull
/data/data/com.termux/files/home/ExynosTools-LSFG/external/VulkanMemoryAllocator/include/vk_mem_alloc.h:6662:15: warning: pointer is missing a nullability type specifier (_Nonnull, _Nullable, or _Null_unspecified) [-Wnullability-completeness]
 6662 |     const char* GetName() const { return m_pName; }
      |               ^
/data/data/com.termux/files/home/ExynosTools-LSFG/external/VulkanMemoryAllocator/include/vk_mem_alloc.h:6662:15: note: insert '_Nullable' if the pointer may be null
 6662 |     const char* GetName() const { return m_pName; }
      |               ^
      |                 _Nullable
/data/data/com.termux/files/home/ExynosTools-LSFG/external/VulkanMemoryAllocator/include/vk_mem_alloc.h:6662:15: note: insert '_Nonnull' if the pointer should never be null
 6662 |     const char* GetName() const { return m_pName; }
      |               ^
      |                 _Nonnull
/data/data/com.termux/files/home/ExynosTools-LSFG/external/VulkanMemoryAllocator/include/vk_mem_alloc.h:6665:25: warning: pointer is missing a nullability type specifier (_Nonnull, _Nullable, or _Null_unspecified) [-Wnullability-completeness]
 6665 |     VmaDeviceMemoryBlock* GetBlock() const { VMA_ASSERT(m_Type == ALLOCATION_TYPE_BLOCK); return m_BlockAllocation.m_Block; }
      |                         ^
/data/data/com.termux/files/home/ExynosTools-LSFG/external/VulkanMemoryAllocator/include/vk_mem_alloc.h:6665:25: note: insert '_Nullable' if the pointer may be null
 6665 |     VmaDeviceMemoryBlock* GetBlock() const { VMA_ASSERT(m_Type == ALLOCATION_TYPE_BLOCK); return m_BlockAllocation.m_Block; }
      |                         ^
      |                           _Nullable
/data/data/com.termux/files/home/ExynosTools-LSFG/external/VulkanMemoryAllocator/include/vk_mem_alloc.h:6665:25: note: insert '_Nonnull' if the pointer should never be null
 6665 |     VmaDeviceMemoryBlock* GetBlock() const { VMA_ASSERT(m_Type == ALLOCATION_TYPE_BLOCK); return m_BlockAllocation.m_Block; }
      |                         ^
      |                           _Nonnull
/data/data/com.termux/files/home/ExynosTools-LSFG/external/VulkanMemoryAllocator/include/vk_mem_alloc.h:6670:22: warning: pointer is missing a nullability type specifier (_Nonnull, _Nullable, or _Null_unspecified) [-Wnullability-completeness]
 6670 |     void SetUserData(VmaAllocator hAllocator, void* pUserData) { m_pUserData = pUserData; }
      |                      ^
/data/data/com.termux/files/home/ExynosTools-LSFG/external/VulkanMemoryAllocator/include/vk_mem_alloc.h:6670:22: note: insert '_Nullable' if the pointer may be null
 6670 |     void SetUserData(VmaAllocator hAllocator, void* pUserData) { m_pUserData = pUserData; }
      |                      ^
      |                                   _Nullable
/data/data/com.termux/files/home/ExynosTools-LSFG/external/VulkanMemoryAllocator/include/vk_mem_alloc.h:6670:22: note: insert '_Nonnull' if the pointer should never be null
 6670 |     void SetUserData(VmaAllocator hAllocator, void* pUserData) { m_pUserData = pUserData; }
      |                      ^
      |                                   _Nonnull
/data/data/com.termux/files/home/ExynosTools-LSFG/external/VulkanMemoryAllocator/include/vk_mem_alloc.h:6670:51: warning: pointer is missing a nullability type specifier (_Nonnull, _Nullable, or _Null_unspecified) [-Wnullability-completeness]
 6670 |     void SetUserData(VmaAllocator hAllocator, void* pUserData) { m_pUserData = pUserData; }
      |                                                   ^
/data/data/com.termux/files/home/ExynosTools-LSFG/external/VulkanMemoryAllocator/include/vk_mem_alloc.h:6670:51: note: insert '_Nullable' if the pointer may be null
 6670 |     void SetUserData(VmaAllocator hAllocator, void* pUserData) { m_pUserData = pUserData; }
      |                                                   ^
      |                                                     _Nullable
/data/data/com.termux/files/home/ExynosTools-LSFG/external/VulkanMemoryAllocator/include/vk_mem_alloc.h:6670:51: note: insert '_Nonnull' if the pointer should never be null
 6670 |     void SetUserData(VmaAllocator hAllocator, void* pUserData) { m_pUserData = pUserData; }
      |                                                   ^
      |                                                     _Nonnull
/data/data/com.termux/files/home/ExynosTools-LSFG/external/VulkanMemoryAllocator/include/vk_mem_alloc.h:6671:18: warning: pointer is missing a nullability type specifier (_Nonnull, _Nullable, or _Null_unspecified) [-Wnullability-completeness]
 6671 |     void SetName(VmaAllocator hAllocator, const char* pName);
      |                  ^
/data/data/com.termux/files/home/ExynosTools-LSFG/external/VulkanMemoryAllocator/include/vk_mem_alloc.h:6671:18: note: insert '_Nullable' if the pointer may be null
 6671 |     void SetName(VmaAllocator hAllocator, const char* pName);
      |                  ^
      |                               _Nullable
/data/data/com.termux/files/home/ExynosTools-LSFG/external/VulkanMemoryAllocator/include/vk_mem_alloc.h:6671:18: note: insert '_Nonnull' if the pointer should never be null
 6671 |     void SetName(VmaAllocator hAllocator, const char* pName);
      |                  ^
      |                               _Nonnull
/data/data/com.termux/files/home/ExynosTools-LSFG/external/VulkanMemoryAllocator/include/vk_mem_alloc.h:6671:53: warning: pointer is missing a nullability type specifier (_Nonnull, _Nullable, or _Null_unspecified) [-Wnullability-completeness]
 6671 |     void SetName(VmaAllocator hAllocator, const char* pName);
      |                                                     ^
/data/data/com.termux/files/home/ExynosTools-LSFG/external/VulkanMemoryAllocator/include/vk_mem_alloc.h:6671:53: note: insert '_Nullable' if the pointer may be null
 6671 |     void SetName(VmaAllocator hAllocator, const char* pName);
      |                                                     ^
      |                                                       _Nullable
/data/data/com.termux/files/home/ExynosTools-LSFG/external/VulkanMemoryAllocator/include/vk_mem_alloc.h:6671:53: note: insert '_Nonnull' if the pointer should never be null
 6671 |     void SetName(VmaAllocator hAllocator, const char* pName);
      |                                                     ^
      |                                                       _Nonnull
/data/data/com.termux/files/home/ExynosTools-LSFG/external/VulkanMemoryAllocator/include/vk_mem_alloc.h:6672:19: warning: pointer is missing a nullability type specifier (_Nonnull, _Nullable, or _Null_unspecified) [-Wnullability-completeness]
 6672 |     void FreeName(VmaAllocator hAllocator);
      |                   ^
/data/data/com.termux/files/home/ExynosTools-LSFG/external/VulkanMemoryAllocator/include/vk_mem_alloc.h:6672:19: note: insert '_Nullable' if the pointer may be null
 6672 |     void FreeName(VmaAllocator hAllocator);
      |                   ^
      |                                _Nullable
/data/data/com.termux/files/home/ExynosTools-LSFG/external/VulkanMemoryAllocator/include/vk_mem_alloc.h:6672:19: note: insert '_Nonnull' if the pointer should never be null
 6672 |     void FreeName(VmaAllocator hAllocator);
      |                   ^
      |                                _Nonnull
/data/data/com.termux/files/home/ExynosTools-LSFG/external/VulkanMemoryAllocator/include/vk_mem_alloc.h:6673:33: warning: pointer is missing a nullability type specifier (_Nonnull, _Nullable, or _Null_unspecified) [-Wnullability-completeness]
 6673 |     uint8_t SwapBlockAllocation(VmaAllocator hAllocator, VmaAllocation allocation);
      |                                 ^
/data/data/com.termux/files/home/ExynosTools-LSFG/external/VulkanMemoryAllocator/include/vk_mem_alloc.h:6673:33: note: insert '_Nullable' if the pointer may be null
 6673 |     uint8_t SwapBlockAllocation(VmaAllocator hAllocator, VmaAllocation allocation);
      |                                 ^
      |                                              _Nullable
/data/data/com.termux/files/home/ExynosTools-LSFG/external/VulkanMemoryAllocator/include/vk_mem_alloc.h:6673:33: note: insert '_Nonnull' if the pointer should never be null
 6673 |     uint8_t SwapBlockAllocation(VmaAllocator hAllocator, VmaAllocation allocation);
      |                                 ^
      |                                              _Nonnull
/data/data/com.termux/files/home/ExynosTools-LSFG/external/VulkanMemoryAllocator/include/vk_mem_alloc.h:6673:58: warning: pointer is missing a nullability type specifier (_Nonnull, _Nullable, or _Null_unspecified) [-Wnullability-completeness]
 6673 |     uint8_t SwapBlockAllocation(VmaAllocator hAllocator, VmaAllocation allocation);
      |                                                          ^
/data/data/com.termux/files/home/ExynosTools-LSFG/external/VulkanMemoryAllocator/include/vk_mem_alloc.h:6673:58: note: insert '_Nullable' if the pointer may be null
 6673 |     uint8_t SwapBlockAllocation(VmaAllocator hAllocator, VmaAllocation allocation);
      |                                                          ^
      |                                                                        _Nullable
/data/data/com.termux/files/home/ExynosTools-LSFG/external/VulkanMemoryAllocator/include/vk_mem_alloc.h:6673:58: note: insert '_Nonnull' if the pointer should never be null
 6673 |     uint8_t SwapBlockAllocation(VmaAllocator hAllocator, VmaAllocation allocation);
      |                                                          ^
      |                                                                        _Nonnull
/data/data/com.termux/files/home/ExynosTools-LSFG/external/VulkanMemoryAllocator/include/vk_mem_alloc.h:6674:5: warning: pointer is missing a nullability type specifier (_Nonnull, _Nullable, or _Null_unspecified) [-Wnullability-completeness]
 6674 |     VmaAllocHandle GetAllocHandle() const;
      |     ^
/data/data/com.termux/files/home/ExynosTools-LSFG/external/VulkanMemoryAllocator/include/vk_mem_alloc.h:6674:5: note: insert '_Nullable' if the pointer may be null
 6674 |     VmaAllocHandle GetAllocHandle() const;
      |     ^
      |                    _Nullable
/data/data/com.termux/files/home/ExynosTools-LSFG/external/VulkanMemoryAllocator/include/vk_mem_alloc.h:6674:5: note: insert '_Nonnull' if the pointer should never be null
 6674 |     VmaAllocHandle GetAllocHandle() const;
      |     ^
      |                    _Nonnull
/data/data/com.termux/files/home/ExynosTools-LSFG/external/VulkanMemoryAllocator/include/vk_mem_alloc.h:6676:5: warning: pointer is missing a nullability type specifier (_Nonnull, _Nullable, or _Null_unspecified) [-Wnullability-completeness]
 6676 |     VmaPool GetParentPool() const;
      |     ^
/data/data/com.termux/files/home/ExynosTools-LSFG/external/VulkanMemoryAllocator/include/vk_mem_alloc.h:6676:5: note: insert '_Nullable' if the pointer may be null
 6676 |     VmaPool GetParentPool() const;
      |     ^
      |             _Nullable
/data/data/com.termux/files/home/ExynosTools-LSFG/external/VulkanMemoryAllocator/include/vk_mem_alloc.h:6676:5: note: insert '_Nonnull' if the pointer should never be null
 6676 |     VmaPool GetParentPool() const;
      |     ^
      |             _Nonnull
/data/data/com.termux/files/home/ExynosTools-LSFG/external/VulkanMemoryAllocator/include/vk_mem_alloc.h:6677:5: warning: pointer is missing a nullability type specifier (_Nonnull, _Nullable, or _Null_unspecified) [-Wnullability-completeness]
 6677 |     VkDeviceMemory GetMemory() const;
      |     ^
/data/data/com.termux/files/home/ExynosTools-LSFG/external/VulkanMemoryAllocator/include/vk_mem_alloc.h:6677:5: note: insert '_Nullable' if the pointer may be null
 6677 |     VkDeviceMemory GetMemory() const;
      |     ^
      |                    _Nullable
/data/data/com.termux/files/home/ExynosTools-LSFG/external/VulkanMemoryAllocator/include/vk_mem_alloc.h:6677:5: note: insert '_Nonnull' if the pointer should never be null
 6677 |     VkDeviceMemory GetMemory() const;
      |     ^
      |                    _Nonnull
/data/data/com.termux/files/home/ExynosTools-LSFG/external/VulkanMemoryAllocator/include/vk_mem_alloc.h:6678:9: warning: pointer is missing a nullability type specifier (_Nonnull, _Nullable, or _Null_unspecified) [-Wnullability-completeness]
 6678 |     void* GetMappedData() const;
      |         ^
/data/data/com.termux/files/home/ExynosTools-LSFG/external/VulkanMemoryAllocator/include/vk_mem_alloc.h:6678:9: note: insert '_Nullable' if the pointer may be null
 6678 |     void* GetMappedData() const;
      |         ^
      |           _Nullable
/data/data/com.termux/files/home/ExynosTools-LSFG/external/VulkanMemoryAllocator/include/vk_mem_alloc.h:6678:9: note: insert '_Nonnull' if the pointer should never be null
 6678 |     void* GetMappedData() const;
      |         ^
      |           _Nonnull
/data/data/com.termux/files/home/ExynosTools-LSFG/external/VulkanMemoryAllocator/include/vk_mem_alloc.h:6682:32: warning: pointer is missing a nullability type specifier (_Nonnull, _Nullable, or _Null_unspecified) [-Wnullability-completeness]
 6682 |     VkResult DedicatedAllocMap(VmaAllocator hAllocator, void** ppData);
      |                                ^
/data/data/com.termux/files/home/ExynosTools-LSFG/external/VulkanMemoryAllocator/include/vk_mem_alloc.h:6682:32: note: insert '_Nullable' if the pointer may be null
 6682 |     VkResult DedicatedAllocMap(VmaAllocator hAllocator, void** ppData);
      |                                ^
      |                                             _Nullable
/data/data/com.termux/files/home/ExynosTools-LSFG/external/VulkanMemoryAllocator/include/vk_mem_alloc.h:6682:32: note: insert '_Nonnull' if the pointer should never be null
 6682 |     VkResult DedicatedAllocMap(VmaAllocator hAllocator, void** ppData);
      |                                ^
      |                                             _Nonnull
/data/data/com.termux/files/home/ExynosTools-LSFG/external/VulkanMemoryAllocator/include/vk_mem_alloc.h:6682:61: warning: pointer is missing a nullability type specifier (_Nonnull, _Nullable, or _Null_unspecified) [-Wnullability-completeness]
 6682 |     VkResult DedicatedAllocMap(VmaAllocator hAllocator, void** ppData);
      |                                                             ^
/data/data/com.termux/files/home/ExynosTools-LSFG/external/VulkanMemoryAllocator/include/vk_mem_alloc.h:6682:61: note: insert '_Nullable' if the pointer may be null
 6682 |     VkResult DedicatedAllocMap(VmaAllocator hAllocator, void** ppData);
      |                                                             ^
      |                                                              _Nullable
/data/data/com.termux/files/home/ExynosTools-LSFG/external/VulkanMemoryAllocator/include/vk_mem_alloc.h:6682:61: note: insert '_Nonnull' if the pointer should never be null
 6682 |     VkResult DedicatedAllocMap(VmaAllocator hAllocator, void** ppData);
      |                                                             ^
      |                                                              _Nonnull
/data/data/com.termux/files/home/ExynosTools-LSFG/external/VulkanMemoryAllocator/include/vk_mem_alloc.h:6682:62: warning: pointer is missing a nullability type specifier (_Nonnull, _Nullable, or _Null_unspecified) [-Wnullability-completeness]
 6682 |     VkResult DedicatedAllocMap(VmaAllocator hAllocator, void** ppData);
      |                                                              ^
/data/data/com.termux/files/home/ExynosTools-LSFG/external/VulkanMemoryAllocator/include/vk_mem_alloc.h:6682:62: note: insert '_Nullable' if the pointer may be null
 6682 |     VkResult DedicatedAllocMap(VmaAllocator hAllocator, void** ppData);
      |                                                              ^
      |                                                                _Nullable
/data/data/com.termux/files/home/ExynosTools-LSFG/external/VulkanMemoryAllocator/include/vk_mem_alloc.h:6682:62: note: insert '_Nonnull' if the pointer should never be null
 6682 |     VkResult DedicatedAllocMap(VmaAllocator hAllocator, void** ppData);
      |                                                              ^
      |                                                                _Nonnull
/data/data/com.termux/files/home/ExynosTools-LSFG/external/VulkanMemoryAllocator/include/vk_mem_alloc.h:6683:30: warning: pointer is missing a nullability type specifier (_Nonnull, _Nullable, or _Null_unspecified) [-Wnullability-completeness]
 6683 |     void DedicatedAllocUnmap(VmaAllocator hAllocator);
      |                              ^
/data/data/com.termux/files/home/ExynosTools-LSFG/external/VulkanMemoryAllocator/include/vk_mem_alloc.h:6683:30: note: insert '_Nullable' if the pointer may be null
 6683 |     void DedicatedAllocUnmap(VmaAllocator hAllocator);
      |                              ^
      |                                           _Nullable
/data/data/com.termux/files/home/ExynosTools-LSFG/external/VulkanMemoryAllocator/include/vk_mem_alloc.h:6683:30: note: insert '_Nonnull' if the pointer should never be null
 6683 |     void DedicatedAllocUnmap(VmaAllocator hAllocator);
      |                              ^
      |                                           _Nonnull
/data/data/com.termux/files/home/ExynosTools-LSFG/external/VulkanMemoryAllocator/include/vk_mem_alloc.h:6708:29: warning: pointer is missing a nullability type specifier (_Nonnull, _Nullable, or _Null_unspecified) [-Wnullability-completeness]
 6708 |         VmaDeviceMemoryBlock* m_Block;
      |                             ^
/data/data/com.termux/files/home/ExynosTools-LSFG/external/VulkanMemoryAllocator/include/vk_mem_alloc.h:6708:29: note: insert '_Nullable' if the pointer may be null
 6708 |         VmaDeviceMemoryBlock* m_Block;
      |                             ^
      |                               _Nullable
/data/data/com.termux/files/home/ExynosTools-LSFG/external/VulkanMemoryAllocator/include/vk_mem_alloc.h:6708:29: note: insert '_Nonnull' if the pointer should never be null
 6708 |         VmaDeviceMemoryBlock* m_Block;
      |                             ^
      |                               _Nonnull
/data/data/com.termux/files/home/ExynosTools-LSFG/external/VulkanMemoryAllocator/include/vk_mem_alloc.h:6709:9: warning: pointer is missing a nullability type specifier (_Nonnull, _Nullable, or _Null_unspecified) [-Wnullability-completeness]
 6709 |         VmaAllocHandle m_AllocHandle;
      |         ^
/data/data/com.termux/files/home/ExynosTools-LSFG/external/VulkanMemoryAllocator/include/vk_mem_alloc.h:6709:9: note: insert '_Nullable' if the pointer may be null
 6709 |         VmaAllocHandle m_AllocHandle;
      |         ^
      |                        _Nullable
/data/data/com.termux/files/home/ExynosTools-LSFG/external/VulkanMemoryAllocator/include/vk_mem_alloc.h:6709:9: note: insert '_Nonnull' if the pointer should never be null
 6709 |         VmaAllocHandle m_AllocHandle;
      |         ^
      |                        _Nonnull
/data/data/com.termux/files/home/ExynosTools-LSFG/external/VulkanMemoryAllocator/include/vk_mem_alloc.h:6714:9: warning: pointer is missing a nullability type specifier (_Nonnull, _Nullable, or _Null_unspecified) [-Wnullability-completeness]
 6714 |         VmaPool m_hParentPool; // VK_NULL_HANDLE if not belongs to custom pool.
      |         ^
/data/data/com.termux/files/home/ExynosTools-LSFG/external/VulkanMemoryAllocator/include/vk_mem_alloc.h:6714:9: note: insert '_Nullable' if the pointer may be null
 6714 |         VmaPool m_hParentPool; // VK_NULL_HANDLE if not belongs to custom pool.
      |         ^
      |                 _Nullable
/data/data/com.termux/files/home/ExynosTools-LSFG/external/VulkanMemoryAllocator/include/vk_mem_alloc.h:6714:9: note: insert '_Nonnull' if the pointer should never be null
 6714 |         VmaPool m_hParentPool; // VK_NULL_HANDLE if not belongs to custom pool.
      |         ^
      |                 _Nonnull
/data/data/com.termux/files/home/ExynosTools-LSFG/external/VulkanMemoryAllocator/include/vk_mem_alloc.h:6715:9: warning: pointer is missing a nullability type specifier (_Nonnull, _Nullable, or _Null_unspecified) [-Wnullability-completeness]
 6715 |         VkDeviceMemory m_hMemory;
      |         ^
/data/data/com.termux/files/home/ExynosTools-LSFG/external/VulkanMemoryAllocator/include/vk_mem_alloc.h:6715:9: note: insert '_Nullable' if the pointer may be null
 6715 |         VkDeviceMemory m_hMemory;
      |         ^
      |                        _Nullable
/data/data/com.termux/files/home/ExynosTools-LSFG/external/VulkanMemoryAllocator/include/vk_mem_alloc.h:6715:9: note: insert '_Nonnull' if the pointer should never be null
 6715 |         VkDeviceMemory m_hMemory;
      |         ^
      |                        _Nonnull
/data/data/com.termux/files/home/ExynosTools-LSFG/external/VulkanMemoryAllocator/include/vk_mem_alloc.h:6716:31: warning: pointer is missing a nullability type specifier (_Nonnull, _Nullable, or _Null_unspecified) [-Wnullability-completeness]
 6716 |         VmaAllocationExtraData* m_ExtraData;
      |                               ^
/data/data/com.termux/files/home/ExynosTools-LSFG/external/VulkanMemoryAllocator/include/vk_mem_alloc.h:6716:31: note: insert '_Nullable' if the pointer may be null
 6716 |         VmaAllocationExtraData* m_ExtraData;
      |                               ^
      |                                 _Nullable
/data/data/com.termux/files/home/ExynosTools-LSFG/external/VulkanMemoryAllocator/include/vk_mem_alloc.h:6716:31: note: insert '_Nonnull' if the pointer should never be null
 6716 |         VmaAllocationExtraData* m_ExtraData;
      |                               ^
      |                                 _Nonnull
/data/data/com.termux/files/home/ExynosTools-LSFG/external/VulkanMemoryAllocator/include/vk_mem_alloc.h:6717:24: warning: pointer is missing a nullability type specifier (_Nonnull, _Nullable, or _Null_unspecified) [-Wnullability-completeness]
 6717 |         VmaAllocation_T* m_Prev;
      |                        ^
/data/data/com.termux/files/home/ExynosTools-LSFG/external/VulkanMemoryAllocator/include/vk_mem_alloc.h:6717:24: note: insert '_Nullable' if the pointer may be null
 6717 |         VmaAllocation_T* m_Prev;
      |                        ^
      |                          _Nullable
/data/data/com.termux/files/home/ExynosTools-LSFG/external/VulkanMemoryAllocator/include/vk_mem_alloc.h:6717:24: note: insert '_Nonnull' if the pointer should never be null
 6717 |         VmaAllocation_T* m_Prev;
      |                        ^
      |                          _Nonnull
/data/data/com.termux/files/home/ExynosTools-LSFG/external/VulkanMemoryAllocator/include/vk_mem_alloc.h:6718:24: warning: pointer is missing a nullability type specifier (_Nonnull, _Nullable, or _Null_unspecified) [-Wnullability-completeness]
 6718 |         VmaAllocation_T* m_Next;
      |                        ^
/data/data/com.termux/files/home/ExynosTools-LSFG/external/VulkanMemoryAllocator/include/vk_mem_alloc.h:6718:24: note: insert '_Nullable' if the pointer may be null
 6718 |         VmaAllocation_T* m_Next;
      |                        ^
      |                          _Nullable
/data/data/com.termux/files/home/ExynosTools-LSFG/external/VulkanMemoryAllocator/include/vk_mem_alloc.h:6718:24: note: insert '_Nonnull' if the pointer should never be null
 6718 |         VmaAllocation_T* m_Next;
      |                        ^
      |                          _Nonnull
/data/data/com.termux/files/home/ExynosTools-LSFG/external/VulkanMemoryAllocator/include/vk_mem_alloc.h:6730:9: warning: pointer is missing a nullability type specifier (_Nonnull, _Nullable, or _Null_unspecified) [-Wnullability-completeness]
 6730 |     void* m_pUserData;
      |         ^
/data/data/com.termux/files/home/ExynosTools-LSFG/external/VulkanMemoryAllocator/include/vk_mem_alloc.h:6730:9: note: insert '_Nullable' if the pointer may be null
 6730 |     void* m_pUserData;
      |         ^
      |           _Nullable
/data/data/com.termux/files/home/ExynosTools-LSFG/external/VulkanMemoryAllocator/include/vk_mem_alloc.h:6730:9: note: insert '_Nonnull' if the pointer should never be null
 6730 |     void* m_pUserData;
      |         ^
      |           _Nonnull
/data/data/com.termux/files/home/ExynosTools-LSFG/external/VulkanMemoryAllocator/include/vk_mem_alloc.h:6731:9: warning: pointer is missing a nullability type specifier (_Nonnull, _Nullable, or _Null_unspecified) [-Wnullability-completeness]
 6731 |     char* m_pName;
      |         ^
/data/data/com.termux/files/home/ExynosTools-LSFG/external/VulkanMemoryAllocator/include/vk_mem_alloc.h:6731:9: note: insert '_Nullable' if the pointer may be null
 6731 |     char* m_pName;
      |         ^
      |           _Nullable
/data/data/com.termux/files/home/ExynosTools-LSFG/external/VulkanMemoryAllocator/include/vk_mem_alloc.h:6731:9: note: insert '_Nonnull' if the pointer should never be null
 6731 |     char* m_pName;
      |         ^
      |           _Nonnull
/data/data/com.termux/files/home/ExynosTools-LSFG/external/VulkanMemoryAllocator/include/vk_mem_alloc.h:6742:26: warning: pointer is missing a nullability type specifier (_Nonnull, _Nullable, or _Null_unspecified) [-Wnullability-completeness]
 6742 |     void EnsureExtraData(VmaAllocator hAllocator);
      |                          ^
/data/data/com.termux/files/home/ExynosTools-LSFG/external/VulkanMemoryAllocator/include/vk_mem_alloc.h:6742:26: note: insert '_Nullable' if the pointer may be null
 6742 |     void EnsureExtraData(VmaAllocator hAllocator);
      |                          ^
      |                                       _Nullable
/data/data/com.termux/files/home/ExynosTools-LSFG/external/VulkanMemoryAllocator/include/vk_mem_alloc.h:6742:26: note: insert '_Nonnull' if the pointer should never be null
 6742 |     void EnsureExtraData(VmaAllocator hAllocator);
      |                          ^
      |                                       _Nonnull
/data/data/com.termux/files/home/ExynosTools-LSFG/external/VulkanMemoryAllocator/include/vk_mem_alloc.h:6751:44: warning: pointer is missing a nullability type specifier (_Nonnull, _Nullable, or _Null_unspecified) [-Wnullability-completeness]
 6751 |     static ItemType* GetPrev(const ItemType* item)
      |                                            ^
/data/data/com.termux/files/home/ExynosTools-LSFG/external/VulkanMemoryAllocator/include/vk_mem_alloc.h:6751:44: note: insert '_Nullable' if the pointer may be null
 6751 |     static ItemType* GetPrev(const ItemType* item)
      |                                            ^
      |                                              _Nullable
/data/data/com.termux/files/home/ExynosTools-LSFG/external/VulkanMemoryAllocator/include/vk_mem_alloc.h:6751:44: note: insert '_Nonnull' if the pointer should never be null
 6751 |     static ItemType* GetPrev(const ItemType* item)
      |                                            ^
      |                                              _Nonnull
/data/data/com.termux/files/home/ExynosTools-LSFG/external/VulkanMemoryAllocator/include/vk_mem_alloc.h:6751:20: warning: pointer is missing a nullability type specifier (_Nonnull, _Nullable, or _Null_unspecified) [-Wnullability-completeness]
 6751 |     static ItemType* GetPrev(const ItemType* item)
      |                    ^
/data/data/com.termux/files/home/ExynosTools-LSFG/external/VulkanMemoryAllocator/include/vk_mem_alloc.h:6751:20: note: insert '_Nullable' if the pointer may be null
 6751 |     static ItemType* GetPrev(const ItemType* item)
      |                    ^
      |                      _Nullable
/data/data/com.termux/files/home/ExynosTools-LSFG/external/VulkanMemoryAllocator/include/vk_mem_alloc.h:6751:20: note: insert '_Nonnull' if the pointer should never be null
 6751 |     static ItemType* GetPrev(const ItemType* item)
      |                    ^
      |                      _Nonnull
/data/data/com.termux/files/home/ExynosTools-LSFG/external/VulkanMemoryAllocator/include/vk_mem_alloc.h:6756:44: warning: pointer is missing a nullability type specifier (_Nonnull, _Nullable, or _Null_unspecified) [-Wnullability-completeness]
 6756 |     static ItemType* GetNext(const ItemType* item)
      |                                            ^
/data/data/com.termux/files/home/ExynosTools-LSFG/external/VulkanMemoryAllocator/include/vk_mem_alloc.h:6756:44: note: insert '_Nullable' if the pointer may be null
 6756 |     static ItemType* GetNext(const ItemType* item)
      |                                            ^
      |                                              _Nullable
/data/data/com.termux/files/home/ExynosTools-LSFG/external/VulkanMemoryAllocator/include/vk_mem_alloc.h:6756:44: note: insert '_Nonnull' if the pointer should never be null
 6756 |     static ItemType* GetNext(const ItemType* item)
      |                                            ^
      |                                              _Nonnull
/data/data/com.termux/files/home/ExynosTools-LSFG/external/VulkanMemoryAllocator/include/vk_mem_alloc.h:6756:20: warning: pointer is missing a nullability type specifier (_Nonnull, _Nullable, or _Null_unspecified) [-Wnullability-completeness]
 6756 |     static ItemType* GetNext(const ItemType* item)
      |                    ^
/data/data/com.termux/files/home/ExynosTools-LSFG/external/VulkanMemoryAllocator/include/vk_mem_alloc.h:6756:20: note: insert '_Nullable' if the pointer may be null
 6756 |     static ItemType* GetNext(const ItemType* item)
      |                    ^
      |                      _Nullable
/data/data/com.termux/files/home/ExynosTools-LSFG/external/VulkanMemoryAllocator/include/vk_mem_alloc.h:6756:20: note: insert '_Nonnull' if the pointer should never be null
 6756 |     static ItemType* GetNext(const ItemType* item)
      |                    ^
      |                      _Nonnull
/data/data/com.termux/files/home/ExynosTools-LSFG/external/VulkanMemoryAllocator/include/vk_mem_alloc.h:6761:42: warning: pointer is missing a nullability type specifier (_Nonnull, _Nullable, or _Null_unspecified) [-Wnullability-completeness]
 6761 |     static ItemType*& AccessPrev(ItemType* item)
      |                                          ^
/data/data/com.termux/files/home/ExynosTools-LSFG/external/VulkanMemoryAllocator/include/vk_mem_alloc.h:6761:42: note: insert '_Nullable' if the pointer may be null
 6761 |     static ItemType*& AccessPrev(ItemType* item)
      |                                          ^
      |                                            _Nullable
/data/data/com.termux/files/home/ExynosTools-LSFG/external/VulkanMemoryAllocator/include/vk_mem_alloc.h:6761:42: note: insert '_Nonnull' if the pointer should never be null
 6761 |     static ItemType*& AccessPrev(ItemType* item)
      |                                          ^
      |                                            _Nonnull
/data/data/com.termux/files/home/ExynosTools-LSFG/external/VulkanMemoryAllocator/include/vk_mem_alloc.h:6761:20: warning: pointer is missing a nullability type specifier (_Nonnull, _Nullable, or _Null_unspecified) [-Wnullability-completeness]
 6761 |     static ItemType*& AccessPrev(ItemType* item)
      |                    ^
/data/data/com.termux/files/home/ExynosTools-LSFG/external/VulkanMemoryAllocator/include/vk_mem_alloc.h:6761:20: note: insert '_Nullable' if the pointer may be null
 6761 |     static ItemType*& AccessPrev(ItemType* item)
      |                    ^
      |                     _Nullable
/data/data/com.termux/files/home/ExynosTools-LSFG/external/VulkanMemoryAllocator/include/vk_mem_alloc.h:6761:20: note: insert '_Nonnull' if the pointer should never be null
 6761 |     static ItemType*& AccessPrev(ItemType* item)
      |                    ^
      |                     _Nonnull
/data/data/com.termux/files/home/ExynosTools-LSFG/external/VulkanMemoryAllocator/include/vk_mem_alloc.h:6766:42: warning: pointer is missing a nullability type specifier (_Nonnull, _Nullable, or _Null_unspecified) [-Wnullability-completeness]
 6766 |     static ItemType*& AccessNext(ItemType* item)
      |                                          ^
/data/data/com.termux/files/home/ExynosTools-LSFG/external/VulkanMemoryAllocator/include/vk_mem_alloc.h:6766:42: note: insert '_Nullable' if the pointer may be null
 6766 |     static ItemType*& AccessNext(ItemType* item)
      |                                          ^
      |                                            _Nullable
/data/data/com.termux/files/home/ExynosTools-LSFG/external/VulkanMemoryAllocator/include/vk_mem_alloc.h:6766:42: note: insert '_Nonnull' if the pointer should never be null
 6766 |     static ItemType*& AccessNext(ItemType* item)
      |                                          ^
      |                                            _Nonnull
/data/data/com.termux/files/home/ExynosTools-LSFG/external/VulkanMemoryAllocator/include/vk_mem_alloc.h:6766:20: warning: pointer is missing a nullability type specifier (_Nonnull, _Nullable, or _Null_unspecified) [-Wnullability-completeness]
 6766 |     static ItemType*& AccessNext(ItemType* item)
      |                    ^
/data/data/com.termux/files/home/ExynosTools-LSFG/external/VulkanMemoryAllocator/include/vk_mem_alloc.h:6766:20: note: insert '_Nullable' if the pointer may be null
 6766 |     static ItemType*& AccessNext(ItemType* item)
      |                    ^
      |                     _Nullable
/data/data/com.termux/files/home/ExynosTools-LSFG/external/VulkanMemoryAllocator/include/vk_mem_alloc.h:6766:20: note: insert '_Nonnull' if the pointer should never be null
 6766 |     static ItemType*& AccessNext(ItemType* item)
      |                    ^
      |                     _Nonnull
/data/data/com.termux/files/home/ExynosTools-LSFG/external/VulkanMemoryAllocator/include/vk_mem_alloc.h:6797:19: warning: pointer is missing a nullability type specifier (_Nonnull, _Nullable, or _Null_unspecified) [-Wnullability-completeness]
 6797 |     void Register(VmaAllocation alloc);
      |                   ^
/data/data/com.termux/files/home/ExynosTools-LSFG/external/VulkanMemoryAllocator/include/vk_mem_alloc.h:6797:19: note: insert '_Nullable' if the pointer may be null
 6797 |     void Register(VmaAllocation alloc);
      |                   ^
      |                                 _Nullable
/data/data/com.termux/files/home/ExynosTools-LSFG/external/VulkanMemoryAllocator/include/vk_mem_alloc.h:6797:19: note: insert '_Nonnull' if the pointer should never be null
 6797 |     void Register(VmaAllocation alloc);
      |                   ^
      |                                 _Nonnull
/data/data/com.termux/files/home/ExynosTools-LSFG/external/VulkanMemoryAllocator/include/vk_mem_alloc.h:6798:21: warning: pointer is missing a nullability type specifier (_Nonnull, _Nullable, or _Null_unspecified) [-Wnullability-completeness]
 6798 |     void Unregister(VmaAllocation alloc);
      |                     ^
/data/data/com.termux/files/home/ExynosTools-LSFG/external/VulkanMemoryAllocator/include/vk_mem_alloc.h:6798:21: note: insert '_Nullable' if the pointer may be null
 6798 |     void Unregister(VmaAllocation alloc);
      |                     ^
      |                                   _Nullable
/data/data/com.termux/files/home/ExynosTools-LSFG/external/VulkanMemoryAllocator/include/vk_mem_alloc.h:6798:21: note: insert '_Nonnull' if the pointer should never be null
 6798 |     void Unregister(VmaAllocation alloc);
      |                     ^
      |                                   _Nonnull
/data/data/com.termux/files/home/ExynosTools-LSFG/external/VulkanMemoryAllocator/include/vk_mem_alloc.h:6884:43: warning: pointer is missing a nullability type specifier (_Nonnull, _Nullable, or _Null_unspecified) [-Wnullability-completeness]
 6884 | void VmaDedicatedAllocationList::Register(VmaAllocation alloc)
      |                                           ^
/data/data/com.termux/files/home/ExynosTools-LSFG/external/VulkanMemoryAllocator/include/vk_mem_alloc.h:6884:43: note: insert '_Nullable' if the pointer may be null
 6884 | void VmaDedicatedAllocationList::Register(VmaAllocation alloc)
      |                                           ^
      |                                                         _Nullable
/data/data/com.termux/files/home/ExynosTools-LSFG/external/VulkanMemoryAllocator/include/vk_mem_alloc.h:6884:43: note: insert '_Nonnull' if the pointer should never be null
 6884 | void VmaDedicatedAllocationList::Register(VmaAllocation alloc)
      |                                           ^
      |                                                         _Nonnull
/data/data/com.termux/files/home/ExynosTools-LSFG/external/VulkanMemoryAllocator/include/vk_mem_alloc.h:6890:45: warning: pointer is missing a nullability type specifier (_Nonnull, _Nullable, or _Null_unspecified) [-Wnullability-completeness]
 6890 | void VmaDedicatedAllocationList::Unregister(VmaAllocation alloc)
      |                                             ^
/data/data/com.termux/files/home/ExynosTools-LSFG/external/VulkanMemoryAllocator/include/vk_mem_alloc.h:6890:45: note: insert '_Nullable' if the pointer may be null
 6890 | void VmaDedicatedAllocationList::Unregister(VmaAllocation alloc)
      |                                             ^
      |                                                           _Nullable
/data/data/com.termux/files/home/ExynosTools-LSFG/external/VulkanMemoryAllocator/include/vk_mem_alloc.h:6890:45: note: insert '_Nonnull' if the pointer should never be null
 6890 | void VmaDedicatedAllocationList::Unregister(VmaAllocation alloc)
      |                                             ^
      |                                                           _Nonnull
/data/data/com.termux/files/home/ExynosTools-LSFG/external/VulkanMemoryAllocator/include/vk_mem_alloc.h:6907:9: warning: pointer is missing a nullability type specifier (_Nonnull, _Nullable, or _Null_unspecified) [-Wnullability-completeness]
 6907 |     void* userData;
      |         ^
/data/data/com.termux/files/home/ExynosTools-LSFG/external/VulkanMemoryAllocator/include/vk_mem_alloc.h:6907:9: note: insert '_Nullable' if the pointer may be null
 6907 |     void* userData;
      |         ^
      |           _Nullable
/data/data/com.termux/files/home/ExynosTools-LSFG/external/VulkanMemoryAllocator/include/vk_mem_alloc.h:6907:9: note: insert '_Nonnull' if the pointer should never be null
 6907 |     void* userData;
      |         ^
      |           _Nonnull
/data/data/com.termux/files/home/ExynosTools-LSFG/external/VulkanMemoryAllocator/include/vk_mem_alloc.h:6951:5: warning: pointer is missing a nullability type specifier (_Nonnull, _Nullable, or _Null_unspecified) [-Wnullability-completeness]
 6951 |     VmaAllocHandle allocHandle;
      |     ^
/data/data/com.termux/files/home/ExynosTools-LSFG/external/VulkanMemoryAllocator/include/vk_mem_alloc.h:6951:5: note: insert '_Nullable' if the pointer may be null
 6951 |     VmaAllocHandle allocHandle;
      |     ^
      |                    _Nullable
/data/data/com.termux/files/home/ExynosTools-LSFG/external/VulkanMemoryAllocator/include/vk_mem_alloc.h:6951:5: note: insert '_Nonnull' if the pointer should never be null
 6951 |     VmaAllocHandle allocHandle;
      |     ^
      |                    _Nonnull
/data/data/com.termux/files/home/ExynosTools-LSFG/external/VulkanMemoryAllocator/include/vk_mem_alloc.h:6954:9: warning: pointer is missing a nullability type specifier (_Nonnull, _Nullable, or _Null_unspecified) [-Wnullability-completeness]
 6954 |     void* customData;
      |         ^
/data/data/com.termux/files/home/ExynosTools-LSFG/external/VulkanMemoryAllocator/include/vk_mem_alloc.h:6954:9: note: insert '_Nullable' if the pointer may be null
 6954 |     void* customData;
      |         ^
      |           _Nullable
/data/data/com.termux/files/home/ExynosTools-LSFG/external/VulkanMemoryAllocator/include/vk_mem_alloc.h:6954:9: note: insert '_Nonnull' if the pointer should never be null
 6954 |     void* customData;
      |         ^
      |           _Nonnull
/data/data/com.termux/files/home/ExynosTools-LSFG/external/VulkanMemoryAllocator/include/vk_mem_alloc.h:6970:49: warning: pointer is missing a nullability type specifier (_Nonnull, _Nullable, or _Null_unspecified) [-Wnullability-completeness]
 6970 |     VmaBlockMetadata(const VkAllocationCallbacks* pAllocationCallbacks,
      |                                                 ^
/data/data/com.termux/files/home/ExynosTools-LSFG/external/VulkanMemoryAllocator/include/vk_mem_alloc.h:6970:49: note: insert '_Nullable' if the pointer may be null
 6970 |     VmaBlockMetadata(const VkAllocationCallbacks* pAllocationCallbacks,
      |                                                 ^
      |                                                   _Nullable
/data/data/com.termux/files/home/ExynosTools-LSFG/external/VulkanMemoryAllocator/include/vk_mem_alloc.h:6970:49: note: insert '_Nonnull' if the pointer should never be null
 6970 |     VmaBlockMetadata(const VkAllocationCallbacks* pAllocationCallbacks,
      |                                                 ^
      |                                                   _Nonnull
/data/data/com.termux/files/home/ExynosTools-LSFG/external/VulkanMemoryAllocator/include/vk_mem_alloc.h:6985:36: warning: pointer is missing a nullability type specifier (_Nonnull, _Nullable, or _Null_unspecified) [-Wnullability-completeness]
 6985 |     virtual void GetAllocationInfo(VmaAllocHandle allocHandle, VmaVirtualAllocationInfo& outInfo) = 0;
      |                                    ^
/data/data/com.termux/files/home/ExynosTools-LSFG/external/VulkanMemoryAllocator/include/vk_mem_alloc.h:6985:36: note: insert '_Nullable' if the pointer may be null
 6985 |     virtual void GetAllocationInfo(VmaAllocHandle allocHandle, VmaVirtualAllocationInfo& outInfo) = 0;
      |                                    ^
      |                                                   _Nullable
/data/data/com.termux/files/home/ExynosTools-LSFG/external/VulkanMemoryAllocator/include/vk_mem_alloc.h:6985:36: note: insert '_Nonnull' if the pointer should never be null
 6985 |     virtual void GetAllocationInfo(VmaAllocHandle allocHandle, VmaVirtualAllocationInfo& outInfo) = 0;
      |                                    ^
      |                                                   _Nonnull
/data/data/com.termux/files/home/ExynosTools-LSFG/external/VulkanMemoryAllocator/include/vk_mem_alloc.h:6986:46: warning: pointer is missing a nullability type specifier (_Nonnull, _Nullable, or _Null_unspecified) [-Wnullability-completeness]
 6986 |     virtual VkDeviceSize GetAllocationOffset(VmaAllocHandle allocHandle) const = 0;
      |                                              ^
/data/data/com.termux/files/home/ExynosTools-LSFG/external/VulkanMemoryAllocator/include/vk_mem_alloc.h:6986:46: note: insert '_Nullable' if the pointer may be null
 6986 |     virtual VkDeviceSize GetAllocationOffset(VmaAllocHandle allocHandle) const = 0;
      |                                              ^
      |                                                             _Nullable
/data/data/com.termux/files/home/ExynosTools-LSFG/external/VulkanMemoryAllocator/include/vk_mem_alloc.h:6986:46: note: insert '_Nonnull' if the pointer should never be null
 6986 |     virtual VkDeviceSize GetAllocationOffset(VmaAllocHandle allocHandle) const = 0;
      |                                              ^
      |                                                             _Nonnull
/data/data/com.termux/files/home/ExynosTools-LSFG/external/VulkanMemoryAllocator/include/vk_mem_alloc.h:6987:41: warning: pointer is missing a nullability type specifier (_Nonnull, _Nullable, or _Null_unspecified) [-Wnullability-completeness]
 6987 |     virtual void* GetAllocationUserData(VmaAllocHandle allocHandle) const = 0;
      |                                         ^
/data/data/com.termux/files/home/ExynosTools-LSFG/external/VulkanMemoryAllocator/include/vk_mem_alloc.h:6987:41: note: insert '_Nullable' if the pointer may be null
 6987 |     virtual void* GetAllocationUserData(VmaAllocHandle allocHandle) const = 0;
      |                                         ^
      |                                                        _Nullable
/data/data/com.termux/files/home/ExynosTools-LSFG/external/VulkanMemoryAllocator/include/vk_mem_alloc.h:6987:41: note: insert '_Nonnull' if the pointer should never be null
 6987 |     virtual void* GetAllocationUserData(VmaAllocHandle allocHandle) const = 0;
      |                                         ^
      |                                                        _Nonnull
/data/data/com.termux/files/home/ExynosTools-LSFG/external/VulkanMemoryAllocator/include/vk_mem_alloc.h:6987:17: warning: pointer is missing a nullability type specifier (_Nonnull, _Nullable, or _Null_unspecified) [-Wnullability-completeness]
 6987 |     virtual void* GetAllocationUserData(VmaAllocHandle allocHandle) const = 0;
      |                 ^
/data/data/com.termux/files/home/ExynosTools-LSFG/external/VulkanMemoryAllocator/include/vk_mem_alloc.h:6987:17: note: insert '_Nullable' if the pointer may be null
 6987 |     virtual void* GetAllocationUserData(VmaAllocHandle allocHandle) const = 0;
      |                 ^
      |                   _Nullable
/data/data/com.termux/files/home/ExynosTools-LSFG/external/VulkanMemoryAllocator/include/vk_mem_alloc.h:6987:17: note: insert '_Nonnull' if the pointer should never be null
 6987 |     virtual void* GetAllocationUserData(VmaAllocHandle allocHandle) const = 0;
      |                 ^
      |                   _Nonnull
/data/data/com.termux/files/home/ExynosTools-LSFG/external/VulkanMemoryAllocator/include/vk_mem_alloc.h:6989:13: warning: pointer is missing a nullability type specifier (_Nonnull, _Nullable, or _Null_unspecified) [-Wnullability-completeness]
 6989 |     virtual VmaAllocHandle GetAllocationListBegin() const = 0;
      |             ^
/data/data/com.termux/files/home/ExynosTools-LSFG/external/VulkanMemoryAllocator/include/vk_mem_alloc.h:6989:13: note: insert '_Nullable' if the pointer may be null
 6989 |     virtual VmaAllocHandle GetAllocationListBegin() const = 0;
      |             ^
      |                            _Nullable
/data/data/com.termux/files/home/ExynosTools-LSFG/external/VulkanMemoryAllocator/include/vk_mem_alloc.h:6989:13: note: insert '_Nonnull' if the pointer should never be null
 6989 |     virtual VmaAllocHandle GetAllocationListBegin() const = 0;
      |             ^
      |                            _Nonnull
/data/data/com.termux/files/home/ExynosTools-LSFG/external/VulkanMemoryAllocator/include/vk_mem_alloc.h:6990:46: warning: pointer is missing a nullability type specifier (_Nonnull, _Nullable, or _Null_unspecified) [-Wnullability-completeness]
 6990 |     virtual VmaAllocHandle GetNextAllocation(VmaAllocHandle prevAlloc) const = 0;
      |                                              ^
/data/data/com.termux/files/home/ExynosTools-LSFG/external/VulkanMemoryAllocator/include/vk_mem_alloc.h:6990:46: note: insert '_Nullable' if the pointer may be null
 6990 |     virtual VmaAllocHandle GetNextAllocation(VmaAllocHandle prevAlloc) const = 0;
      |                                              ^
      |                                                             _Nullable
/data/data/com.termux/files/home/ExynosTools-LSFG/external/VulkanMemoryAllocator/include/vk_mem_alloc.h:6990:46: note: insert '_Nonnull' if the pointer should never be null
 6990 |     virtual VmaAllocHandle GetNextAllocation(VmaAllocHandle prevAlloc) const = 0;
      |                                              ^
      |                                                             _Nonnull
/data/data/com.termux/files/home/ExynosTools-LSFG/external/VulkanMemoryAllocator/include/vk_mem_alloc.h:6990:13: warning: pointer is missing a nullability type specifier (_Nonnull, _Nullable, or _Null_unspecified) [-Wnullability-completeness]
 6990 |     virtual VmaAllocHandle GetNextAllocation(VmaAllocHandle prevAlloc) const = 0;
      |             ^
/data/data/com.termux/files/home/ExynosTools-LSFG/external/VulkanMemoryAllocator/include/vk_mem_alloc.h:6990:13: note: insert '_Nullable' if the pointer may be null
 6990 |     virtual VmaAllocHandle GetNextAllocation(VmaAllocHandle prevAlloc) const = 0;
      |             ^
      |                            _Nullable
/data/data/com.termux/files/home/ExynosTools-LSFG/external/VulkanMemoryAllocator/include/vk_mem_alloc.h:6990:13: note: insert '_Nonnull' if the pointer should never be null
 6990 |     virtual VmaAllocHandle GetNextAllocation(VmaAllocHandle prevAlloc) const = 0;
      |             ^
      |                            _Nonnull
/data/data/com.termux/files/home/ExynosTools-LSFG/external/VulkanMemoryAllocator/include/vk_mem_alloc.h:6991:48: warning: pointer is missing a nullability type specifier (_Nonnull, _Nullable, or _Null_unspecified) [-Wnullability-completeness]
 6991 |     virtual VkDeviceSize GetNextFreeRegionSize(VmaAllocHandle alloc) const = 0;
      |                                                ^
/data/data/com.termux/files/home/ExynosTools-LSFG/external/VulkanMemoryAllocator/include/vk_mem_alloc.h:6991:48: note: insert '_Nullable' if the pointer may be null
 6991 |     virtual VkDeviceSize GetNextFreeRegionSize(VmaAllocHandle alloc) const = 0;
      |                                                ^
      |                                                               _Nullable
/data/data/com.termux/files/home/ExynosTools-LSFG/external/VulkanMemoryAllocator/include/vk_mem_alloc.h:6991:48: note: insert '_Nonnull' if the pointer should never be null
 6991 |     virtual VkDeviceSize GetNextFreeRegionSize(VmaAllocHandle alloc) const = 0;
      |                                                ^
      |                                                               _Nonnull
/data/data/com.termux/files/home/ExynosTools-LSFG/external/VulkanMemoryAllocator/include/vk_mem_alloc.h:7011:29: warning: pointer is missing a nullability type specifier (_Nonnull, _Nullable, or _Null_unspecified) [-Wnullability-completeness]
 7011 |         VmaAllocationRequest* pAllocationRequest) = 0;
      |                             ^
/data/data/com.termux/files/home/ExynosTools-LSFG/external/VulkanMemoryAllocator/include/vk_mem_alloc.h:7011:29: note: insert '_Nullable' if the pointer may be null
 7011 |         VmaAllocationRequest* pAllocationRequest) = 0;
      |                             ^
      |                               _Nullable
/data/data/com.termux/files/home/ExynosTools-LSFG/external/VulkanMemoryAllocator/include/vk_mem_alloc.h:7011:29: note: insert '_Nonnull' if the pointer should never be null
 7011 |         VmaAllocationRequest* pAllocationRequest) = 0;
      |                             ^
      |                               _Nonnull
/data/data/com.termux/files/home/ExynosTools-LSFG/external/VulkanMemoryAllocator/include/vk_mem_alloc.h:7013:48: warning: pointer is missing a nullability type specifier (_Nonnull, _Nullable, or _Null_unspecified) [-Wnullability-completeness]
 7013 |     virtual VkResult CheckCorruption(const void* pBlockData) = 0;
      |                                                ^
/data/data/com.termux/files/home/ExynosTools-LSFG/external/VulkanMemoryAllocator/include/vk_mem_alloc.h:7013:48: note: insert '_Nullable' if the pointer may be null
 7013 |     virtual VkResult CheckCorruption(const void* pBlockData) = 0;
      |                                                ^
      |                                                  _Nullable
/data/data/com.termux/files/home/ExynosTools-LSFG/external/VulkanMemoryAllocator/include/vk_mem_alloc.h:7013:48: note: insert '_Nonnull' if the pointer should never be null
 7013 |     virtual VkResult CheckCorruption(const void* pBlockData) = 0;
      |                                                ^
      |                                                  _Nonnull
/data/data/com.termux/files/home/ExynosTools-LSFG/external/VulkanMemoryAllocator/include/vk_mem_alloc.h:7019:13: warning: pointer is missing a nullability type specifier (_Nonnull, _Nullable, or _Null_unspecified) [-Wnullability-completeness]
 7019 |         void* userData) = 0;
      |             ^
/data/data/com.termux/files/home/ExynosTools-LSFG/external/VulkanMemoryAllocator/include/vk_mem_alloc.h:7019:13: note: insert '_Nullable' if the pointer may be null
 7019 |         void* userData) = 0;
      |             ^
      |               _Nullable
/data/data/com.termux/files/home/ExynosTools-LSFG/external/VulkanMemoryAllocator/include/vk_mem_alloc.h:7019:13: note: insert '_Nonnull' if the pointer should never be null
 7019 |         void* userData) = 0;
      |             ^
      |               _Nonnull
/data/data/com.termux/files/home/ExynosTools-LSFG/external/VulkanMemoryAllocator/include/vk_mem_alloc.h:7022:23: warning: pointer is missing a nullability type specifier (_Nonnull, _Nullable, or _Null_unspecified) [-Wnullability-completeness]
 7022 |     virtual void Free(VmaAllocHandle allocHandle) = 0;
      |                       ^
/data/data/com.termux/files/home/ExynosTools-LSFG/external/VulkanMemoryAllocator/include/vk_mem_alloc.h:7022:23: note: insert '_Nullable' if the pointer may be null
 7022 |     virtual void Free(VmaAllocHandle allocHandle) = 0;
      |                       ^
      |                                      _Nullable
/data/data/com.termux/files/home/ExynosTools-LSFG/external/VulkanMemoryAllocator/include/vk_mem_alloc.h:7022:23: note: insert '_Nonnull' if the pointer should never be null
 7022 |     virtual void Free(VmaAllocHandle allocHandle) = 0;
      |                       ^
      |                                      _Nonnull
/data/data/com.termux/files/home/ExynosTools-LSFG/external/VulkanMemoryAllocator/include/vk_mem_alloc.h:7028:40: warning: pointer is missing a nullability type specifier (_Nonnull, _Nullable, or _Null_unspecified) [-Wnullability-completeness]
 7028 |     virtual void SetAllocationUserData(VmaAllocHandle allocHandle, void* userData) = 0;
      |                                        ^
/data/data/com.termux/files/home/ExynosTools-LSFG/external/VulkanMemoryAllocator/include/vk_mem_alloc.h:7028:40: note: insert '_Nullable' if the pointer may be null
 7028 |     virtual void SetAllocationUserData(VmaAllocHandle allocHandle, void* userData) = 0;
      |                                        ^
      |                                                       _Nullable
/data/data/com.termux/files/home/ExynosTools-LSFG/external/VulkanMemoryAllocator/include/vk_mem_alloc.h:7028:40: note: insert '_Nonnull' if the pointer should never be null
 7028 |     virtual void SetAllocationUserData(VmaAllocHandle allocHandle, void* userData) = 0;
      |                                        ^
      |                                                       _Nonnull
/data/data/com.termux/files/home/ExynosTools-LSFG/external/VulkanMemoryAllocator/include/vk_mem_alloc.h:7028:72: warning: pointer is missing a nullability type specifier (_Nonnull, _Nullable, or _Null_unspecified) [-Wnullability-completeness]
 7028 |     virtual void SetAllocationUserData(VmaAllocHandle allocHandle, void* userData) = 0;
      |                                                                        ^
/data/data/com.termux/files/home/ExynosTools-LSFG/external/VulkanMemoryAllocator/include/vk_mem_alloc.h:7028:72: note: insert '_Nullable' if the pointer may be null
 7028 |     virtual void SetAllocationUserData(VmaAllocHandle allocHandle, void* userData) = 0;
      |                                                                        ^
      |                                                                          _Nullable
/data/data/com.termux/files/home/ExynosTools-LSFG/external/VulkanMemoryAllocator/include/vk_mem_alloc.h:7028:72: note: insert '_Nonnull' if the pointer should never be null
 7028 |     virtual void SetAllocationUserData(VmaAllocHandle allocHandle, void* userData) = 0;
      |                                                                        ^
      |                                                                          _Nonnull
/data/data/com.termux/files/home/ExynosTools-LSFG/external/VulkanMemoryAllocator/include/vk_mem_alloc.h:7032:32: warning: pointer is missing a nullability type specifier (_Nonnull, _Nullable, or _Null_unspecified) [-Wnullability-completeness]
 7032 |     const VkAllocationCallbacks* GetAllocationCallbacks() const { return m_pAllocationCallbacks; }
      |                                ^
/data/data/com.termux/files/home/ExynosTools-LSFG/external/VulkanMemoryAllocator/include/vk_mem_alloc.h:7032:32: note: insert '_Nullable' if the pointer may be null
 7032 |     const VkAllocationCallbacks* GetAllocationCallbacks() const { return m_pAllocationCallbacks; }
      |                                ^
      |                                  _Nullable
/data/data/com.termux/files/home/ExynosTools-LSFG/external/VulkanMemoryAllocator/include/vk_mem_alloc.h:7032:32: note: insert '_Nonnull' if the pointer should never be null
 7032 |     const VkAllocationCallbacks* GetAllocationCallbacks() const { return m_pAllocationCallbacks; }
      |                                ^
      |                                  _Nonnull
/data/data/com.termux/files/home/ExynosTools-LSFG/external/VulkanMemoryAllocator/include/vk_mem_alloc.h:7036:73: warning: pointer is missing a nullability type specifier (_Nonnull, _Nullable, or _Null_unspecified) [-Wnullability-completeness]
 7036 |     void DebugLogAllocation(VkDeviceSize offset, VkDeviceSize size, void* userData) const;
      |                                                                         ^
/data/data/com.termux/files/home/ExynosTools-LSFG/external/VulkanMemoryAllocator/include/vk_mem_alloc.h:7036:73: note: insert '_Nullable' if the pointer may be null
 7036 |     void DebugLogAllocation(VkDeviceSize offset, VkDeviceSize size, void* userData) const;
      |                                                                         ^
      |                                                                           _Nullable
/data/data/com.termux/files/home/ExynosTools-LSFG/external/VulkanMemoryAllocator/include/vk_mem_alloc.h:7036:73: note: insert '_Nonnull' if the pointer should never be null
 7036 |     void DebugLogAllocation(VkDeviceSize offset, VkDeviceSize size, void* userData) const;
      |                                                                         ^
      |                                                                           _Nonnull
/data/data/com.termux/files/home/ExynosTools-LSFG/external/VulkanMemoryAllocator/include/vk_mem_alloc.h:7044:53: warning: pointer is missing a nullability type specifier (_Nonnull, _Nullable, or _Null_unspecified) [-Wnullability-completeness]
 7044 |         VkDeviceSize offset, VkDeviceSize size, void* userData) const;
      |                                                     ^
/data/data/com.termux/files/home/ExynosTools-LSFG/external/VulkanMemoryAllocator/include/vk_mem_alloc.h:7044:53: note: insert '_Nullable' if the pointer may be null
 7044 |         VkDeviceSize offset, VkDeviceSize size, void* userData) const;
      |                                                     ^
      |                                                       _Nullable
/data/data/com.termux/files/home/ExynosTools-LSFG/external/VulkanMemoryAllocator/include/vk_mem_alloc.h:7044:53: note: insert '_Nonnull' if the pointer should never be null
 7044 |         VkDeviceSize offset, VkDeviceSize size, void* userData) const;
      |                                                     ^
      |                                                       _Nonnull
/data/data/com.termux/files/home/ExynosTools-LSFG/external/VulkanMemoryAllocator/include/vk_mem_alloc.h:7053:32: warning: pointer is missing a nullability type specifier (_Nonnull, _Nullable, or _Null_unspecified) [-Wnullability-completeness]
 7053 |     const VkAllocationCallbacks* m_pAllocationCallbacks;
      |                                ^
/data/data/com.termux/files/home/ExynosTools-LSFG/external/VulkanMemoryAllocator/include/vk_mem_alloc.h:7053:32: note: insert '_Nullable' if the pointer may be null
 7053 |     const VkAllocationCallbacks* m_pAllocationCallbacks;
      |                                ^
      |                                  _Nullable
/data/data/com.termux/files/home/ExynosTools-LSFG/external/VulkanMemoryAllocator/include/vk_mem_alloc.h:7053:32: note: insert '_Nonnull' if the pointer should never be null
 7053 |     const VkAllocationCallbacks* m_pAllocationCallbacks;
      |                                ^
      |                                  _Nonnull
/data/data/com.termux/files/home/ExynosTools-LSFG/external/VulkanMemoryAllocator/include/vk_mem_alloc.h:7059:63: warning: pointer is missing a nullability type specifier (_Nonnull, _Nullable, or _Null_unspecified) [-Wnullability-completeness]
 7059 | VmaBlockMetadata::VmaBlockMetadata(const VkAllocationCallbacks* pAllocationCallbacks,
      |                                                               ^
/data/data/com.termux/files/home/ExynosTools-LSFG/external/VulkanMemoryAllocator/include/vk_mem_alloc.h:7059:63: note: insert '_Nullable' if the pointer may be null
 7059 | VmaBlockMetadata::VmaBlockMetadata(const VkAllocationCallbacks* pAllocationCallbacks,
      |                                                               ^
      |                                                                 _Nullable
/data/data/com.termux/files/home/ExynosTools-LSFG/external/VulkanMemoryAllocator/include/vk_mem_alloc.h:7059:63: note: insert '_Nonnull' if the pointer should never be null
 7059 | VmaBlockMetadata::VmaBlockMetadata(const VkAllocationCallbacks* pAllocationCallbacks,
      |                                                               ^
      |                                                                 _Nonnull
/data/data/com.termux/files/home/ExynosTools-LSFG/external/VulkanMemoryAllocator/include/vk_mem_alloc.h:7066:87: warning: pointer is missing a nullability type specifier (_Nonnull, _Nullable, or _Null_unspecified) [-Wnullability-completeness]
 7066 | void VmaBlockMetadata::DebugLogAllocation(VkDeviceSize offset, VkDeviceSize size, void* userData) const
      |                                                                                       ^
/data/data/com.termux/files/home/ExynosTools-LSFG/external/VulkanMemoryAllocator/include/vk_mem_alloc.h:7066:87: note: insert '_Nullable' if the pointer may be null
 7066 | void VmaBlockMetadata::DebugLogAllocation(VkDeviceSize offset, VkDeviceSize size, void* userData) const
      |                                                                                       ^
      |                                                                                         _Nullable
/data/data/com.termux/files/home/ExynosTools-LSFG/external/VulkanMemoryAllocator/include/vk_mem_alloc.h:7066:87: note: insert '_Nonnull' if the pointer should never be null
 7066 | void VmaBlockMetadata::DebugLogAllocation(VkDeviceSize offset, VkDeviceSize size, void* userData) const
      |                                                                                       ^
      |                                                                                         _Nonnull
/data/data/com.termux/files/home/ExynosTools-LSFG/external/VulkanMemoryAllocator/include/vk_mem_alloc.h:7115:49: warning: pointer is missing a nullability type specifier (_Nonnull, _Nullable, or _Null_unspecified) [-Wnullability-completeness]
 7115 |     VkDeviceSize offset, VkDeviceSize size, void* userData) const
      |                                                 ^
/data/data/com.termux/files/home/ExynosTools-LSFG/external/VulkanMemoryAllocator/include/vk_mem_alloc.h:7115:49: note: insert '_Nullable' if the pointer may be null
 7115 |     VkDeviceSize offset, VkDeviceSize size, void* userData) const
      |                                                 ^
      |                                                   _Nullable
/data/data/com.termux/files/home/ExynosTools-LSFG/external/VulkanMemoryAllocator/include/vk_mem_alloc.h:7115:49: note: insert '_Nonnull' if the pointer should never be null
 7115 |     VkDeviceSize offset, VkDeviceSize size, void* userData) const
      |                                                 ^
      |                                                   _Nonnull
/data/data/com.termux/files/home/ExynosTools-LSFG/external/VulkanMemoryAllocator/include/vk_mem_alloc.h:7174:36: warning: pointer is missing a nullability type specifier (_Nonnull, _Nullable, or _Null_unspecified) [-Wnullability-completeness]
 7174 |         const VkAllocationCallbacks* allocCallbacks;
      |                                    ^
/data/data/com.termux/files/home/ExynosTools-LSFG/external/VulkanMemoryAllocator/include/vk_mem_alloc.h:7174:36: note: insert '_Nullable' if the pointer may be null
 7174 |         const VkAllocationCallbacks* allocCallbacks;
      |                                    ^
      |                                      _Nullable
/data/data/com.termux/files/home/ExynosTools-LSFG/external/VulkanMemoryAllocator/include/vk_mem_alloc.h:7174:36: note: insert '_Nonnull' if the pointer should never be null
 7174 |         const VkAllocationCallbacks* allocCallbacks;
      |                                    ^
      |                                      _Nonnull
/data/data/com.termux/files/home/ExynosTools-LSFG/external/VulkanMemoryAllocator/include/vk_mem_alloc.h:7175:17: warning: pointer is missing a nullability type specifier (_Nonnull, _Nullable, or _Null_unspecified) [-Wnullability-completeness]
 7175 |         uint16_t* pageAllocs;
      |                 ^
/data/data/com.termux/files/home/ExynosTools-LSFG/external/VulkanMemoryAllocator/include/vk_mem_alloc.h:7175:17: note: insert '_Nullable' if the pointer may be null
 7175 |         uint16_t* pageAllocs;
      |                 ^
      |                   _Nullable
/data/data/com.termux/files/home/ExynosTools-LSFG/external/VulkanMemoryAllocator/include/vk_mem_alloc.h:7175:17: note: insert '_Nonnull' if the pointer should never be null
 7175 |         uint16_t* pageAllocs;
      |                 ^
      |                   _Nonnull
/data/data/com.termux/files/home/ExynosTools-LSFG/external/VulkanMemoryAllocator/include/vk_mem_alloc.h:7183:42: warning: pointer is missing a nullability type specifier (_Nonnull, _Nullable, or _Null_unspecified) [-Wnullability-completeness]
 7183 |     void Init(const VkAllocationCallbacks* pAllocationCallbacks, VkDeviceSize size);
      |                                          ^
/data/data/com.termux/files/home/ExynosTools-LSFG/external/VulkanMemoryAllocator/include/vk_mem_alloc.h:7183:42: note: insert '_Nullable' if the pointer may be null
 7183 |     void Init(const VkAllocationCallbacks* pAllocationCallbacks, VkDeviceSize size);
      |                                          ^
      |                                            _Nullable
/data/data/com.termux/files/home/ExynosTools-LSFG/external/VulkanMemoryAllocator/include/vk_mem_alloc.h:7183:42: note: insert '_Nonnull' if the pointer should never be null
 7183 |     void Init(const VkAllocationCallbacks* pAllocationCallbacks, VkDeviceSize size);
      |                                          ^
      |                                            _Nonnull
/data/data/com.termux/files/home/ExynosTools-LSFG/external/VulkanMemoryAllocator/include/vk_mem_alloc.h:7185:45: warning: pointer is missing a nullability type specifier (_Nonnull, _Nullable, or _Null_unspecified) [-Wnullability-completeness]
 7185 |     void Destroy(const VkAllocationCallbacks* pAllocationCallbacks);
      |                                             ^
/data/data/com.termux/files/home/ExynosTools-LSFG/external/VulkanMemoryAllocator/include/vk_mem_alloc.h:7185:45: note: insert '_Nullable' if the pointer may be null
 7185 |     void Destroy(const VkAllocationCallbacks* pAllocationCallbacks);
      |                                             ^
      |                                               _Nullable
/data/data/com.termux/files/home/ExynosTools-LSFG/external/VulkanMemoryAllocator/include/vk_mem_alloc.h:7185:45: note: insert '_Nonnull' if the pointer should never be null
 7185 |     void Destroy(const VkAllocationCallbacks* pAllocationCallbacks);
      |                                             ^
      |                                               _Nonnull
/data/data/com.termux/files/home/ExynosTools-LSFG/external/VulkanMemoryAllocator/include/vk_mem_alloc.h:7201:66: warning: pointer is missing a nullability type specifier (_Nonnull, _Nullable, or _Null_unspecified) [-Wnullability-completeness]
 7201 |     ValidationContext StartValidation(const VkAllocationCallbacks* pAllocationCallbacks,
      |                                                                  ^
/data/data/com.termux/files/home/ExynosTools-LSFG/external/VulkanMemoryAllocator/include/vk_mem_alloc.h:7201:66: note: insert '_Nullable' if the pointer may be null
 7201 |     ValidationContext StartValidation(const VkAllocationCallbacks* pAllocationCallbacks,
      |                                                                  ^
      |                                                                    _Nullable
/data/data/com.termux/files/home/ExynosTools-LSFG/external/VulkanMemoryAllocator/include/vk_mem_alloc.h:7201:66: note: insert '_Nonnull' if the pointer should never be null
 7201 |     ValidationContext StartValidation(const VkAllocationCallbacks* pAllocationCallbacks,
      |                                                                  ^
      |                                                                    _Nonnull
/data/data/com.termux/files/home/ExynosTools-LSFG/external/VulkanMemoryAllocator/include/vk_mem_alloc.h:7217:15: warning: pointer is missing a nullability type specifier (_Nonnull, _Nullable, or _Null_unspecified) [-Wnullability-completeness]
 7217 |     RegionInfo* m_RegionInfo;
      |               ^
/data/data/com.termux/files/home/ExynosTools-LSFG/external/VulkanMemoryAllocator/include/vk_mem_alloc.h:7217:15: note: insert '_Nullable' if the pointer may be null
 7217 |     RegionInfo* m_RegionInfo;
      |               ^
      |                 _Nullable
/data/data/com.termux/files/home/ExynosTools-LSFG/external/VulkanMemoryAllocator/include/vk_mem_alloc.h:7217:15: note: insert '_Nonnull' if the pointer should never be null
 7217 |     RegionInfo* m_RegionInfo;
      |               ^
      |                 _Nonnull
/data/data/com.termux/files/home/ExynosTools-LSFG/external/VulkanMemoryAllocator/include/vk_mem_alloc.h:7237:70: warning: pointer is missing a nullability type specifier (_Nonnull, _Nullable, or _Null_unspecified) [-Wnullability-completeness]
 7237 | void VmaBlockBufferImageGranularity::Init(const VkAllocationCallbacks* pAllocationCallbacks, VkDeviceSize size)
      |                                                                      ^
/data/data/com.termux/files/home/ExynosTools-LSFG/external/VulkanMemoryAllocator/include/vk_mem_alloc.h:7237:70: note: insert '_Nullable' if the pointer may be null
 7237 | void VmaBlockBufferImageGranularity::Init(const VkAllocationCallbacks* pAllocationCallbacks, VkDeviceSize size)
      |                                                                      ^
      |                                                                        _Nullable
/data/data/com.termux/files/home/ExynosTools-LSFG/external/VulkanMemoryAllocator/include/vk_mem_alloc.h:7237:70: note: insert '_Nonnull' if the pointer should never be null
 7237 | void VmaBlockBufferImageGranularity::Init(const VkAllocationCallbacks* pAllocationCallbacks, VkDeviceSize size)
      |                                                                      ^
      |                                                                        _Nonnull
/data/data/com.termux/files/home/ExynosTools-LSFG/external/VulkanMemoryAllocator/include/vk_mem_alloc.h:7247:73: warning: pointer is missing a nullability type specifier (_Nonnull, _Nullable, or _Null_unspecified) [-Wnullability-completeness]
 7247 | void VmaBlockBufferImageGranularity::Destroy(const VkAllocationCallbacks* pAllocationCallbacks)
      |                                                                         ^
/data/data/com.termux/files/home/ExynosTools-LSFG/external/VulkanMemoryAllocator/include/vk_mem_alloc.h:7247:73: note: insert '_Nullable' if the pointer may be null
 7247 | void VmaBlockBufferImageGranularity::Destroy(const VkAllocationCallbacks* pAllocationCallbacks)
      |                                                                         ^
      |                                                                           _Nullable
/data/data/com.termux/files/home/ExynosTools-LSFG/external/VulkanMemoryAllocator/include/vk_mem_alloc.h:7247:73: note: insert '_Nonnull' if the pointer should never be null
 7247 | void VmaBlockBufferImageGranularity::Destroy(const VkAllocationCallbacks* pAllocationCallbacks)
      |                                                                         ^
      |                                                                           _Nonnull
/data/data/com.termux/files/home/ExynosTools-LSFG/external/VulkanMemoryAllocator/include/vk_mem_alloc.h:7339:32: warning: pointer is missing a nullability type specifier (_Nonnull, _Nullable, or _Null_unspecified) [-Wnullability-completeness]
 7339 |     const VkAllocationCallbacks* pAllocationCallbacks, bool isVirutal) const
      |                                ^
/data/data/com.termux/files/home/ExynosTools-LSFG/external/VulkanMemoryAllocator/include/vk_mem_alloc.h:7339:32: note: insert '_Nullable' if the pointer may be null
 7339 |     const VkAllocationCallbacks* pAllocationCallbacks, bool isVirutal) const
      |                                ^
      |                                  _Nullable
/data/data/com.termux/files/home/ExynosTools-LSFG/external/VulkanMemoryAllocator/include/vk_mem_alloc.h:7339:32: note: insert '_Nonnull' if the pointer should never be null
 7339 |     const VkAllocationCallbacks* pAllocationCallbacks, bool isVirutal) const
      |                                ^
      |                                  _Nonnull
/data/data/com.termux/files/home/ExynosTools-LSFG/external/VulkanMemoryAllocator/include/vk_mem_alloc.h:7485:56: warning: pointer is missing a nullability type specifier (_Nonnull, _Nullable, or _Null_unspecified) [-Wnullability-completeness]
 7485 |     VmaBlockMetadata_Linear(const VkAllocationCallbacks* pAllocationCallbacks,
      |                                                        ^
/data/data/com.termux/files/home/ExynosTools-LSFG/external/VulkanMemoryAllocator/include/vk_mem_alloc.h:7485:56: note: insert '_Nullable' if the pointer may be null
 7485 |     VmaBlockMetadata_Linear(const VkAllocationCallbacks* pAllocationCallbacks,
      |                                                        ^
      |                                                          _Nullable
/data/data/com.termux/files/home/ExynosTools-LSFG/external/VulkanMemoryAllocator/include/vk_mem_alloc.h:7485:56: note: insert '_Nonnull' if the pointer should never be null
 7485 |     VmaBlockMetadata_Linear(const VkAllocationCallbacks* pAllocationCallbacks,
      |                                                        ^
      |                                                          _Nonnull
/data/data/com.termux/files/home/ExynosTools-LSFG/external/VulkanMemoryAllocator/include/vk_mem_alloc.h:7491:38: warning: pointer is missing a nullability type specifier (_Nonnull, _Nullable, or _Null_unspecified) [-Wnullability-completeness]
 7491 |     VkDeviceSize GetAllocationOffset(VmaAllocHandle allocHandle) const override { return (VkDeviceSize)allocHandle - 1; }
      |                                      ^
/data/data/com.termux/files/home/ExynosTools-LSFG/external/VulkanMemoryAllocator/include/vk_mem_alloc.h:7491:38: note: insert '_Nullable' if the pointer may be null
 7491 |     VkDeviceSize GetAllocationOffset(VmaAllocHandle allocHandle) const override { return (VkDeviceSize)allocHandle - 1; }
      |                                      ^
      |                                                     _Nullable
/data/data/com.termux/files/home/ExynosTools-LSFG/external/VulkanMemoryAllocator/include/vk_mem_alloc.h:7491:38: note: insert '_Nonnull' if the pointer should never be null
 7491 |     VkDeviceSize GetAllocationOffset(VmaAllocHandle allocHandle) const override { return (VkDeviceSize)allocHandle - 1; }
      |                                      ^
      |                                                     _Nonnull
/data/data/com.termux/files/home/ExynosTools-LSFG/external/VulkanMemoryAllocator/include/vk_mem_alloc.h:7511:29: warning: pointer is missing a nullability type specifier (_Nonnull, _Nullable, or _Null_unspecified) [-Wnullability-completeness]
 7511 |         VmaAllocationRequest* pAllocationRequest) override;
      |                             ^
/data/data/com.termux/files/home/ExynosTools-LSFG/external/VulkanMemoryAllocator/include/vk_mem_alloc.h:7511:29: note: insert '_Nullable' if the pointer may be null
 7511 |         VmaAllocationRequest* pAllocationRequest) override;
      |                             ^
      |                               _Nullable
/data/data/com.termux/files/home/ExynosTools-LSFG/external/VulkanMemoryAllocator/include/vk_mem_alloc.h:7511:29: note: insert '_Nonnull' if the pointer should never be null
 7511 |         VmaAllocationRequest* pAllocationRequest) override;
      |                             ^
      |                               _Nonnull
/data/data/com.termux/files/home/ExynosTools-LSFG/external/VulkanMemoryAllocator/include/vk_mem_alloc.h:7513:40: warning: pointer is missing a nullability type specifier (_Nonnull, _Nullable, or _Null_unspecified) [-Wnullability-completeness]
 7513 |     VkResult CheckCorruption(const void* pBlockData) override;
      |                                        ^
/data/data/com.termux/files/home/ExynosTools-LSFG/external/VulkanMemoryAllocator/include/vk_mem_alloc.h:7513:40: note: insert '_Nullable' if the pointer may be null
 7513 |     VkResult CheckCorruption(const void* pBlockData) override;
      |                                        ^
      |                                          _Nullable
/data/data/com.termux/files/home/ExynosTools-LSFG/external/VulkanMemoryAllocator/include/vk_mem_alloc.h:7513:40: note: insert '_Nonnull' if the pointer should never be null
 7513 |     VkResult CheckCorruption(const void* pBlockData) override;
      |                                        ^
      |                                          _Nonnull
/data/data/com.termux/files/home/ExynosTools-LSFG/external/VulkanMemoryAllocator/include/vk_mem_alloc.h:7518:13: warning: pointer is missing a nullability type specifier (_Nonnull, _Nullable, or _Null_unspecified) [-Wnullability-completeness]
 7518 |         void* userData) override;
      |             ^
/data/data/com.termux/files/home/ExynosTools-LSFG/external/VulkanMemoryAllocator/include/vk_mem_alloc.h:7518:13: note: insert '_Nullable' if the pointer may be null
 7518 |         void* userData) override;
      |             ^
      |               _Nullable
/data/data/com.termux/files/home/ExynosTools-LSFG/external/VulkanMemoryAllocator/include/vk_mem_alloc.h:7518:13: note: insert '_Nonnull' if the pointer should never be null
 7518 |         void* userData) override;
      |             ^
      |               _Nonnull
/data/data/com.termux/files/home/ExynosTools-LSFG/external/VulkanMemoryAllocator/include/vk_mem_alloc.h:7520:15: warning: pointer is missing a nullability type specifier (_Nonnull, _Nullable, or _Null_unspecified) [-Wnullability-completeness]
 7520 |     void Free(VmaAllocHandle allocHandle) override;
      |               ^
/data/data/com.termux/files/home/ExynosTools-LSFG/external/VulkanMemoryAllocator/include/vk_mem_alloc.h:7520:15: note: insert '_Nullable' if the pointer may be null
 7520 |     void Free(VmaAllocHandle allocHandle) override;
      |               ^
      |                              _Nullable
/data/data/com.termux/files/home/ExynosTools-LSFG/external/VulkanMemoryAllocator/include/vk_mem_alloc.h:7520:15: note: insert '_Nonnull' if the pointer should never be null
 7520 |     void Free(VmaAllocHandle allocHandle) override;
      |               ^
      |                              _Nonnull
/data/data/com.termux/files/home/ExynosTools-LSFG/external/VulkanMemoryAllocator/include/vk_mem_alloc.h:7521:28: warning: pointer is missing a nullability type specifier (_Nonnull, _Nullable, or _Null_unspecified) [-Wnullability-completeness]
 7521 |     void GetAllocationInfo(VmaAllocHandle allocHandle, VmaVirtualAllocationInfo& outInfo) override;
      |                            ^
/data/data/com.termux/files/home/ExynosTools-LSFG/external/VulkanMemoryAllocator/include/vk_mem_alloc.h:7521:28: note: insert '_Nullable' if the pointer may be null
 7521 |     void GetAllocationInfo(VmaAllocHandle allocHandle, VmaVirtualAllocationInfo& outInfo) override;
      |                            ^
      |                                           _Nullable
/data/data/com.termux/files/home/ExynosTools-LSFG/external/VulkanMemoryAllocator/include/vk_mem_alloc.h:7521:28: note: insert '_Nonnull' if the pointer should never be null
 7521 |     void GetAllocationInfo(VmaAllocHandle allocHandle, VmaVirtualAllocationInfo& outInfo) override;
      |                            ^
      |                                           _Nonnull
/data/data/com.termux/files/home/ExynosTools-LSFG/external/VulkanMemoryAllocator/include/vk_mem_alloc.h:7522:33: warning: pointer is missing a nullability type specifier (_Nonnull, _Nullable, or _Null_unspecified) [-Wnullability-completeness]
 7522 |     void* GetAllocationUserData(VmaAllocHandle allocHandle) const override;
      |                                 ^
/data/data/com.termux/files/home/ExynosTools-LSFG/external/VulkanMemoryAllocator/include/vk_mem_alloc.h:7522:33: note: insert '_Nullable' if the pointer may be null
 7522 |     void* GetAllocationUserData(VmaAllocHandle allocHandle) const override;
      |                                 ^
      |                                                _Nullable
/data/data/com.termux/files/home/ExynosTools-LSFG/external/VulkanMemoryAllocator/include/vk_mem_alloc.h:7522:33: note: insert '_Nonnull' if the pointer should never be null
 7522 |     void* GetAllocationUserData(VmaAllocHandle allocHandle) const override;
      |                                 ^
      |                                                _Nonnull
/data/data/com.termux/files/home/ExynosTools-LSFG/external/VulkanMemoryAllocator/include/vk_mem_alloc.h:7522:9: warning: pointer is missing a nullability type specifier (_Nonnull, _Nullable, or _Null_unspecified) [-Wnullability-completeness]
 7522 |     void* GetAllocationUserData(VmaAllocHandle allocHandle) const override;
      |         ^
/data/data/com.termux/files/home/ExynosTools-LSFG/external/VulkanMemoryAllocator/include/vk_mem_alloc.h:7522:9: note: insert '_Nullable' if the pointer may be null
 7522 |     void* GetAllocationUserData(VmaAllocHandle allocHandle) const override;
      |         ^
      |           _Nullable
/data/data/com.termux/files/home/ExynosTools-LSFG/external/VulkanMemoryAllocator/include/vk_mem_alloc.h:7522:9: note: insert '_Nonnull' if the pointer should never be null
 7522 |     void* GetAllocationUserData(VmaAllocHandle allocHandle) const override;
      |         ^
      |           _Nonnull
/data/data/com.termux/files/home/ExynosTools-LSFG/external/VulkanMemoryAllocator/include/vk_mem_alloc.h:7523:5: warning: pointer is missing a nullability type specifier (_Nonnull, _Nullable, or _Null_unspecified) [-Wnullability-completeness]
 7523 |     VmaAllocHandle GetAllocationListBegin() const override;
      |     ^
/data/data/com.termux/files/home/ExynosTools-LSFG/external/VulkanMemoryAllocator/include/vk_mem_alloc.h:7523:5: note: insert '_Nullable' if the pointer may be null
 7523 |     VmaAllocHandle GetAllocationListBegin() const override;
      |     ^
      |                    _Nullable
/data/data/com.termux/files/home/ExynosTools-LSFG/external/VulkanMemoryAllocator/include/vk_mem_alloc.h:7523:5: note: insert '_Nonnull' if the pointer should never be null
 7523 |     VmaAllocHandle GetAllocationListBegin() const override;
      |     ^
      |                    _Nonnull
/data/data/com.termux/files/home/ExynosTools-LSFG/external/VulkanMemoryAllocator/include/vk_mem_alloc.h:7524:38: warning: pointer is missing a nullability type specifier (_Nonnull, _Nullable, or _Null_unspecified) [-Wnullability-completeness]
 7524 |     VmaAllocHandle GetNextAllocation(VmaAllocHandle prevAlloc) const override;
      |                                      ^
/data/data/com.termux/files/home/ExynosTools-LSFG/external/VulkanMemoryAllocator/include/vk_mem_alloc.h:7524:38: note: insert '_Nullable' if the pointer may be null
 7524 |     VmaAllocHandle GetNextAllocation(VmaAllocHandle prevAlloc) const override;
      |                                      ^
      |                                                     _Nullable
/data/data/com.termux/files/home/ExynosTools-LSFG/external/VulkanMemoryAllocator/include/vk_mem_alloc.h:7524:38: note: insert '_Nonnull' if the pointer should never be null
 7524 |     VmaAllocHandle GetNextAllocation(VmaAllocHandle prevAlloc) const override;
      |                                      ^
      |                                                     _Nonnull
/data/data/com.termux/files/home/ExynosTools-LSFG/external/VulkanMemoryAllocator/include/vk_mem_alloc.h:7524:5: warning: pointer is missing a nullability type specifier (_Nonnull, _Nullable, or _Null_unspecified) [-Wnullability-completeness]
 7524 |     VmaAllocHandle GetNextAllocation(VmaAllocHandle prevAlloc) const override;
      |     ^
/data/data/com.termux/files/home/ExynosTools-LSFG/external/VulkanMemoryAllocator/include/vk_mem_alloc.h:7524:5: note: insert '_Nullable' if the pointer may be null
 7524 |     VmaAllocHandle GetNextAllocation(VmaAllocHandle prevAlloc) const override;
      |     ^
      |                    _Nullable
/data/data/com.termux/files/home/ExynosTools-LSFG/external/VulkanMemoryAllocator/include/vk_mem_alloc.h:7524:5: note: insert '_Nonnull' if the pointer should never be null
 7524 |     VmaAllocHandle GetNextAllocation(VmaAllocHandle prevAlloc) const override;
      |     ^
      |                    _Nonnull
/data/data/com.termux/files/home/ExynosTools-LSFG/external/VulkanMemoryAllocator/include/vk_mem_alloc.h:7525:40: warning: pointer is missing a nullability type specifier (_Nonnull, _Nullable, or _Null_unspecified) [-Wnullability-completeness]
 7525 |     VkDeviceSize GetNextFreeRegionSize(VmaAllocHandle alloc) const override;
      |                                        ^
/data/data/com.termux/files/home/ExynosTools-LSFG/external/VulkanMemoryAllocator/include/vk_mem_alloc.h:7525:40: note: insert '_Nullable' if the pointer may be null
 7525 |     VkDeviceSize GetNextFreeRegionSize(VmaAllocHandle alloc) const override;
      |                                        ^
      |                                                       _Nullable
/data/data/com.termux/files/home/ExynosTools-LSFG/external/VulkanMemoryAllocator/include/vk_mem_alloc.h:7525:40: note: insert '_Nonnull' if the pointer should never be null
 7525 |     VkDeviceSize GetNextFreeRegionSize(VmaAllocHandle alloc) const override;
      |                                        ^
      |                                                       _Nonnull
/data/data/com.termux/files/home/ExynosTools-LSFG/external/VulkanMemoryAllocator/include/vk_mem_alloc.h:7527:32: warning: pointer is missing a nullability type specifier (_Nonnull, _Nullable, or _Null_unspecified) [-Wnullability-completeness]
 7527 |     void SetAllocationUserData(VmaAllocHandle allocHandle, void* userData) override;
      |                                ^
/data/data/com.termux/files/home/ExynosTools-LSFG/external/VulkanMemoryAllocator/include/vk_mem_alloc.h:7527:32: note: insert '_Nullable' if the pointer may be null
 7527 |     void SetAllocationUserData(VmaAllocHandle allocHandle, void* userData) override;
      |                                ^
      |                                               _Nullable
/data/data/com.termux/files/home/ExynosTools-LSFG/external/VulkanMemoryAllocator/include/vk_mem_alloc.h:7527:32: note: insert '_Nonnull' if the pointer should never be null
 7527 |     void SetAllocationUserData(VmaAllocHandle allocHandle, void* userData) override;
      |                                ^
      |                                               _Nonnull
/data/data/com.termux/files/home/ExynosTools-LSFG/external/VulkanMemoryAllocator/include/vk_mem_alloc.h:7527:64: warning: pointer is missing a nullability type specifier (_Nonnull, _Nullable, or _Null_unspecified) [-Wnullability-completeness]
 7527 |     void SetAllocationUserData(VmaAllocHandle allocHandle, void* userData) override;
      |                                                                ^
/data/data/com.termux/files/home/ExynosTools-LSFG/external/VulkanMemoryAllocator/include/vk_mem_alloc.h:7527:64: note: insert '_Nullable' if the pointer may be null
 7527 |     void SetAllocationUserData(VmaAllocHandle allocHandle, void* userData) override;
      |                                                                ^
      |                                                                  _Nullable
/data/data/com.termux/files/home/ExynosTools-LSFG/external/VulkanMemoryAllocator/include/vk_mem_alloc.h:7527:64: note: insert '_Nonnull' if the pointer should never be null
 7527 |     void SetAllocationUserData(VmaAllocHandle allocHandle, void* userData) override;
      |                                                                ^
      |                                                                  _Nonnull
/data/data/com.termux/files/home/ExynosTools-LSFG/external/VulkanMemoryAllocator/include/vk_mem_alloc.h:7581:29: warning: pointer is missing a nullability type specifier (_Nonnull, _Nullable, or _Null_unspecified) [-Wnullability-completeness]
 7581 |         VmaAllocationRequest* pAllocationRequest);
      |                             ^
/data/data/com.termux/files/home/ExynosTools-LSFG/external/VulkanMemoryAllocator/include/vk_mem_alloc.h:7581:29: note: insert '_Nullable' if the pointer may be null
 7581 |         VmaAllocationRequest* pAllocationRequest);
      |                             ^
      |                               _Nullable
/data/data/com.termux/files/home/ExynosTools-LSFG/external/VulkanMemoryAllocator/include/vk_mem_alloc.h:7581:29: note: insert '_Nonnull' if the pointer should never be null
 7581 |         VmaAllocationRequest* pAllocationRequest);
      |                             ^
      |                               _Nonnull
/data/data/com.termux/files/home/ExynosTools-LSFG/external/VulkanMemoryAllocator/include/vk_mem_alloc.h:7587:29: warning: pointer is missing a nullability type specifier (_Nonnull, _Nullable, or _Null_unspecified) [-Wnullability-completeness]
 7587 |         VmaAllocationRequest* pAllocationRequest);
      |                             ^
/data/data/com.termux/files/home/ExynosTools-LSFG/external/VulkanMemoryAllocator/include/vk_mem_alloc.h:7587:29: note: insert '_Nullable' if the pointer may be null
 7587 |         VmaAllocationRequest* pAllocationRequest);
      |                             ^
      |                               _Nullable
/data/data/com.termux/files/home/ExynosTools-LSFG/external/VulkanMemoryAllocator/include/vk_mem_alloc.h:7587:29: note: insert '_Nonnull' if the pointer should never be null
 7587 |         VmaAllocationRequest* pAllocationRequest);
      |                             ^
      |                               _Nonnull
/data/data/com.termux/files/home/ExynosTools-LSFG/external/VulkanMemoryAllocator/include/vk_mem_alloc.h:7591:77: warning: pointer is missing a nullability type specifier (_Nonnull, _Nullable, or _Null_unspecified) [-Wnullability-completeness]
 7591 | VmaBlockMetadata_Linear::VmaBlockMetadata_Linear(const VkAllocationCallbacks* pAllocationCallbacks,
      |                                                                             ^
/data/data/com.termux/files/home/ExynosTools-LSFG/external/VulkanMemoryAllocator/include/vk_mem_alloc.h:7591:77: note: insert '_Nullable' if the pointer may be null
 7591 | VmaBlockMetadata_Linear::VmaBlockMetadata_Linear(const VkAllocationCallbacks* pAllocationCallbacks,
      |                                                                             ^
      |                                                                               _Nullable
/data/data/com.termux/files/home/ExynosTools-LSFG/external/VulkanMemoryAllocator/include/vk_mem_alloc.h:7591:77: note: insert '_Nonnull' if the pointer should never be null
 7591 | VmaBlockMetadata_Linear::VmaBlockMetadata_Linear(const VkAllocationCallbacks* pAllocationCallbacks,
      |                                                                             ^
      |                                                                               _Nonnull
/data/data/com.termux/files/home/ExynosTools-LSFG/external/VulkanMemoryAllocator/include/vk_mem_alloc.h:8372:25: warning: pointer is missing a nullability type specifier (_Nonnull, _Nullable, or _Null_unspecified) [-Wnullability-completeness]
 8372 |     VmaAllocationRequest* pAllocationRequest)
      |                         ^
/data/data/com.termux/files/home/ExynosTools-LSFG/external/VulkanMemoryAllocator/include/vk_mem_alloc.h:8372:25: note: insert '_Nullable' if the pointer may be null
 8372 |     VmaAllocationRequest* pAllocationRequest)
      |                         ^
      |                           _Nullable
/data/data/com.termux/files/home/ExynosTools-LSFG/external/VulkanMemoryAllocator/include/vk_mem_alloc.h:8372:25: note: insert '_Nonnull' if the pointer should never be null
 8372 |     VmaAllocationRequest* pAllocationRequest)
      |                         ^
      |                           _Nonnull
/data/data/com.termux/files/home/ExynosTools-LSFG/external/VulkanMemoryAllocator/include/vk_mem_alloc.h:8390:61: warning: pointer is missing a nullability type specifier (_Nonnull, _Nullable, or _Null_unspecified) [-Wnullability-completeness]
 8390 | VkResult VmaBlockMetadata_Linear::CheckCorruption(const void* pBlockData)
      |                                                             ^
/data/data/com.termux/files/home/ExynosTools-LSFG/external/VulkanMemoryAllocator/include/vk_mem_alloc.h:8390:61: note: insert '_Nullable' if the pointer may be null
 8390 | VkResult VmaBlockMetadata_Linear::CheckCorruption(const void* pBlockData)
      |                                                             ^
      |                                                               _Nullable
/data/data/com.termux/files/home/ExynosTools-LSFG/external/VulkanMemoryAllocator/include/vk_mem_alloc.h:8390:61: note: insert '_Nonnull' if the pointer should never be null
 8390 | VkResult VmaBlockMetadata_Linear::CheckCorruption(const void* pBlockData)
      |                                                             ^
      |                                                               _Nonnull
/data/data/com.termux/files/home/ExynosTools-LSFG/external/VulkanMemoryAllocator/include/vk_mem_alloc.h:8427:9: warning: pointer is missing a nullability type specifier (_Nonnull, _Nullable, or _Null_unspecified) [-Wnullability-completeness]
 8427 |     void* userData)
      |         ^
/data/data/com.termux/files/home/ExynosTools-LSFG/external/VulkanMemoryAllocator/include/vk_mem_alloc.h:8427:9: note: insert '_Nullable' if the pointer may be null
 8427 |     void* userData)
      |         ^
      |           _Nullable
/data/data/com.termux/files/home/ExynosTools-LSFG/external/VulkanMemoryAllocator/include/vk_mem_alloc.h:8427:9: note: insert '_Nonnull' if the pointer should never be null
 8427 |     void* userData)
      |         ^
      |           _Nonnull
/data/data/com.termux/files/home/ExynosTools-LSFG/external/VulkanMemoryAllocator/include/vk_mem_alloc.h:8491:36: warning: pointer is missing a nullability type specifier (_Nonnull, _Nullable, or _Null_unspecified) [-Wnullability-completeness]
 8491 | void VmaBlockMetadata_Linear::Free(VmaAllocHandle allocHandle)
      |                                    ^
/data/data/com.termux/files/home/ExynosTools-LSFG/external/VulkanMemoryAllocator/include/vk_mem_alloc.h:8491:36: note: insert '_Nullable' if the pointer may be null
 8491 | void VmaBlockMetadata_Linear::Free(VmaAllocHandle allocHandle)
      |                                    ^
      |                                                   _Nullable
/data/data/com.termux/files/home/ExynosTools-LSFG/external/VulkanMemoryAllocator/include/vk_mem_alloc.h:8491:36: note: insert '_Nonnull' if the pointer should never be null
 8491 | void VmaBlockMetadata_Linear::Free(VmaAllocHandle allocHandle)
      |                                    ^
      |                                                   _Nonnull
/data/data/com.termux/files/home/ExynosTools-LSFG/external/VulkanMemoryAllocator/include/vk_mem_alloc.h:8580:49: warning: pointer is missing a nullability type specifier (_Nonnull, _Nullable, or _Null_unspecified) [-Wnullability-completeness]
 8580 | void VmaBlockMetadata_Linear::GetAllocationInfo(VmaAllocHandle allocHandle, VmaVirtualAllocationInfo& outInfo)
      |                                                 ^
/data/data/com.termux/files/home/ExynosTools-LSFG/external/VulkanMemoryAllocator/include/vk_mem_alloc.h:8580:49: note: insert '_Nullable' if the pointer may be null
 8580 | void VmaBlockMetadata_Linear::GetAllocationInfo(VmaAllocHandle allocHandle, VmaVirtualAllocationInfo& outInfo)
      |                                                 ^
      |                                                                _Nullable
/data/data/com.termux/files/home/ExynosTools-LSFG/external/VulkanMemoryAllocator/include/vk_mem_alloc.h:8580:49: note: insert '_Nonnull' if the pointer should never be null
 8580 | void VmaBlockMetadata_Linear::GetAllocationInfo(VmaAllocHandle allocHandle, VmaVirtualAllocationInfo& outInfo)
      |                                                 ^
      |                                                                _Nonnull
/data/data/com.termux/files/home/ExynosTools-LSFG/external/VulkanMemoryAllocator/include/vk_mem_alloc.h:8588:54: warning: pointer is missing a nullability type specifier (_Nonnull, _Nullable, or _Null_unspecified) [-Wnullability-completeness]
 8588 | void* VmaBlockMetadata_Linear::GetAllocationUserData(VmaAllocHandle allocHandle) const
      |                                                      ^
/data/data/com.termux/files/home/ExynosTools-LSFG/external/VulkanMemoryAllocator/include/vk_mem_alloc.h:8588:54: note: insert '_Nullable' if the pointer may be null
 8588 | void* VmaBlockMetadata_Linear::GetAllocationUserData(VmaAllocHandle allocHandle) const
      |                                                      ^
      |                                                                     _Nullable
/data/data/com.termux/files/home/ExynosTools-LSFG/external/VulkanMemoryAllocator/include/vk_mem_alloc.h:8588:54: note: insert '_Nonnull' if the pointer should never be null
 8588 | void* VmaBlockMetadata_Linear::GetAllocationUserData(VmaAllocHandle allocHandle) const
      |                                                      ^
      |                                                                     _Nonnull
/data/data/com.termux/files/home/ExynosTools-LSFG/external/VulkanMemoryAllocator/include/vk_mem_alloc.h:8588:5: warning: pointer is missing a nullability type specifier (_Nonnull, _Nullable, or _Null_unspecified) [-Wnullability-completeness]
 8588 | void* VmaBlockMetadata_Linear::GetAllocationUserData(VmaAllocHandle allocHandle) const
      |     ^
/data/data/com.termux/files/home/ExynosTools-LSFG/external/VulkanMemoryAllocator/include/vk_mem_alloc.h:8588:5: note: insert '_Nullable' if the pointer may be null
 8588 | void* VmaBlockMetadata_Linear::GetAllocationUserData(VmaAllocHandle allocHandle) const
      |     ^
      |       _Nullable
/data/data/com.termux/files/home/ExynosTools-LSFG/external/VulkanMemoryAllocator/include/vk_mem_alloc.h:8588:5: note: insert '_Nonnull' if the pointer should never be null
 8588 | void* VmaBlockMetadata_Linear::GetAllocationUserData(VmaAllocHandle allocHandle) const
      |     ^
      |       _Nonnull
/data/data/com.termux/files/home/ExynosTools-LSFG/external/VulkanMemoryAllocator/include/vk_mem_alloc.h:8593:1: warning: pointer is missing a nullability type specifier (_Nonnull, _Nullable, or _Null_unspecified) [-Wnullability-completeness]
 8593 | VmaAllocHandle VmaBlockMetadata_Linear::GetAllocationListBegin() const
      | ^
/data/data/com.termux/files/home/ExynosTools-LSFG/external/VulkanMemoryAllocator/include/vk_mem_alloc.h:8593:1: note: insert '_Nullable' if the pointer may be null
 8593 | VmaAllocHandle VmaBlockMetadata_Linear::GetAllocationListBegin() const
      | ^
      |                _Nullable
/data/data/com.termux/files/home/ExynosTools-LSFG/external/VulkanMemoryAllocator/include/vk_mem_alloc.h:8593:1: note: insert '_Nonnull' if the pointer should never be null
 8593 | VmaAllocHandle VmaBlockMetadata_Linear::GetAllocationListBegin() const
      | ^
      |                _Nonnull
/data/data/com.termux/files/home/ExynosTools-LSFG/external/VulkanMemoryAllocator/include/vk_mem_alloc.h:8600:59: warning: pointer is missing a nullability type specifier (_Nonnull, _Nullable, or _Null_unspecified) [-Wnullability-completeness]
 8600 | VmaAllocHandle VmaBlockMetadata_Linear::GetNextAllocation(VmaAllocHandle prevAlloc) const
      |                                                           ^
/data/data/com.termux/files/home/ExynosTools-LSFG/external/VulkanMemoryAllocator/include/vk_mem_alloc.h:8600:59: note: insert '_Nullable' if the pointer may be null
 8600 | VmaAllocHandle VmaBlockMetadata_Linear::GetNextAllocation(VmaAllocHandle prevAlloc) const
      |                                                           ^
      |                                                                          _Nullable
/data/data/com.termux/files/home/ExynosTools-LSFG/external/VulkanMemoryAllocator/include/vk_mem_alloc.h:8600:59: note: insert '_Nonnull' if the pointer should never be null
 8600 | VmaAllocHandle VmaBlockMetadata_Linear::GetNextAllocation(VmaAllocHandle prevAlloc) const
      |                                                           ^
      |                                                                          _Nonnull
/data/data/com.termux/files/home/ExynosTools-LSFG/external/VulkanMemoryAllocator/include/vk_mem_alloc.h:8600:1: warning: pointer is missing a nullability type specifier (_Nonnull, _Nullable, or _Null_unspecified) [-Wnullability-completeness]
 8600 | VmaAllocHandle VmaBlockMetadata_Linear::GetNextAllocation(VmaAllocHandle prevAlloc) const
      | ^
/data/data/com.termux/files/home/ExynosTools-LSFG/external/VulkanMemoryAllocator/include/vk_mem_alloc.h:8600:1: note: insert '_Nullable' if the pointer may be null
 8600 | VmaAllocHandle VmaBlockMetadata_Linear::GetNextAllocation(VmaAllocHandle prevAlloc) const
      | ^
      |                _Nullable
/data/data/com.termux/files/home/ExynosTools-LSFG/external/VulkanMemoryAllocator/include/vk_mem_alloc.h:8600:1: note: insert '_Nonnull' if the pointer should never be null
 8600 | VmaAllocHandle VmaBlockMetadata_Linear::GetNextAllocation(VmaAllocHandle prevAlloc) const
      | ^
      |                _Nonnull
/data/data/com.termux/files/home/ExynosTools-LSFG/external/VulkanMemoryAllocator/include/vk_mem_alloc.h:8607:61: warning: pointer is missing a nullability type specifier (_Nonnull, _Nullable, or _Null_unspecified) [-Wnullability-completeness]
 8607 | VkDeviceSize VmaBlockMetadata_Linear::GetNextFreeRegionSize(VmaAllocHandle alloc) const
      |                                                             ^
/data/data/com.termux/files/home/ExynosTools-LSFG/external/VulkanMemoryAllocator/include/vk_mem_alloc.h:8607:61: note: insert '_Nullable' if the pointer may be null
 8607 | VkDeviceSize VmaBlockMetadata_Linear::GetNextFreeRegionSize(VmaAllocHandle alloc) const
      |                                                             ^
      |                                                                            _Nullable
/data/data/com.termux/files/home/ExynosTools-LSFG/external/VulkanMemoryAllocator/include/vk_mem_alloc.h:8607:61: note: insert '_Nonnull' if the pointer should never be null
 8607 | VkDeviceSize VmaBlockMetadata_Linear::GetNextFreeRegionSize(VmaAllocHandle alloc) const
      |                                                             ^
      |                                                                            _Nonnull
/data/data/com.termux/files/home/ExynosTools-LSFG/external/VulkanMemoryAllocator/include/vk_mem_alloc.h:8626:53: warning: pointer is missing a nullability type specifier (_Nonnull, _Nullable, or _Null_unspecified) [-Wnullability-completeness]
 8626 | void VmaBlockMetadata_Linear::SetAllocationUserData(VmaAllocHandle allocHandle, void* userData)
      |                                                     ^
/data/data/com.termux/files/home/ExynosTools-LSFG/external/VulkanMemoryAllocator/include/vk_mem_alloc.h:8626:53: note: insert '_Nullable' if the pointer may be null
 8626 | void VmaBlockMetadata_Linear::SetAllocationUserData(VmaAllocHandle allocHandle, void* userData)
      |                                                     ^
      |                                                                    _Nullable
/data/data/com.termux/files/home/ExynosTools-LSFG/external/VulkanMemoryAllocator/include/vk_mem_alloc.h:8626:53: note: insert '_Nonnull' if the pointer should never be null
 8626 | void VmaBlockMetadata_Linear::SetAllocationUserData(VmaAllocHandle allocHandle, void* userData)
      |                                                     ^
      |                                                                    _Nonnull
/data/data/com.termux/files/home/ExynosTools-LSFG/external/VulkanMemoryAllocator/include/vk_mem_alloc.h:8626:85: warning: pointer is missing a nullability type specifier (_Nonnull, _Nullable, or _Null_unspecified) [-Wnullability-completeness]
 8626 | void VmaBlockMetadata_Linear::SetAllocationUserData(VmaAllocHandle allocHandle, void* userData)
      |                                                                                     ^
/data/data/com.termux/files/home/ExynosTools-LSFG/external/VulkanMemoryAllocator/include/vk_mem_alloc.h:8626:85: note: insert '_Nullable' if the pointer may be null
 8626 | void VmaBlockMetadata_Linear::SetAllocationUserData(VmaAllocHandle allocHandle, void* userData)
      |                                                                                     ^
      |                                                                                       _Nullable
/data/data/com.termux/files/home/ExynosTools-LSFG/external/VulkanMemoryAllocator/include/vk_mem_alloc.h:8626:85: note: insert '_Nonnull' if the pointer should never be null
 8626 | void VmaBlockMetadata_Linear::SetAllocationUserData(VmaAllocHandle allocHandle, void* userData)
      |                                                                                     ^
      |                                                                                       _Nonnull
/data/data/com.termux/files/home/ExynosTools-LSFG/external/VulkanMemoryAllocator/include/vk_mem_alloc.h:8800:25: warning: pointer is missing a nullability type specifier (_Nonnull, _Nullable, or _Null_unspecified) [-Wnullability-completeness]
 8800 |     VmaAllocationRequest* pAllocationRequest)
      |                         ^
/data/data/com.termux/files/home/ExynosTools-LSFG/external/VulkanMemoryAllocator/include/vk_mem_alloc.h:8800:25: note: insert '_Nullable' if the pointer may be null
 8800 |     VmaAllocationRequest* pAllocationRequest)
      |                         ^
      |                           _Nullable
/data/data/com.termux/files/home/ExynosTools-LSFG/external/VulkanMemoryAllocator/include/vk_mem_alloc.h:8800:25: note: insert '_Nonnull' if the pointer should never be null
 8800 |     VmaAllocationRequest* pAllocationRequest)
      |                         ^
      |                           _Nonnull
/data/data/com.termux/files/home/ExynosTools-LSFG/external/VulkanMemoryAllocator/include/vk_mem_alloc.h:8978:25: warning: pointer is missing a nullability type specifier (_Nonnull, _Nullable, or _Null_unspecified) [-Wnullability-completeness]
 8978 |     VmaAllocationRequest* pAllocationRequest)
      |                         ^
/data/data/com.termux/files/home/ExynosTools-LSFG/external/VulkanMemoryAllocator/include/vk_mem_alloc.h:8978:25: note: insert '_Nullable' if the pointer may be null
 8978 |     VmaAllocationRequest* pAllocationRequest)
      |                         ^
      |                           _Nullable
/data/data/com.termux/files/home/ExynosTools-LSFG/external/VulkanMemoryAllocator/include/vk_mem_alloc.h:8978:25: note: insert '_Nonnull' if the pointer should never be null
 8978 |     VmaAllocationRequest* pAllocationRequest)
      |                         ^
      |                           _Nonnull
/data/data/com.termux/files/home/ExynosTools-LSFG/external/VulkanMemoryAllocator/include/vk_mem_alloc.h:9100:54: warning: pointer is missing a nullability type specifier (_Nonnull, _Nullable, or _Null_unspecified) [-Wnullability-completeness]
 9100 |     VmaBlockMetadata_TLSF(const VkAllocationCallbacks* pAllocationCallbacks,
      |                                                      ^
/data/data/com.termux/files/home/ExynosTools-LSFG/external/VulkanMemoryAllocator/include/vk_mem_alloc.h:9100:54: note: insert '_Nullable' if the pointer may be null
 9100 |     VmaBlockMetadata_TLSF(const VkAllocationCallbacks* pAllocationCallbacks,
      |                                                      ^
      |                                                        _Nullable
/data/data/com.termux/files/home/ExynosTools-LSFG/external/VulkanMemoryAllocator/include/vk_mem_alloc.h:9100:54: note: insert '_Nonnull' if the pointer should never be null
 9100 |     VmaBlockMetadata_TLSF(const VkAllocationCallbacks* pAllocationCallbacks,
      |                                                      ^
      |                                                        _Nonnull
/data/data/com.termux/files/home/ExynosTools-LSFG/external/VulkanMemoryAllocator/include/vk_mem_alloc.h:9108:38: warning: pointer is missing a nullability type specifier (_Nonnull, _Nullable, or _Null_unspecified) [-Wnullability-completeness]
 9108 |     VkDeviceSize GetAllocationOffset(VmaAllocHandle allocHandle) const override { return ((Block*)allocHandle)->offset; }
      |                                      ^
/data/data/com.termux/files/home/ExynosTools-LSFG/external/VulkanMemoryAllocator/include/vk_mem_alloc.h:9108:38: note: insert '_Nullable' if the pointer may be null
 9108 |     VkDeviceSize GetAllocationOffset(VmaAllocHandle allocHandle) const override { return ((Block*)allocHandle)->offset; }
      |                                      ^
      |                                                     _Nullable
/data/data/com.termux/files/home/ExynosTools-LSFG/external/VulkanMemoryAllocator/include/vk_mem_alloc.h:9108:38: note: insert '_Nonnull' if the pointer should never be null
 9108 |     VkDeviceSize GetAllocationOffset(VmaAllocHandle allocHandle) const override { return ((Block*)allocHandle)->offset; }
      |                                      ^
      |                                                     _Nonnull
/data/data/com.termux/files/home/ExynosTools-LSFG/external/VulkanMemoryAllocator/include/vk_mem_alloc.h:9126:29: warning: pointer is missing a nullability type specifier (_Nonnull, _Nullable, or _Null_unspecified) [-Wnullability-completeness]
 9126 |         VmaAllocationRequest* pAllocationRequest) override;
      |                             ^
/data/data/com.termux/files/home/ExynosTools-LSFG/external/VulkanMemoryAllocator/include/vk_mem_alloc.h:9126:29: note: insert '_Nullable' if the pointer may be null
 9126 |         VmaAllocationRequest* pAllocationRequest) override;
      |                             ^
      |                               _Nullable
/data/data/com.termux/files/home/ExynosTools-LSFG/external/VulkanMemoryAllocator/include/vk_mem_alloc.h:9126:29: note: insert '_Nonnull' if the pointer should never be null
 9126 |         VmaAllocationRequest* pAllocationRequest) override;
      |                             ^
      |                               _Nonnull
/data/data/com.termux/files/home/ExynosTools-LSFG/external/VulkanMemoryAllocator/include/vk_mem_alloc.h:9128:40: warning: pointer is missing a nullability type specifier (_Nonnull, _Nullable, or _Null_unspecified) [-Wnullability-completeness]
 9128 |     VkResult CheckCorruption(const void* pBlockData) override;
      |                                        ^
/data/data/com.termux/files/home/ExynosTools-LSFG/external/VulkanMemoryAllocator/include/vk_mem_alloc.h:9128:40: note: insert '_Nullable' if the pointer may be null
 9128 |     VkResult CheckCorruption(const void* pBlockData) override;
      |                                        ^
      |                                          _Nullable
/data/data/com.termux/files/home/ExynosTools-LSFG/external/VulkanMemoryAllocator/include/vk_mem_alloc.h:9128:40: note: insert '_Nonnull' if the pointer should never be null
 9128 |     VkResult CheckCorruption(const void* pBlockData) override;
      |                                        ^
      |                                          _Nonnull
/data/data/com.termux/files/home/ExynosTools-LSFG/external/VulkanMemoryAllocator/include/vk_mem_alloc.h:9132:13: warning: pointer is missing a nullability type specifier (_Nonnull, _Nullable, or _Null_unspecified) [-Wnullability-completeness]
 9132 |         void* userData) override;
      |             ^
/data/data/com.termux/files/home/ExynosTools-LSFG/external/VulkanMemoryAllocator/include/vk_mem_alloc.h:9132:13: note: insert '_Nullable' if the pointer may be null
 9132 |         void* userData) override;
      |             ^
      |               _Nullable
/data/data/com.termux/files/home/ExynosTools-LSFG/external/VulkanMemoryAllocator/include/vk_mem_alloc.h:9132:13: note: insert '_Nonnull' if the pointer should never be null
 9132 |         void* userData) override;
      |             ^
      |               _Nonnull
/data/data/com.termux/files/home/ExynosTools-LSFG/external/VulkanMemoryAllocator/include/vk_mem_alloc.h:9134:15: warning: pointer is missing a nullability type specifier (_Nonnull, _Nullable, or _Null_unspecified) [-Wnullability-completeness]
 9134 |     void Free(VmaAllocHandle allocHandle) override;
      |               ^
/data/data/com.termux/files/home/ExynosTools-LSFG/external/VulkanMemoryAllocator/include/vk_mem_alloc.h:9134:15: note: insert '_Nullable' if the pointer may be null
 9134 |     void Free(VmaAllocHandle allocHandle) override;
      |               ^
      |                              _Nullable
/data/data/com.termux/files/home/ExynosTools-LSFG/external/VulkanMemoryAllocator/include/vk_mem_alloc.h:9134:15: note: insert '_Nonnull' if the pointer should never be null
 9134 |     void Free(VmaAllocHandle allocHandle) override;
      |               ^
      |                              _Nonnull
/data/data/com.termux/files/home/ExynosTools-LSFG/external/VulkanMemoryAllocator/include/vk_mem_alloc.h:9135:28: warning: pointer is missing a nullability type specifier (_Nonnull, _Nullable, or _Null_unspecified) [-Wnullability-completeness]
 9135 |     void GetAllocationInfo(VmaAllocHandle allocHandle, VmaVirtualAllocationInfo& outInfo) override;
      |                            ^
/data/data/com.termux/files/home/ExynosTools-LSFG/external/VulkanMemoryAllocator/include/vk_mem_alloc.h:9135:28: note: insert '_Nullable' if the pointer may be null
 9135 |     void GetAllocationInfo(VmaAllocHandle allocHandle, VmaVirtualAllocationInfo& outInfo) override;
      |                            ^
      |                                           _Nullable
/data/data/com.termux/files/home/ExynosTools-LSFG/external/VulkanMemoryAllocator/include/vk_mem_alloc.h:9135:28: note: insert '_Nonnull' if the pointer should never be null
 9135 |     void GetAllocationInfo(VmaAllocHandle allocHandle, VmaVirtualAllocationInfo& outInfo) override;
      |                            ^
      |                                           _Nonnull
/data/data/com.termux/files/home/ExynosTools-LSFG/external/VulkanMemoryAllocator/include/vk_mem_alloc.h:9136:33: warning: pointer is missing a nullability type specifier (_Nonnull, _Nullable, or _Null_unspecified) [-Wnullability-completeness]
 9136 |     void* GetAllocationUserData(VmaAllocHandle allocHandle) const override;
      |                                 ^
/data/data/com.termux/files/home/ExynosTools-LSFG/external/VulkanMemoryAllocator/include/vk_mem_alloc.h:9136:33: note: insert '_Nullable' if the pointer may be null
 9136 |     void* GetAllocationUserData(VmaAllocHandle allocHandle) const override;
      |                                 ^
      |                                                _Nullable
/data/data/com.termux/files/home/ExynosTools-LSFG/external/VulkanMemoryAllocator/include/vk_mem_alloc.h:9136:33: note: insert '_Nonnull' if the pointer should never be null
 9136 |     void* GetAllocationUserData(VmaAllocHandle allocHandle) const override;
      |                                 ^
      |                                                _Nonnull
/data/data/com.termux/files/home/ExynosTools-LSFG/external/VulkanMemoryAllocator/include/vk_mem_alloc.h:9136:9: warning: pointer is missing a nullability type specifier (_Nonnull, _Nullable, or _Null_unspecified) [-Wnullability-completeness]
 9136 |     void* GetAllocationUserData(VmaAllocHandle allocHandle) const override;
      |         ^
/data/data/com.termux/files/home/ExynosTools-LSFG/external/VulkanMemoryAllocator/include/vk_mem_alloc.h:9136:9: note: insert '_Nullable' if the pointer may be null
 9136 |     void* GetAllocationUserData(VmaAllocHandle allocHandle) const override;
      |         ^
      |           _Nullable
/data/data/com.termux/files/home/ExynosTools-LSFG/external/VulkanMemoryAllocator/include/vk_mem_alloc.h:9136:9: note: insert '_Nonnull' if the pointer should never be null
 9136 |     void* GetAllocationUserData(VmaAllocHandle allocHandle) const override;
      |         ^
      |           _Nonnull
/data/data/com.termux/files/home/ExynosTools-LSFG/external/VulkanMemoryAllocator/include/vk_mem_alloc.h:9137:5: warning: pointer is missing a nullability type specifier (_Nonnull, _Nullable, or _Null_unspecified) [-Wnullability-completeness]
 9137 |     VmaAllocHandle GetAllocationListBegin() const override;
      |     ^
/data/data/com.termux/files/home/ExynosTools-LSFG/external/VulkanMemoryAllocator/include/vk_mem_alloc.h:9137:5: note: insert '_Nullable' if the pointer may be null
 9137 |     VmaAllocHandle GetAllocationListBegin() const override;
      |     ^
      |                    _Nullable
/data/data/com.termux/files/home/ExynosTools-LSFG/external/VulkanMemoryAllocator/include/vk_mem_alloc.h:9137:5: note: insert '_Nonnull' if the pointer should never be null
 9137 |     VmaAllocHandle GetAllocationListBegin() const override;
      |     ^
      |                    _Nonnull
/data/data/com.termux/files/home/ExynosTools-LSFG/external/VulkanMemoryAllocator/include/vk_mem_alloc.h:9138:38: warning: pointer is missing a nullability type specifier (_Nonnull, _Nullable, or _Null_unspecified) [-Wnullability-completeness]
 9138 |     VmaAllocHandle GetNextAllocation(VmaAllocHandle prevAlloc) const override;
      |                                      ^
/data/data/com.termux/files/home/ExynosTools-LSFG/external/VulkanMemoryAllocator/include/vk_mem_alloc.h:9138:38: note: insert '_Nullable' if the pointer may be null
 9138 |     VmaAllocHandle GetNextAllocation(VmaAllocHandle prevAlloc) const override;
      |                                      ^
      |                                                     _Nullable
/data/data/com.termux/files/home/ExynosTools-LSFG/external/VulkanMemoryAllocator/include/vk_mem_alloc.h:9138:38: note: insert '_Nonnull' if the pointer should never be null
 9138 |     VmaAllocHandle GetNextAllocation(VmaAllocHandle prevAlloc) const override;
      |                                      ^
      |                                                     _Nonnull
/data/data/com.termux/files/home/ExynosTools-LSFG/external/VulkanMemoryAllocator/include/vk_mem_alloc.h:9138:5: warning: pointer is missing a nullability type specifier (_Nonnull, _Nullable, or _Null_unspecified) [-Wnullability-completeness]
 9138 |     VmaAllocHandle GetNextAllocation(VmaAllocHandle prevAlloc) const override;
      |     ^
/data/data/com.termux/files/home/ExynosTools-LSFG/external/VulkanMemoryAllocator/include/vk_mem_alloc.h:9138:5: note: insert '_Nullable' if the pointer may be null
 9138 |     VmaAllocHandle GetNextAllocation(VmaAllocHandle prevAlloc) const override;
      |     ^
      |                    _Nullable
/data/data/com.termux/files/home/ExynosTools-LSFG/external/VulkanMemoryAllocator/include/vk_mem_alloc.h:9138:5: note: insert '_Nonnull' if the pointer should never be null
 9138 |     VmaAllocHandle GetNextAllocation(VmaAllocHandle prevAlloc) const override;
      |     ^
      |                    _Nonnull
/data/data/com.termux/files/home/ExynosTools-LSFG/external/VulkanMemoryAllocator/include/vk_mem_alloc.h:9139:40: warning: pointer is missing a nullability type specifier (_Nonnull, _Nullable, or _Null_unspecified) [-Wnullability-completeness]
 9139 |     VkDeviceSize GetNextFreeRegionSize(VmaAllocHandle alloc) const override;
      |                                        ^
/data/data/com.termux/files/home/ExynosTools-LSFG/external/VulkanMemoryAllocator/include/vk_mem_alloc.h:9139:40: note: insert '_Nullable' if the pointer may be null
 9139 |     VkDeviceSize GetNextFreeRegionSize(VmaAllocHandle alloc) const override;
      |                                        ^
      |                                                       _Nullable
/data/data/com.termux/files/home/ExynosTools-LSFG/external/VulkanMemoryAllocator/include/vk_mem_alloc.h:9139:40: note: insert '_Nonnull' if the pointer should never be null
 9139 |     VkDeviceSize GetNextFreeRegionSize(VmaAllocHandle alloc) const override;
      |                                        ^
      |                                                       _Nonnull
/data/data/com.termux/files/home/ExynosTools-LSFG/external/VulkanMemoryAllocator/include/vk_mem_alloc.h:9141:32: warning: pointer is missing a nullability type specifier (_Nonnull, _Nullable, or _Null_unspecified) [-Wnullability-completeness]
 9141 |     void SetAllocationUserData(VmaAllocHandle allocHandle, void* userData) override;
      |                                ^
/data/data/com.termux/files/home/ExynosTools-LSFG/external/VulkanMemoryAllocator/include/vk_mem_alloc.h:9141:32: note: insert '_Nullable' if the pointer may be null
 9141 |     void SetAllocationUserData(VmaAllocHandle allocHandle, void* userData) override;
      |                                ^
      |                                               _Nullable
/data/data/com.termux/files/home/ExynosTools-LSFG/external/VulkanMemoryAllocator/include/vk_mem_alloc.h:9141:32: note: insert '_Nonnull' if the pointer should never be null
 9141 |     void SetAllocationUserData(VmaAllocHandle allocHandle, void* userData) override;
      |                                ^
      |                                               _Nonnull
/data/data/com.termux/files/home/ExynosTools-LSFG/external/VulkanMemoryAllocator/include/vk_mem_alloc.h:9141:64: warning: pointer is missing a nullability type specifier (_Nonnull, _Nullable, or _Null_unspecified) [-Wnullability-completeness]
 9141 |     void SetAllocationUserData(VmaAllocHandle allocHandle, void* userData) override;
      |                                                                ^
/data/data/com.termux/files/home/ExynosTools-LSFG/external/VulkanMemoryAllocator/include/vk_mem_alloc.h:9141:64: note: insert '_Nullable' if the pointer may be null
 9141 |     void SetAllocationUserData(VmaAllocHandle allocHandle, void* userData) override;
      |                                                                ^
      |                                                                  _Nullable
/data/data/com.termux/files/home/ExynosTools-LSFG/external/VulkanMemoryAllocator/include/vk_mem_alloc.h:9141:64: note: insert '_Nonnull' if the pointer should never be null
 9141 |     void SetAllocationUserData(VmaAllocHandle allocHandle, void* userData) override;
      |                                                                ^
      |                                                                  _Nonnull
/data/data/com.termux/files/home/ExynosTools-LSFG/external/VulkanMemoryAllocator/include/vk_mem_alloc.h:9159:14: warning: pointer is missing a nullability type specifier (_Nonnull, _Nullable, or _Null_unspecified) [-Wnullability-completeness]
 9159 |         Block* prevPhysical;
      |              ^
/data/data/com.termux/files/home/ExynosTools-LSFG/external/VulkanMemoryAllocator/include/vk_mem_alloc.h:9159:14: note: insert '_Nullable' if the pointer may be null
 9159 |         Block* prevPhysical;
      |              ^
      |                _Nullable
/data/data/com.termux/files/home/ExynosTools-LSFG/external/VulkanMemoryAllocator/include/vk_mem_alloc.h:9159:14: note: insert '_Nonnull' if the pointer should never be null
 9159 |         Block* prevPhysical;
      |              ^
      |                _Nonnull
/data/data/com.termux/files/home/ExynosTools-LSFG/external/VulkanMemoryAllocator/include/vk_mem_alloc.h:9160:14: warning: pointer is missing a nullability type specifier (_Nonnull, _Nullable, or _Null_unspecified) [-Wnullability-completeness]
 9160 |         Block* nextPhysical;
      |              ^
/data/data/com.termux/files/home/ExynosTools-LSFG/external/VulkanMemoryAllocator/include/vk_mem_alloc.h:9160:14: note: insert '_Nullable' if the pointer may be null
 9160 |         Block* nextPhysical;
      |              ^
      |                _Nullable
/data/data/com.termux/files/home/ExynosTools-LSFG/external/VulkanMemoryAllocator/include/vk_mem_alloc.h:9160:14: note: insert '_Nonnull' if the pointer should never be null
 9160 |         Block* nextPhysical;
      |              ^
      |                _Nonnull
/data/data/com.termux/files/home/ExynosTools-LSFG/external/VulkanMemoryAllocator/include/vk_mem_alloc.h:9165:13: warning: pointer is missing a nullability type specifier (_Nonnull, _Nullable, or _Null_unspecified) [-Wnullability-completeness]
 9165 |         void*& UserData() { VMA_HEAVY_ASSERT(!IsFree()); return userData; }
      |             ^
/data/data/com.termux/files/home/ExynosTools-LSFG/external/VulkanMemoryAllocator/include/vk_mem_alloc.h:9165:13: note: insert '_Nullable' if the pointer may be null
 9165 |         void*& UserData() { VMA_HEAVY_ASSERT(!IsFree()); return userData; }
      |             ^
      |              _Nullable
/data/data/com.termux/files/home/ExynosTools-LSFG/external/VulkanMemoryAllocator/include/vk_mem_alloc.h:9165:13: note: insert '_Nonnull' if the pointer should never be null
 9165 |         void*& UserData() { VMA_HEAVY_ASSERT(!IsFree()); return userData; }
      |             ^
      |              _Nonnull
/data/data/com.termux/files/home/ExynosTools-LSFG/external/VulkanMemoryAllocator/include/vk_mem_alloc.h:9166:14: warning: pointer is missing a nullability type specifier (_Nonnull, _Nullable, or _Null_unspecified) [-Wnullability-completeness]
 9166 |         Block*& PrevFree() { return prevFree; }
      |              ^
/data/data/com.termux/files/home/ExynosTools-LSFG/external/VulkanMemoryAllocator/include/vk_mem_alloc.h:9166:14: note: insert '_Nullable' if the pointer may be null
 9166 |         Block*& PrevFree() { return prevFree; }
      |              ^
      |               _Nullable
/data/data/com.termux/files/home/ExynosTools-LSFG/external/VulkanMemoryAllocator/include/vk_mem_alloc.h:9166:14: note: insert '_Nonnull' if the pointer should never be null
 9166 |         Block*& PrevFree() { return prevFree; }
      |              ^
      |               _Nonnull
/data/data/com.termux/files/home/ExynosTools-LSFG/external/VulkanMemoryAllocator/include/vk_mem_alloc.h:9167:14: warning: pointer is missing a nullability type specifier (_Nonnull, _Nullable, or _Null_unspecified) [-Wnullability-completeness]
 9167 |         Block*& NextFree() { VMA_HEAVY_ASSERT(IsFree()); return nextFree; }
      |              ^
/data/data/com.termux/files/home/ExynosTools-LSFG/external/VulkanMemoryAllocator/include/vk_mem_alloc.h:9167:14: note: insert '_Nullable' if the pointer may be null
 9167 |         Block*& NextFree() { VMA_HEAVY_ASSERT(IsFree()); return nextFree; }
      |              ^
      |               _Nullable
/data/data/com.termux/files/home/ExynosTools-LSFG/external/VulkanMemoryAllocator/include/vk_mem_alloc.h:9167:14: note: insert '_Nonnull' if the pointer should never be null
 9167 |         Block*& NextFree() { VMA_HEAVY_ASSERT(IsFree()); return nextFree; }
      |              ^
      |               _Nonnull
/data/data/com.termux/files/home/ExynosTools-LSFG/external/VulkanMemoryAllocator/include/vk_mem_alloc.h:9170:14: warning: pointer is missing a nullability type specifier (_Nonnull, _Nullable, or _Null_unspecified) [-Wnullability-completeness]
 9170 |         Block* prevFree; // Address of the same block here indicates that block is taken
      |              ^
/data/data/com.termux/files/home/ExynosTools-LSFG/external/VulkanMemoryAllocator/include/vk_mem_alloc.h:9170:14: note: insert '_Nullable' if the pointer may be null
 9170 |         Block* prevFree; // Address of the same block here indicates that block is taken
      |              ^
      |                _Nullable
/data/data/com.termux/files/home/ExynosTools-LSFG/external/VulkanMemoryAllocator/include/vk_mem_alloc.h:9170:14: note: insert '_Nonnull' if the pointer should never be null
 9170 |         Block* prevFree; // Address of the same block here indicates that block is taken
      |              ^
      |                _Nonnull
/data/data/com.termux/files/home/ExynosTools-LSFG/external/VulkanMemoryAllocator/include/vk_mem_alloc.h:9173:18: warning: pointer is missing a nullability type specifier (_Nonnull, _Nullable, or _Null_unspecified) [-Wnullability-completeness]
 9173 |             Block* nextFree;
      |                  ^
/data/data/com.termux/files/home/ExynosTools-LSFG/external/VulkanMemoryAllocator/include/vk_mem_alloc.h:9173:18: note: insert '_Nullable' if the pointer may be null
 9173 |             Block* nextFree;
      |                  ^
      |                    _Nullable
/data/data/com.termux/files/home/ExynosTools-LSFG/external/VulkanMemoryAllocator/include/vk_mem_alloc.h:9173:18: note: insert '_Nonnull' if the pointer should never be null
 9173 |             Block* nextFree;
      |                  ^
      |                    _Nonnull
/data/data/com.termux/files/home/ExynosTools-LSFG/external/VulkanMemoryAllocator/include/vk_mem_alloc.h:9174:17: warning: pointer is missing a nullability type specifier (_Nonnull, _Nullable, or _Null_unspecified) [-Wnullability-completeness]
 9174 |             void* userData;
      |                 ^
/data/data/com.termux/files/home/ExynosTools-LSFG/external/VulkanMemoryAllocator/include/vk_mem_alloc.h:9174:17: note: insert '_Nullable' if the pointer may be null
 9174 |             void* userData;
      |                 ^
      |                   _Nullable
/data/data/com.termux/files/home/ExynosTools-LSFG/external/VulkanMemoryAllocator/include/vk_mem_alloc.h:9174:17: note: insert '_Nonnull' if the pointer should never be null
 9174 |             void* userData;
      |                 ^
      |                   _Nonnull
/data/data/com.termux/files/home/ExynosTools-LSFG/external/VulkanMemoryAllocator/include/vk_mem_alloc.h:9191:10: warning: pointer is missing a nullability type specifier (_Nonnull, _Nullable, or _Null_unspecified) [-Wnullability-completeness]
 9191 |     Block** m_FreeList;
      |          ^
/data/data/com.termux/files/home/ExynosTools-LSFG/external/VulkanMemoryAllocator/include/vk_mem_alloc.h:9191:10: note: insert '_Nullable' if the pointer may be null
 9191 |     Block** m_FreeList;
      |          ^
      |           _Nullable
/data/data/com.termux/files/home/ExynosTools-LSFG/external/VulkanMemoryAllocator/include/vk_mem_alloc.h:9191:10: note: insert '_Nonnull' if the pointer should never be null
 9191 |     Block** m_FreeList;
      |          ^
      |           _Nonnull
/data/data/com.termux/files/home/ExynosTools-LSFG/external/VulkanMemoryAllocator/include/vk_mem_alloc.h:9191:11: warning: pointer is missing a nullability type specifier (_Nonnull, _Nullable, or _Null_unspecified) [-Wnullability-completeness]
 9191 |     Block** m_FreeList;
      |           ^
/data/data/com.termux/files/home/ExynosTools-LSFG/external/VulkanMemoryAllocator/include/vk_mem_alloc.h:9191:11: note: insert '_Nullable' if the pointer may be null
 9191 |     Block** m_FreeList;
      |           ^
      |             _Nullable
/data/data/com.termux/files/home/ExynosTools-LSFG/external/VulkanMemoryAllocator/include/vk_mem_alloc.h:9191:11: note: insert '_Nonnull' if the pointer should never be null
 9191 |     Block** m_FreeList;
      |           ^
      |             _Nonnull
/data/data/com.termux/files/home/ExynosTools-LSFG/external/VulkanMemoryAllocator/include/vk_mem_alloc.h:9193:10: warning: pointer is missing a nullability type specifier (_Nonnull, _Nullable, or _Null_unspecified) [-Wnullability-completeness]
 9193 |     Block* m_NullBlock;
      |          ^
/data/data/com.termux/files/home/ExynosTools-LSFG/external/VulkanMemoryAllocator/include/vk_mem_alloc.h:9193:10: note: insert '_Nullable' if the pointer may be null
 9193 |     Block* m_NullBlock;
      |          ^
      |            _Nullable
/data/data/com.termux/files/home/ExynosTools-LSFG/external/VulkanMemoryAllocator/include/vk_mem_alloc.h:9193:10: note: insert '_Nonnull' if the pointer should never be null
 9193 |     Block* m_NullBlock;
      |          ^
      |            _Nonnull
/data/data/com.termux/files/home/ExynosTools-LSFG/external/VulkanMemoryAllocator/include/vk_mem_alloc.h:9201:31: warning: pointer is missing a nullability type specifier (_Nonnull, _Nullable, or _Null_unspecified) [-Wnullability-completeness]
 9201 |     void RemoveFreeBlock(Block* block);
      |                               ^
/data/data/com.termux/files/home/ExynosTools-LSFG/external/VulkanMemoryAllocator/include/vk_mem_alloc.h:9201:31: note: insert '_Nullable' if the pointer may be null
 9201 |     void RemoveFreeBlock(Block* block);
      |                               ^
      |                                 _Nullable
/data/data/com.termux/files/home/ExynosTools-LSFG/external/VulkanMemoryAllocator/include/vk_mem_alloc.h:9201:31: note: insert '_Nonnull' if the pointer should never be null
 9201 |     void RemoveFreeBlock(Block* block);
      |                               ^
      |                                 _Nonnull
/data/data/com.termux/files/home/ExynosTools-LSFG/external/VulkanMemoryAllocator/include/vk_mem_alloc.h:9202:31: warning: pointer is missing a nullability type specifier (_Nonnull, _Nullable, or _Null_unspecified) [-Wnullability-completeness]
 9202 |     void InsertFreeBlock(Block* block);
      |                               ^
/data/data/com.termux/files/home/ExynosTools-LSFG/external/VulkanMemoryAllocator/include/vk_mem_alloc.h:9202:31: note: insert '_Nullable' if the pointer may be null
 9202 |     void InsertFreeBlock(Block* block);
      |                               ^
      |                                 _Nullable
/data/data/com.termux/files/home/ExynosTools-LSFG/external/VulkanMemoryAllocator/include/vk_mem_alloc.h:9202:31: note: insert '_Nonnull' if the pointer should never be null
 9202 |     void InsertFreeBlock(Block* block);
      |                               ^
      |                                 _Nonnull
/data/data/com.termux/files/home/ExynosTools-LSFG/external/VulkanMemoryAllocator/include/vk_mem_alloc.h:9203:26: warning: pointer is missing a nullability type specifier (_Nonnull, _Nullable, or _Null_unspecified) [-Wnullability-completeness]
 9203 |     void MergeBlock(Block* block, Block* prev);
      |                          ^
/data/data/com.termux/files/home/ExynosTools-LSFG/external/VulkanMemoryAllocator/include/vk_mem_alloc.h:9203:26: note: insert '_Nullable' if the pointer may be null
 9203 |     void MergeBlock(Block* block, Block* prev);
      |                          ^
      |                            _Nullable
/data/data/com.termux/files/home/ExynosTools-LSFG/external/VulkanMemoryAllocator/include/vk_mem_alloc.h:9203:26: note: insert '_Nonnull' if the pointer should never be null
 9203 |     void MergeBlock(Block* block, Block* prev);
      |                          ^
      |                            _Nonnull
/data/data/com.termux/files/home/ExynosTools-LSFG/external/VulkanMemoryAllocator/include/vk_mem_alloc.h:9203:40: warning: pointer is missing a nullability type specifier (_Nonnull, _Nullable, or _Null_unspecified) [-Wnullability-completeness]
 9203 |     void MergeBlock(Block* block, Block* prev);
      |                                        ^
/data/data/com.termux/files/home/ExynosTools-LSFG/external/VulkanMemoryAllocator/include/vk_mem_alloc.h:9203:40: note: insert '_Nullable' if the pointer may be null
 9203 |     void MergeBlock(Block* block, Block* prev);
      |                                        ^
      |                                          _Nullable
/data/data/com.termux/files/home/ExynosTools-LSFG/external/VulkanMemoryAllocator/include/vk_mem_alloc.h:9203:40: note: insert '_Nonnull' if the pointer should never be null
 9203 |     void MergeBlock(Block* block, Block* prev);
      |                                        ^
      |                                          _Nonnull
/data/data/com.termux/files/home/ExynosTools-LSFG/external/VulkanMemoryAllocator/include/vk_mem_alloc.h:9205:10: warning: pointer is missing a nullability type specifier (_Nonnull, _Nullable, or _Null_unspecified) [-Wnullability-completeness]
 9205 |     Block* FindFreeBlock(VkDeviceSize size, uint32_t& listIndex) const;
      |          ^
/data/data/com.termux/files/home/ExynosTools-LSFG/external/VulkanMemoryAllocator/include/vk_mem_alloc.h:9205:10: note: insert '_Nullable' if the pointer may be null
 9205 |     Block* FindFreeBlock(VkDeviceSize size, uint32_t& listIndex) const;
      |          ^
      |            _Nullable
/data/data/com.termux/files/home/ExynosTools-LSFG/external/VulkanMemoryAllocator/include/vk_mem_alloc.h:9205:10: note: insert '_Nonnull' if the pointer should never be null
 9205 |     Block* FindFreeBlock(VkDeviceSize size, uint32_t& listIndex) const;
      |          ^
      |            _Nonnull
/data/data/com.termux/files/home/ExynosTools-LSFG/external/VulkanMemoryAllocator/include/vk_mem_alloc.h:9212:29: warning: pointer is missing a nullability type specifier (_Nonnull, _Nullable, or _Null_unspecified) [-Wnullability-completeness]
 9212 |         VmaAllocationRequest* pAllocationRequest);
      |                             ^
/data/data/com.termux/files/home/ExynosTools-LSFG/external/VulkanMemoryAllocator/include/vk_mem_alloc.h:9212:29: note: insert '_Nullable' if the pointer may be null
 9212 |         VmaAllocationRequest* pAllocationRequest);
      |                             ^
      |                               _Nullable
/data/data/com.termux/files/home/ExynosTools-LSFG/external/VulkanMemoryAllocator/include/vk_mem_alloc.h:9212:29: note: insert '_Nonnull' if the pointer should never be null
 9212 |         VmaAllocationRequest* pAllocationRequest);
      |                             ^
      |                               _Nonnull
/data/data/com.termux/files/home/ExynosTools-LSFG/external/VulkanMemoryAllocator/include/vk_mem_alloc.h:9216:73: warning: pointer is missing a nullability type specifier (_Nonnull, _Nullable, or _Null_unspecified) [-Wnullability-completeness]
 9216 | VmaBlockMetadata_TLSF::VmaBlockMetadata_TLSF(const VkAllocationCallbacks* pAllocationCallbacks,
      |                                                                         ^
/data/data/com.termux/files/home/ExynosTools-LSFG/external/VulkanMemoryAllocator/include/vk_mem_alloc.h:9216:73: note: insert '_Nullable' if the pointer may be null
 9216 | VmaBlockMetadata_TLSF::VmaBlockMetadata_TLSF(const VkAllocationCallbacks* pAllocationCallbacks,
      |                                                                         ^
      |                                                                           _Nullable
/data/data/com.termux/files/home/ExynosTools-LSFG/external/VulkanMemoryAllocator/include/vk_mem_alloc.h:9216:73: note: insert '_Nonnull' if the pointer should never be null
 9216 | VmaBlockMetadata_TLSF::VmaBlockMetadata_TLSF(const VkAllocationCallbacks* pAllocationCallbacks,
      |                                                                         ^
      |                                                                           _Nonnull
/data/data/com.termux/files/home/ExynosTools-LSFG/external/VulkanMemoryAllocator/include/vk_mem_alloc.h:9433:25: warning: pointer is missing a nullability type specifier (_Nonnull, _Nullable, or _Null_unspecified) [-Wnullability-completeness]
 9433 |     VmaAllocationRequest* pAllocationRequest)
      |                         ^
/data/data/com.termux/files/home/ExynosTools-LSFG/external/VulkanMemoryAllocator/include/vk_mem_alloc.h:9433:25: note: insert '_Nullable' if the pointer may be null
 9433 |     VmaAllocationRequest* pAllocationRequest)
      |                         ^
      |                           _Nullable
/data/data/com.termux/files/home/ExynosTools-LSFG/external/VulkanMemoryAllocator/include/vk_mem_alloc.h:9433:25: note: insert '_Nonnull' if the pointer should never be null
 9433 |     VmaAllocationRequest* pAllocationRequest)
      |                         ^
      |                           _Nonnull
/data/data/com.termux/files/home/ExynosTools-LSFG/external/VulkanMemoryAllocator/include/vk_mem_alloc.h:9589:59: warning: pointer is missing a nullability type specifier (_Nonnull, _Nullable, or _Null_unspecified) [-Wnullability-completeness]
 9589 | VkResult VmaBlockMetadata_TLSF::CheckCorruption(const void* pBlockData)
      |                                                           ^
/data/data/com.termux/files/home/ExynosTools-LSFG/external/VulkanMemoryAllocator/include/vk_mem_alloc.h:9589:59: note: insert '_Nullable' if the pointer may be null
 9589 | VkResult VmaBlockMetadata_TLSF::CheckCorruption(const void* pBlockData)
      |                                                           ^
      |                                                             _Nullable
/data/data/com.termux/files/home/ExynosTools-LSFG/external/VulkanMemoryAllocator/include/vk_mem_alloc.h:9589:59: note: insert '_Nonnull' if the pointer should never be null
 9589 | VkResult VmaBlockMetadata_TLSF::CheckCorruption(const void* pBlockData)
      |                                                           ^
      |                                                             _Nonnull
/data/data/com.termux/files/home/ExynosTools-LSFG/external/VulkanMemoryAllocator/include/vk_mem_alloc.h:9609:9: warning: pointer is missing a nullability type specifier (_Nonnull, _Nullable, or _Null_unspecified) [-Wnullability-completeness]
 9609 |     void* userData)
      |         ^
/data/data/com.termux/files/home/ExynosTools-LSFG/external/VulkanMemoryAllocator/include/vk_mem_alloc.h:9609:9: note: insert '_Nullable' if the pointer may be null
 9609 |     void* userData)
      |         ^
      |           _Nullable
/data/data/com.termux/files/home/ExynosTools-LSFG/external/VulkanMemoryAllocator/include/vk_mem_alloc.h:9609:9: note: insert '_Nonnull' if the pointer should never be null
 9609 |     void* userData)
      |         ^
      |           _Nonnull
/data/data/com.termux/files/home/ExynosTools-LSFG/external/VulkanMemoryAllocator/include/vk_mem_alloc.h:9732:34: warning: pointer is missing a nullability type specifier (_Nonnull, _Nullable, or _Null_unspecified) [-Wnullability-completeness]
 9732 | void VmaBlockMetadata_TLSF::Free(VmaAllocHandle allocHandle)
      |                                  ^
/data/data/com.termux/files/home/ExynosTools-LSFG/external/VulkanMemoryAllocator/include/vk_mem_alloc.h:9732:34: note: insert '_Nullable' if the pointer may be null
 9732 | void VmaBlockMetadata_TLSF::Free(VmaAllocHandle allocHandle)
      |                                  ^
      |                                                 _Nullable
/data/data/com.termux/files/home/ExynosTools-LSFG/external/VulkanMemoryAllocator/include/vk_mem_alloc.h:9732:34: note: insert '_Nonnull' if the pointer should never be null
 9732 | void VmaBlockMetadata_TLSF::Free(VmaAllocHandle allocHandle)
      |                                  ^
      |                                                 _Nonnull
/data/data/com.termux/files/home/ExynosTools-LSFG/external/VulkanMemoryAllocator/include/vk_mem_alloc.h:9771:47: warning: pointer is missing a nullability type specifier (_Nonnull, _Nullable, or _Null_unspecified) [-Wnullability-completeness]
 9771 | void VmaBlockMetadata_TLSF::GetAllocationInfo(VmaAllocHandle allocHandle, VmaVirtualAllocationInfo& outInfo)
      |                                               ^
/data/data/com.termux/files/home/ExynosTools-LSFG/external/VulkanMemoryAllocator/include/vk_mem_alloc.h:9771:47: note: insert '_Nullable' if the pointer may be null
 9771 | void VmaBlockMetadata_TLSF::GetAllocationInfo(VmaAllocHandle allocHandle, VmaVirtualAllocationInfo& outInfo)
      |                                               ^
      |                                                              _Nullable
/data/data/com.termux/files/home/ExynosTools-LSFG/external/VulkanMemoryAllocator/include/vk_mem_alloc.h:9771:47: note: insert '_Nonnull' if the pointer should never be null
 9771 | void VmaBlockMetadata_TLSF::GetAllocationInfo(VmaAllocHandle allocHandle, VmaVirtualAllocationInfo& outInfo)
      |                                               ^
      |                                                              _Nonnull
/data/data/com.termux/files/home/ExynosTools-LSFG/external/VulkanMemoryAllocator/include/vk_mem_alloc.h:9780:52: warning: pointer is missing a nullability type specifier (_Nonnull, _Nullable, or _Null_unspecified) [-Wnullability-completeness]
 9780 | void* VmaBlockMetadata_TLSF::GetAllocationUserData(VmaAllocHandle allocHandle) const
      |                                                    ^
/data/data/com.termux/files/home/ExynosTools-LSFG/external/VulkanMemoryAllocator/include/vk_mem_alloc.h:9780:52: note: insert '_Nullable' if the pointer may be null
 9780 | void* VmaBlockMetadata_TLSF::GetAllocationUserData(VmaAllocHandle allocHandle) const
      |                                                    ^
      |                                                                   _Nullable
/data/data/com.termux/files/home/ExynosTools-LSFG/external/VulkanMemoryAllocator/include/vk_mem_alloc.h:9780:52: note: insert '_Nonnull' if the pointer should never be null
 9780 | void* VmaBlockMetadata_TLSF::GetAllocationUserData(VmaAllocHandle allocHandle) const
      |                                                    ^
      |                                                                   _Nonnull
/data/data/com.termux/files/home/ExynosTools-LSFG/external/VulkanMemoryAllocator/include/vk_mem_alloc.h:9780:5: warning: pointer is missing a nullability type specifier (_Nonnull, _Nullable, or _Null_unspecified) [-Wnullability-completeness]
 9780 | void* VmaBlockMetadata_TLSF::GetAllocationUserData(VmaAllocHandle allocHandle) const
      |     ^
/data/data/com.termux/files/home/ExynosTools-LSFG/external/VulkanMemoryAllocator/include/vk_mem_alloc.h:9780:5: note: insert '_Nullable' if the pointer may be null
 9780 | void* VmaBlockMetadata_TLSF::GetAllocationUserData(VmaAllocHandle allocHandle) const
      |     ^
      |       _Nullable
/data/data/com.termux/files/home/ExynosTools-LSFG/external/VulkanMemoryAllocator/include/vk_mem_alloc.h:9780:5: note: insert '_Nonnull' if the pointer should never be null
 9780 | void* VmaBlockMetadata_TLSF::GetAllocationUserData(VmaAllocHandle allocHandle) const
      |     ^
      |       _Nonnull
/data/data/com.termux/files/home/ExynosTools-LSFG/external/VulkanMemoryAllocator/include/vk_mem_alloc.h:9787:1: warning: pointer is missing a nullability type specifier (_Nonnull, _Nullable, or _Null_unspecified) [-Wnullability-completeness]
 9787 | VmaAllocHandle VmaBlockMetadata_TLSF::GetAllocationListBegin() const
      | ^
/data/data/com.termux/files/home/ExynosTools-LSFG/external/VulkanMemoryAllocator/include/vk_mem_alloc.h:9787:1: note: insert '_Nullable' if the pointer may be null
 9787 | VmaAllocHandle VmaBlockMetadata_TLSF::GetAllocationListBegin() const
      | ^
      |                _Nullable
/data/data/com.termux/files/home/ExynosTools-LSFG/external/VulkanMemoryAllocator/include/vk_mem_alloc.h:9787:1: note: insert '_Nonnull' if the pointer should never be null
 9787 | VmaAllocHandle VmaBlockMetadata_TLSF::GetAllocationListBegin() const
      | ^
      |                _Nonnull
/data/data/com.termux/files/home/ExynosTools-LSFG/external/VulkanMemoryAllocator/include/vk_mem_alloc.h:9801:57: warning: pointer is missing a nullability type specifier (_Nonnull, _Nullable, or _Null_unspecified) [-Wnullability-completeness]
 9801 | VmaAllocHandle VmaBlockMetadata_TLSF::GetNextAllocation(VmaAllocHandle prevAlloc) const
      |                                                         ^
/data/data/com.termux/files/home/ExynosTools-LSFG/external/VulkanMemoryAllocator/include/vk_mem_alloc.h:9801:57: note: insert '_Nullable' if the pointer may be null
 9801 | VmaAllocHandle VmaBlockMetadata_TLSF::GetNextAllocation(VmaAllocHandle prevAlloc) const
      |                                                         ^
      |                                                                        _Nullable
/data/data/com.termux/files/home/ExynosTools-LSFG/external/VulkanMemoryAllocator/include/vk_mem_alloc.h:9801:57: note: insert '_Nonnull' if the pointer should never be null
 9801 | VmaAllocHandle VmaBlockMetadata_TLSF::GetNextAllocation(VmaAllocHandle prevAlloc) const
      |                                                         ^
      |                                                                        _Nonnull
/data/data/com.termux/files/home/ExynosTools-LSFG/external/VulkanMemoryAllocator/include/vk_mem_alloc.h:9801:1: warning: pointer is missing a nullability type specifier (_Nonnull, _Nullable, or _Null_unspecified) [-Wnullability-completeness]
 9801 | VmaAllocHandle VmaBlockMetadata_TLSF::GetNextAllocation(VmaAllocHandle prevAlloc) const
      | ^
/data/data/com.termux/files/home/ExynosTools-LSFG/external/VulkanMemoryAllocator/include/vk_mem_alloc.h:9801:1: note: insert '_Nullable' if the pointer may be null
 9801 | VmaAllocHandle VmaBlockMetadata_TLSF::GetNextAllocation(VmaAllocHandle prevAlloc) const
      | ^
      |                _Nullable
/data/data/com.termux/files/home/ExynosTools-LSFG/external/VulkanMemoryAllocator/include/vk_mem_alloc.h:9801:1: note: insert '_Nonnull' if the pointer should never be null
 9801 | VmaAllocHandle VmaBlockMetadata_TLSF::GetNextAllocation(VmaAllocHandle prevAlloc) const
      | ^
      |                _Nonnull
/data/data/com.termux/files/home/ExynosTools-LSFG/external/VulkanMemoryAllocator/include/vk_mem_alloc.h:9814:59: warning: pointer is missing a nullability type specifier (_Nonnull, _Nullable, or _Null_unspecified) [-Wnullability-completeness]
 9814 | VkDeviceSize VmaBlockMetadata_TLSF::GetNextFreeRegionSize(VmaAllocHandle alloc) const
      |                                                           ^
/data/data/com.termux/files/home/ExynosTools-LSFG/external/VulkanMemoryAllocator/include/vk_mem_alloc.h:9814:59: note: insert '_Nullable' if the pointer may be null
 9814 | VkDeviceSize VmaBlockMetadata_TLSF::GetNextFreeRegionSize(VmaAllocHandle alloc) const
      |                                                           ^
      |                                                                          _Nullable
/data/data/com.termux/files/home/ExynosTools-LSFG/external/VulkanMemoryAllocator/include/vk_mem_alloc.h:9814:59: note: insert '_Nonnull' if the pointer should never be null
 9814 | VkDeviceSize VmaBlockMetadata_TLSF::GetNextFreeRegionSize(VmaAllocHandle alloc) const
      |                                                           ^
      |                                                                          _Nonnull
/data/data/com.termux/files/home/ExynosTools-LSFG/external/VulkanMemoryAllocator/include/vk_mem_alloc.h:9845:51: warning: pointer is missing a nullability type specifier (_Nonnull, _Nullable, or _Null_unspecified) [-Wnullability-completeness]
 9845 | void VmaBlockMetadata_TLSF::SetAllocationUserData(VmaAllocHandle allocHandle, void* userData)
      |                                                   ^
/data/data/com.termux/files/home/ExynosTools-LSFG/external/VulkanMemoryAllocator/include/vk_mem_alloc.h:9845:51: note: insert '_Nullable' if the pointer may be null
 9845 | void VmaBlockMetadata_TLSF::SetAllocationUserData(VmaAllocHandle allocHandle, void* userData)
      |                                                   ^
      |                                                                  _Nullable
/data/data/com.termux/files/home/ExynosTools-LSFG/external/VulkanMemoryAllocator/include/vk_mem_alloc.h:9845:51: note: insert '_Nonnull' if the pointer should never be null
 9845 | void VmaBlockMetadata_TLSF::SetAllocationUserData(VmaAllocHandle allocHandle, void* userData)
      |                                                   ^
      |                                                                  _Nonnull
/data/data/com.termux/files/home/ExynosTools-LSFG/external/VulkanMemoryAllocator/include/vk_mem_alloc.h:9845:83: warning: pointer is missing a nullability type specifier (_Nonnull, _Nullable, or _Null_unspecified) [-Wnullability-completeness]
 9845 | void VmaBlockMetadata_TLSF::SetAllocationUserData(VmaAllocHandle allocHandle, void* userData)
      |                                                                                   ^
/data/data/com.termux/files/home/ExynosTools-LSFG/external/VulkanMemoryAllocator/include/vk_mem_alloc.h:9845:83: note: insert '_Nullable' if the pointer may be null
 9845 | void VmaBlockMetadata_TLSF::SetAllocationUserData(VmaAllocHandle allocHandle, void* userData)
      |                                                                                   ^
      |                                                                                     _Nullable
/data/data/com.termux/files/home/ExynosTools-LSFG/external/VulkanMemoryAllocator/include/vk_mem_alloc.h:9845:83: note: insert '_Nonnull' if the pointer should never be null
 9845 | void VmaBlockMetadata_TLSF::SetAllocationUserData(VmaAllocHandle allocHandle, void* userData)
      |                                                                                   ^
      |                                                                                     _Nonnull
/data/data/com.termux/files/home/ExynosTools-LSFG/external/VulkanMemoryAllocator/include/vk_mem_alloc.h:9894:50: warning: pointer is missing a nullability type specifier (_Nonnull, _Nullable, or _Null_unspecified) [-Wnullability-completeness]
 9894 | void VmaBlockMetadata_TLSF::RemoveFreeBlock(Block* block)
      |                                                  ^
/data/data/com.termux/files/home/ExynosTools-LSFG/external/VulkanMemoryAllocator/include/vk_mem_alloc.h:9894:50: note: insert '_Nullable' if the pointer may be null
 9894 | void VmaBlockMetadata_TLSF::RemoveFreeBlock(Block* block)
      |                                                  ^
      |                                                    _Nullable
/data/data/com.termux/files/home/ExynosTools-LSFG/external/VulkanMemoryAllocator/include/vk_mem_alloc.h:9894:50: note: insert '_Nonnull' if the pointer should never be null
 9894 | void VmaBlockMetadata_TLSF::RemoveFreeBlock(Block* block)
      |                                                  ^
      |                                                    _Nonnull
/data/data/com.termux/files/home/ExynosTools-LSFG/external/VulkanMemoryAllocator/include/vk_mem_alloc.h:9923:50: warning: pointer is missing a nullability type specifier (_Nonnull, _Nullable, or _Null_unspecified) [-Wnullability-completeness]
 9923 | void VmaBlockMetadata_TLSF::InsertFreeBlock(Block* block)
      |                                                  ^
/data/data/com.termux/files/home/ExynosTools-LSFG/external/VulkanMemoryAllocator/include/vk_mem_alloc.h:9923:50: note: insert '_Nullable' if the pointer may be null
 9923 | void VmaBlockMetadata_TLSF::InsertFreeBlock(Block* block)
      |                                                  ^
      |                                                    _Nullable
/data/data/com.termux/files/home/ExynosTools-LSFG/external/VulkanMemoryAllocator/include/vk_mem_alloc.h:9923:50: note: insert '_Nonnull' if the pointer should never be null
 9923 | void VmaBlockMetadata_TLSF::InsertFreeBlock(Block* block)
      |                                                  ^
      |                                                    _Nonnull
/data/data/com.termux/files/home/ExynosTools-LSFG/external/VulkanMemoryAllocator/include/vk_mem_alloc.h:9946:45: warning: pointer is missing a nullability type specifier (_Nonnull, _Nullable, or _Null_unspecified) [-Wnullability-completeness]
 9946 | void VmaBlockMetadata_TLSF::MergeBlock(Block* block, Block* prev)
      |                                             ^
/data/data/com.termux/files/home/ExynosTools-LSFG/external/VulkanMemoryAllocator/include/vk_mem_alloc.h:9946:45: note: insert '_Nullable' if the pointer may be null
 9946 | void VmaBlockMetadata_TLSF::MergeBlock(Block* block, Block* prev)
      |                                             ^
      |                                               _Nullable
/data/data/com.termux/files/home/ExynosTools-LSFG/external/VulkanMemoryAllocator/include/vk_mem_alloc.h:9946:45: note: insert '_Nonnull' if the pointer should never be null
 9946 | void VmaBlockMetadata_TLSF::MergeBlock(Block* block, Block* prev)
      |                                             ^
      |                                               _Nonnull
/data/data/com.termux/files/home/ExynosTools-LSFG/external/VulkanMemoryAllocator/include/vk_mem_alloc.h:9946:59: warning: pointer is missing a nullability type specifier (_Nonnull, _Nullable, or _Null_unspecified) [-Wnullability-completeness]
 9946 | void VmaBlockMetadata_TLSF::MergeBlock(Block* block, Block* prev)
      |                                                           ^
/data/data/com.termux/files/home/ExynosTools-LSFG/external/VulkanMemoryAllocator/include/vk_mem_alloc.h:9946:59: note: insert '_Nullable' if the pointer may be null
 9946 | void VmaBlockMetadata_TLSF::MergeBlock(Block* block, Block* prev)
      |                                                           ^
      |                                                             _Nullable
/data/data/com.termux/files/home/ExynosTools-LSFG/external/VulkanMemoryAllocator/include/vk_mem_alloc.h:9946:59: note: insert '_Nonnull' if the pointer should never be null
 9946 | void VmaBlockMetadata_TLSF::MergeBlock(Block* block, Block* prev)
      |                                                           ^
      |                                                             _Nonnull
/data/data/com.termux/files/home/ExynosTools-LSFG/external/VulkanMemoryAllocator/include/vk_mem_alloc.h:9959:29: warning: pointer is missing a nullability type specifier (_Nonnull, _Nullable, or _Null_unspecified) [-Wnullability-completeness]
 9959 | VmaBlockMetadata_TLSF::Block* VmaBlockMetadata_TLSF::FindFreeBlock(VkDeviceSize size, uint32_t& listIndex) const
      |                             ^
/data/data/com.termux/files/home/ExynosTools-LSFG/external/VulkanMemoryAllocator/include/vk_mem_alloc.h:9959:29: note: insert '_Nullable' if the pointer may be null
 9959 | VmaBlockMetadata_TLSF::Block* VmaBlockMetadata_TLSF::FindFreeBlock(VkDeviceSize size, uint32_t& listIndex) const
      |                             ^
      |                               _Nullable
/data/data/com.termux/files/home/ExynosTools-LSFG/external/VulkanMemoryAllocator/include/vk_mem_alloc.h:9959:29: note: insert '_Nonnull' if the pointer should never be null
 9959 | VmaBlockMetadata_TLSF::Block* VmaBlockMetadata_TLSF::FindFreeBlock(VkDeviceSize size, uint32_t& listIndex) const
      |                             ^
      |                               _Nonnull
/data/data/com.termux/files/home/ExynosTools-LSFG/external/VulkanMemoryAllocator/include/vk_mem_alloc.h:9987:25: warning: pointer is missing a nullability type specifier (_Nonnull, _Nullable, or _Null_unspecified) [-Wnullability-completeness]
  9987 |     VmaAllocationRequest* pAllocationRequest)
       |                         ^
/data/data/com.termux/files/home/ExynosTools-LSFG/external/VulkanMemoryAllocator/include/vk_mem_alloc.h:9987:25: note: insert '_Nullable' if the pointer may be null
  9987 |     VmaAllocationRequest* pAllocationRequest)
       |                         ^
       |                           _Nullable
/data/data/com.termux/files/home/ExynosTools-LSFG/external/VulkanMemoryAllocator/include/vk_mem_alloc.h:9987:25: note: insert '_Nonnull' if the pointer should never be null
  9987 |     VmaAllocationRequest* pAllocationRequest)
       |                         ^
       |                           _Nonnull
/data/data/com.termux/files/home/ExynosTools-LSFG/external/VulkanMemoryAllocator/include/vk_mem_alloc.h:10038:9: warning: pointer is missing a nullability type specifier (_Nonnull, _Nullable, or _Null_unspecified) [-Wnullability-completeness]
 10038 |         VmaAllocator hAllocator,
       |         ^
/data/data/com.termux/files/home/ExynosTools-LSFG/external/VulkanMemoryAllocator/include/vk_mem_alloc.h:10038:9: note: insert '_Nullable' if the pointer may be null
 10038 |         VmaAllocator hAllocator,
       |         ^
       |                      _Nullable
/data/data/com.termux/files/home/ExynosTools-LSFG/external/VulkanMemoryAllocator/include/vk_mem_alloc.h:10038:9: note: insert '_Nonnull' if the pointer should never be null
 10038 |         VmaAllocator hAllocator,
       |         ^
       |                      _Nonnull
/data/data/com.termux/files/home/ExynosTools-LSFG/external/VulkanMemoryAllocator/include/vk_mem_alloc.h:10039:9: warning: pointer is missing a nullability type specifier (_Nonnull, _Nullable, or _Null_unspecified) [-Wnullability-completeness]
 10039 |         VmaPool hParentPool,
       |         ^
/data/data/com.termux/files/home/ExynosTools-LSFG/external/VulkanMemoryAllocator/include/vk_mem_alloc.h:10039:9: note: insert '_Nullable' if the pointer may be null
 10039 |         VmaPool hParentPool,
       |         ^
       |                 _Nullable
/data/data/com.termux/files/home/ExynosTools-LSFG/external/VulkanMemoryAllocator/include/vk_mem_alloc.h:10039:9: note: insert '_Nonnull' if the pointer should never be null
 10039 |         VmaPool hParentPool,
       |         ^
       |                 _Nonnull
/data/data/com.termux/files/home/ExynosTools-LSFG/external/VulkanMemoryAllocator/include/vk_mem_alloc.h:10049:13: warning: pointer is missing a nullability type specifier (_Nonnull, _Nullable, or _Null_unspecified) [-Wnullability-completeness]
 10049 |         void* pMemoryAllocateNext);
       |             ^
/data/data/com.termux/files/home/ExynosTools-LSFG/external/VulkanMemoryAllocator/include/vk_mem_alloc.h:10049:13: note: insert '_Nullable' if the pointer may be null
 10049 |         void* pMemoryAllocateNext);
       |             ^
       |               _Nullable
/data/data/com.termux/files/home/ExynosTools-LSFG/external/VulkanMemoryAllocator/include/vk_mem_alloc.h:10049:13: note: insert '_Nonnull' if the pointer should never be null
 10049 |         void* pMemoryAllocateNext);
       |             ^
       |               _Nonnull
/data/data/com.termux/files/home/ExynosTools-LSFG/external/VulkanMemoryAllocator/include/vk_mem_alloc.h:10052:5: warning: pointer is missing a nullability type specifier (_Nonnull, _Nullable, or _Null_unspecified) [-Wnullability-completeness]
 10052 |     VmaAllocator GetAllocator() const { return m_hAllocator; }
       |     ^
/data/data/com.termux/files/home/ExynosTools-LSFG/external/VulkanMemoryAllocator/include/vk_mem_alloc.h:10052:5: note: insert '_Nullable' if the pointer may be null
 10052 |     VmaAllocator GetAllocator() const { return m_hAllocator; }
       |     ^
       |                  _Nullable
/data/data/com.termux/files/home/ExynosTools-LSFG/external/VulkanMemoryAllocator/include/vk_mem_alloc.h:10052:5: note: insert '_Nonnull' if the pointer should never be null
 10052 |     VmaAllocator GetAllocator() const { return m_hAllocator; }
       |     ^
       |                  _Nonnull
/data/data/com.termux/files/home/ExynosTools-LSFG/external/VulkanMemoryAllocator/include/vk_mem_alloc.h:10053:5: warning: pointer is missing a nullability type specifier (_Nonnull, _Nullable, or _Null_unspecified) [-Wnullability-completeness]
 10053 |     VmaPool GetParentPool() const { return m_hParentPool; }
       |     ^
/data/data/com.termux/files/home/ExynosTools-LSFG/external/VulkanMemoryAllocator/include/vk_mem_alloc.h:10053:5: note: insert '_Nullable' if the pointer may be null
 10053 |     VmaPool GetParentPool() const { return m_hParentPool; }
       |     ^
       |             _Nullable
/data/data/com.termux/files/home/ExynosTools-LSFG/external/VulkanMemoryAllocator/include/vk_mem_alloc.h:10053:5: note: insert '_Nonnull' if the pointer should never be null
 10053 |     VmaPool GetParentPool() const { return m_hParentPool; }
       |     ^
       |             _Nonnull
/data/data/com.termux/files/home/ExynosTools-LSFG/external/VulkanMemoryAllocator/include/vk_mem_alloc.h:10061:15: warning: pointer is missing a nullability type specifier (_Nonnull, _Nullable, or _Null_unspecified) [-Wnullability-completeness]
 10061 |     const void* GetAllocationNextPtr() const { return m_pMemoryAllocateNext; }
       |               ^
/data/data/com.termux/files/home/ExynosTools-LSFG/external/VulkanMemoryAllocator/include/vk_mem_alloc.h:10061:15: note: insert '_Nullable' if the pointer may be null
 10061 |     const void* GetAllocationNextPtr() const { return m_pMemoryAllocateNext; }
       |               ^
       |                 _Nullable
/data/data/com.termux/files/home/ExynosTools-LSFG/external/VulkanMemoryAllocator/include/vk_mem_alloc.h:10061:15: note: insert '_Nonnull' if the pointer should never be null
 10061 |     const void* GetAllocationNextPtr() const { return m_pMemoryAllocateNext; }
       |               ^
       |                 _Nonnull
/data/data/com.termux/files/home/ExynosTools-LSFG/external/VulkanMemoryAllocator/include/vk_mem_alloc.h:10065:25: warning: pointer is missing a nullability type specifier (_Nonnull, _Nullable, or _Null_unspecified) [-Wnullability-completeness]
 10065 |     VmaDeviceMemoryBlock* GetBlock(size_t index) const { return m_Blocks[index]; }
       |                         ^
/data/data/com.termux/files/home/ExynosTools-LSFG/external/VulkanMemoryAllocator/include/vk_mem_alloc.h:10065:25: note: insert '_Nullable' if the pointer may be null
 10065 |     VmaDeviceMemoryBlock* GetBlock(size_t index) const { return m_Blocks[index]; }
       |                         ^
       |                           _Nullable
/data/data/com.termux/files/home/ExynosTools-LSFG/external/VulkanMemoryAllocator/include/vk_mem_alloc.h:10065:25: note: insert '_Nonnull' if the pointer should never be null
 10065 |     VmaDeviceMemoryBlock* GetBlock(size_t index) const { return m_Blocks[index]; }
       |                         ^
       |                           _Nonnull
/data/data/com.termux/files/home/ExynosTools-LSFG/external/VulkanMemoryAllocator/include/vk_mem_alloc.h:10080:9: warning: pointer is missing a nullability type specifier (_Nonnull, _Nullable, or _Null_unspecified) [-Wnullability-completeness]
 10080 |         VmaAllocation* pAllocations);
       |         ^
/data/data/com.termux/files/home/ExynosTools-LSFG/external/VulkanMemoryAllocator/include/vk_mem_alloc.h:10080:9: note: insert '_Nullable' if the pointer may be null
 10080 |         VmaAllocation* pAllocations);
       |         ^            
       |                       _Nullable 
/data/data/com.termux/files/home/ExynosTools-LSFG/external/VulkanMemoryAllocator/include/vk_mem_alloc.h:10080:9: note: insert '_Nonnull' if the pointer should never be null
 10080 |         VmaAllocation* pAllocations);
       |         ^            
       |                       _Nonnull 
/data/data/com.termux/files/home/ExynosTools-LSFG/external/VulkanMemoryAllocator/include/vk_mem_alloc.h:10080:22: warning: pointer is missing a nullability type specifier (_Nonnull, _Nullable, or _Null_unspecified) [-Wnullability-completeness]
 10080 |         VmaAllocation* pAllocations);
       |                      ^
/data/data/com.termux/files/home/ExynosTools-LSFG/external/VulkanMemoryAllocator/include/vk_mem_alloc.h:10080:22: note: insert '_Nullable' if the pointer may be null
 10080 |         VmaAllocation* pAllocations);
       |                      ^
       |                        _Nullable
/data/data/com.termux/files/home/ExynosTools-LSFG/external/VulkanMemoryAllocator/include/vk_mem_alloc.h:10080:22: note: insert '_Nonnull' if the pointer should never be null
 10080 |         VmaAllocation* pAllocations);
       |                      ^
       |                        _Nonnull
/data/data/com.termux/files/home/ExynosTools-LSFG/external/VulkanMemoryAllocator/include/vk_mem_alloc.h:10082:15: warning: pointer is missing a nullability type specifier (_Nonnull, _Nullable, or _Null_unspecified) [-Wnullability-completeness]
 10082 |     void Free(VmaAllocation hAllocation);
       |               ^
/data/data/com.termux/files/home/ExynosTools-LSFG/external/VulkanMemoryAllocator/include/vk_mem_alloc.h:10082:15: note: insert '_Nullable' if the pointer may be null
 10082 |     void Free(VmaAllocation hAllocation);
       |               ^
       |                             _Nullable
/data/data/com.termux/files/home/ExynosTools-LSFG/external/VulkanMemoryAllocator/include/vk_mem_alloc.h:10082:15: note: insert '_Nonnull' if the pointer should never be null
 10082 |     void Free(VmaAllocation hAllocation);
       |               ^
       |                             _Nonnull
/data/data/com.termux/files/home/ExynosTools-LSFG/external/VulkanMemoryAllocator/include/vk_mem_alloc.h:10091:11: warning: pointer is missing a nullability type specifier (_Nonnull, _Nullable, or _Null_unspecified) [-Wnullability-completeness]
 10091 |     const VmaAllocator m_hAllocator;
       |           ^
/data/data/com.termux/files/home/ExynosTools-LSFG/external/VulkanMemoryAllocator/include/vk_mem_alloc.h:10091:11: note: insert '_Nullable' if the pointer may be null
 10091 |     const VmaAllocator m_hAllocator;
       |           ^
       |                        _Nullable
/data/data/com.termux/files/home/ExynosTools-LSFG/external/VulkanMemoryAllocator/include/vk_mem_alloc.h:10091:11: note: insert '_Nonnull' if the pointer should never be null
 10091 |     const VmaAllocator m_hAllocator;
       |           ^
       |                        _Nonnull
/data/data/com.termux/files/home/ExynosTools-LSFG/external/VulkanMemoryAllocator/include/vk_mem_alloc.h:10092:11: warning: pointer is missing a nullability type specifier (_Nonnull, _Nullable, or _Null_unspecified) [-Wnullability-completeness]
 10092 |     const VmaPool m_hParentPool;
       |           ^
/data/data/com.termux/files/home/ExynosTools-LSFG/external/VulkanMemoryAllocator/include/vk_mem_alloc.h:10092:11: note: insert '_Nullable' if the pointer may be null
 10092 |     const VmaPool m_hParentPool;
       |           ^
       |                   _Nullable
/data/data/com.termux/files/home/ExynosTools-LSFG/external/VulkanMemoryAllocator/include/vk_mem_alloc.h:10092:11: note: insert '_Nonnull' if the pointer should never be null
 10092 |     const VmaPool m_hParentPool;
       |           ^
       |                   _Nonnull
/data/data/com.termux/files/home/ExynosTools-LSFG/external/VulkanMemoryAllocator/include/vk_mem_alloc.h:10103:9: warning: pointer is missing a nullability type specifier (_Nonnull, _Nullable, or _Null_unspecified) [-Wnullability-completeness]
 10103 |     void* const m_pMemoryAllocateNext;
       |         ^
/data/data/com.termux/files/home/ExynosTools-LSFG/external/VulkanMemoryAllocator/include/vk_mem_alloc.h:10103:9: note: insert '_Nullable' if the pointer may be null
 10103 |     void* const m_pMemoryAllocateNext;
       |         ^
       |           _Nullable
/data/data/com.termux/files/home/ExynosTools-LSFG/external/VulkanMemoryAllocator/include/vk_mem_alloc.h:10103:9: note: insert '_Nonnull' if the pointer should never be null
 10103 |     void* const m_pMemoryAllocateNext;
       |         ^
       |           _Nonnull
/data/data/com.termux/files/home/ExynosTools-LSFG/external/VulkanMemoryAllocator/include/vk_mem_alloc.h:10114:37: warning: pointer is missing a nullability type specifier (_Nonnull, _Nullable, or _Null_unspecified) [-Wnullability-completeness]
 10114 |     void Remove(VmaDeviceMemoryBlock* pBlock);
       |                                     ^
/data/data/com.termux/files/home/ExynosTools-LSFG/external/VulkanMemoryAllocator/include/vk_mem_alloc.h:10114:37: note: insert '_Nullable' if the pointer may be null
 10114 |     void Remove(VmaDeviceMemoryBlock* pBlock);
       |                                     ^
       |                                       _Nullable
/data/data/com.termux/files/home/ExynosTools-LSFG/external/VulkanMemoryAllocator/include/vk_mem_alloc.h:10114:37: note: insert '_Nonnull' if the pointer should never be null
 10114 |     void Remove(VmaDeviceMemoryBlock* pBlock);
       |                                     ^
       |                                       _Nonnull
/data/data/com.termux/files/home/ExynosTools-LSFG/external/VulkanMemoryAllocator/include/vk_mem_alloc.h:10125:9: warning: pointer is missing a nullability type specifier (_Nonnull, _Nullable, or _Null_unspecified) [-Wnullability-completeness]
 10125 |         VmaAllocation* pAllocation);
       |         ^
/data/data/com.termux/files/home/ExynosTools-LSFG/external/VulkanMemoryAllocator/include/vk_mem_alloc.h:10125:9: note: insert '_Nullable' if the pointer may be null
 10125 |         VmaAllocation* pAllocation);
       |         ^            
       |                       _Nullable 
/data/data/com.termux/files/home/ExynosTools-LSFG/external/VulkanMemoryAllocator/include/vk_mem_alloc.h:10125:9: note: insert '_Nonnull' if the pointer should never be null
 10125 |         VmaAllocation* pAllocation);
       |         ^            
       |                       _Nonnull 
/data/data/com.termux/files/home/ExynosTools-LSFG/external/VulkanMemoryAllocator/include/vk_mem_alloc.h:10125:22: warning: pointer is missing a nullability type specifier (_Nonnull, _Nullable, or _Null_unspecified) [-Wnullability-completeness]
 10125 |         VmaAllocation* pAllocation);
       |                      ^
/data/data/com.termux/files/home/ExynosTools-LSFG/external/VulkanMemoryAllocator/include/vk_mem_alloc.h:10125:22: note: insert '_Nullable' if the pointer may be null
 10125 |         VmaAllocation* pAllocation);
       |                      ^
       |                        _Nullable
/data/data/com.termux/files/home/ExynosTools-LSFG/external/VulkanMemoryAllocator/include/vk_mem_alloc.h:10125:22: note: insert '_Nonnull' if the pointer should never be null
 10125 |         VmaAllocation* pAllocation);
       |                      ^
       |                        _Nonnull
/data/data/com.termux/files/home/ExynosTools-LSFG/external/VulkanMemoryAllocator/include/vk_mem_alloc.h:10128:29: warning: pointer is missing a nullability type specifier (_Nonnull, _Nullable, or _Null_unspecified) [-Wnullability-completeness]
 10128 |         VmaDeviceMemoryBlock* pBlock,
       |                             ^
/data/data/com.termux/files/home/ExynosTools-LSFG/external/VulkanMemoryAllocator/include/vk_mem_alloc.h:10128:[ 67%] Building CXX object CMakeFiles/VkLayer_VortekXclipse.dir/src/layer/layer_command_buffer_hooks.cpp.o
/data/data/com.termux/files/usr/bin/clang++ --target=aarch64-linux-android26 --sysroot=/data/data/com.termux/files/home/android-ndk-r27c/toolchains/llvm/prebuilt/linux-x86_64/sysroot -DVkLayer_VortekXclipse_EXPORTS -I/data/data/com.termux/files/home/ExynosTools-LSFG/include -I/data/data/com.termux/files/home/ExynosTools-LSFG/third_party/bcdec -I/data/data/com.termux/files/home/Vulkan-Headers/include -I/data/data/com.termux/files/home/Vulkan-Utility-Libraries/include -I/data/data/com.termux/files/home/ExynosTools-LSFG/external/VulkanMemoryAllocator/include -I/data/data/com.termux/files/home/ExynosTools-LSFG/build-lsfg-termux/generated -stdlib=libc++ -O3 -DNDEBUG -std=c++17 -fPIC -fvisibility=hidden -fvisibility-inlines-hidden -MD -MT CMakeFiles/VkLayer_VortekXclipse.dir/src/layer/layer_command_buffer_hooks.cpp.o -MF CMakeFiles/VkLayer_VortekXclipse.dir/src/layer/layer_command_buffer_hooks.cpp.o.d -o CMakeFiles/VkLayer_VortekXclipse.dir/src/layer/layer_command_buffer_hooks.cpp.o -c /data/data/com.termux/files/home/ExynosTools-LSFG/src/layer/layer_command_buffer_hooks.cpp
29: note: insert '_Nullable' if the pointer may be null
 10128 |         VmaDeviceMemoryBlock* pBlock,
       |                             ^
       |                               _Nullable
/data/data/com.termux/files/home/ExynosTools-LSFG/external/VulkanMemoryAllocator/include/vk_mem_alloc.h:10128:29: note: insert '_Nonnull' if the pointer should never be null
 10128 |         VmaDeviceMemoryBlock* pBlock,
       |                             ^
       |                               _Nonnull
/data/data/com.termux/files/home/ExynosTools-LSFG/external/VulkanMemoryAllocator/include/vk_mem_alloc.h:10132:13: warning: pointer is missing a nullability type specifier (_Nonnull, _Nullable, or _Null_unspecified) [-Wnullability-completeness]
 10132 |         void* pUserData,
       |             ^
/data/data/com.termux/files/home/ExynosTools-LSFG/external/VulkanMemoryAllocator/include/vk_mem_alloc.h:10132:13: note: insert '_Nullable' if the pointer may be null
 10132 |         void* pUserData,
       |             ^
       |               _Nullable
/data/data/com.termux/files/home/ExynosTools-LSFG/external/VulkanMemoryAllocator/include/vk_mem_alloc.h:10132:13: note: insert '_Nonnull' if the pointer should never be null
 10132 |         void* pUserData,
       |             ^
       |               _Nonnull
/data/data/com.termux/files/home/ExynosTools-LSFG/external/VulkanMemoryAllocator/include/vk_mem_alloc.h:10135:9: warning: pointer is missing a nullability type specifier (_Nonnull, _Nullable, or _Null_unspecified) [-Wnullability-completeness]
 10135 |         VmaAllocation* pAllocation);
       |         ^
/data/data/com.termux/files/home/ExynosTools-LSFG/external/VulkanMemoryAllocator/include/vk_mem_alloc.h:10135:9: note: insert '_Nullable' if the pointer may be null
 10135 |         VmaAllocation* pAllocation);
       |         ^            
       |                       _Nullable 
/data/data/com.termux/files/home/ExynosTools-LSFG/external/VulkanMemoryAllocator/include/vk_mem_alloc.h:10135:9: note: insert '_Nonnull' if the pointer should never be null
 10135 |         VmaAllocation* pAllocation);
       |         ^            
       |                       _Nonnull 
/data/data/com.termux/files/home/ExynosTools-LSFG/external/VulkanMemoryAllocator/include/vk_mem_alloc.h:10135:22: warning: pointer is missing a nullability type specifier (_Nonnull, _Nullable, or _Null_unspecified) [-Wnullability-completeness]
 10135 |         VmaAllocation* pAllocation);
       |                      ^
/data/data/com.termux/files/home/ExynosTools-LSFG/external/VulkanMemoryAllocator/include/vk_mem_alloc.h:10135:22: note: insert '_Nullable' if the pointer may be null
 10135 |         VmaAllocation* pAllocation);
       |                      ^
       |                        _Nullable
/data/data/com.termux/files/home/ExynosTools-LSFG/external/VulkanMemoryAllocator/include/vk_mem_alloc.h:10135:22: note: insert '_Nonnull' if the pointer should never be null
 10135 |         VmaAllocation* pAllocation);
       |                      ^
       |                        _Nonnull
/data/data/com.termux/files/home/ExynosTools-LSFG/external/VulkanMemoryAllocator/include/vk_mem_alloc.h:10139:29: warning: pointer is missing a nullability type specifier (_Nonnull, _Nullable, or _Null_unspecified) [-Wnullability-completeness]
 10139 |         VmaDeviceMemoryBlock* pBlock,
       |                             ^
/data/data/com.termux/files/home/ExynosTools-LSFG/external/VulkanMemoryAllocator/include/vk_mem_alloc.h:10139:29: note: insert '_Nullable' if the pointer may be null
 10139 |         VmaDeviceMemoryBlock* pBlock,
       |                             ^
       |                               _Nullable
/data/data/com.termux/files/home/ExynosTools-LSFG/external/VulkanMemoryAllocator/include/vk_mem_alloc.h:10139:29: note: insert '_Nonnull' if the pointer should never be null
 10139 |         VmaDeviceMemoryBlock* pBlock,
       |                             ^
       |                               _Nonnull
/data/data/com.termux/files/home/ExynosTools-LSFG/external/VulkanMemoryAllocator/include/vk_mem_alloc.h:10142:13: warning: pointer is missing a nullability type specifier (_Nonnull, _Nullable, or _Null_unspecified) [-Wnullability-completeness]
 10142 |         void* pUserData,
       |             ^
/data/data/com.termux/files/home/ExynosTools-LSFG/external/VulkanMemoryAllocator/include/vk_mem_alloc.h:10142:13: note: insert '_Nullable' if the pointer may be null
 10142 |         void* pUserData,
       |             ^
       |               _Nullable
/data/data/com.termux/files/home/ExynosTools-LSFG/external/VulkanMemoryAllocator/include/vk_mem_alloc.h:10142:13: note: insert '_Nonnull' if the pointer should never be null
 10142 |         void* pUserData,
       |             ^
       |               _Nonnull
/data/data/com.termux/files/home/ExynosTools-LSFG/external/VulkanMemoryAllocator/include/vk_mem_alloc.h:10144:9: warning: pointer is missing a nullability type specifier (_Nonnull, _Nullable, or _Null_unspecified) [-Wnullability-completeness]
 10144 |         VmaAllocation* pAllocation);
       |         ^
/data/data/com.termux/files/home/ExynosTools-LSFG/external/VulkanMemoryAllocator/include/vk_mem_alloc.h:10144:9: note: insert '_Nullable' if the pointer may be null
 10144 |         VmaAllocation* pAllocation);
       |         ^            
       |                       _Nullable 
/data/data/com.termux/files/home/ExynosTools-LSFG/external/VulkanMemoryAllocator/include/vk_mem_alloc.h:10144:9: note: insert '_Nonnull' if the pointer should never be null
 10144 |         VmaAllocation* pAllocation);
       |         ^            
       |                       _Nonnull 
/data/data/com.termux/files/home/ExynosTools-LSFG/external/VulkanMemoryAllocator/include/vk_mem_alloc.h:10144:22: warning: pointer is missing a nullability type specifier (_Nonnull, _Nullable, or _Null_unspecified) [-Wnullability-completeness]
 10144 |         VmaAllocation* pAllocation);
       |                      ^
/data/data/com.termux/files/home/ExynosTools-LSFG/external/VulkanMemoryAllocator/include/vk_mem_alloc.h:10144:22: note: insert '_Nullable' if the pointer may be null
 10144 |         VmaAllocation* pAllocation);
       |                      ^
       |                        _Nullable
/data/data/com.termux/files/home/ExynosTools-LSFG/external/VulkanMemoryAllocator/include/vk_mem_alloc.h:10144:22: note: insert '_Nonnull' if the pointer should never be null
 10144 |         VmaAllocation* pAllocation);
       |                      ^
       |                        _Nonnull
/data/data/com.termux/files/home/ExynosTools-LSFG/external/VulkanMemoryAllocator/include/vk_mem_alloc.h:10146:56: warning: pointer is missing a nullability type specifier (_Nonnull, _Nullable, or _Null_unspecified) [-Wnullability-completeness]
 10146 |     VkResult CreateBlock(VkDeviceSize blockSize, size_t* pNewBlockIndex);
       |                                                        ^
/data/data/com.termux/files/home/ExynosTools-LSFG/external/VulkanMemoryAllocator/include/vk_mem_alloc.h:10146:56: note: insert '_Nullable' if the pointer may be null
 10146 |     VkResult CreateBlock(VkDeviceSize blockSize, size_t* pNewBlockIndex);
       |                                                        ^
       |                                                          _Nullable
/data/data/com.termux/files/home/ExynosTools-LSFG/external/VulkanMemoryAllocator/include/vk_mem_alloc.h:10146:56: note: insert '_Nonnull' if the pointer should never be null
 10146 |     VkResult CreateBlock(VkDeviceSize blockSize, size_t* pNewBlockIndex);
       |                                                        ^
       |                                                          _Nonnull
/data/data/com.termux/files/home/ExynosTools-LSFG/external/VulkanMemoryAllocator/include/vk_mem_alloc.h:10157:9: warning: pointer is missing a nullability type specifier (_Nonnull, _Nullable, or _Null_unspecified) [-Wnullability-completeness]
 10157 |         VmaAllocator hAllocator,
       |         ^
/data/data/com.termux/files/home/ExynosTools-LSFG/external/VulkanMemoryAllocator/include/vk_mem_alloc.h:10157:9: note: insert '_Nullable' if the pointer may be null
 10157 |         VmaAllocator hAllocator,
       |         ^
       |                      _Nullable
/data/data/com.termux/files/home/ExynosTools-LSFG/external/VulkanMemoryAllocator/include/vk_mem_alloc.h:10157:9: note: insert '_Nonnull' if the pointer should never be null
 10157 |         VmaAllocator hAllocator,
       |         ^
       |                      _Nonnull
/data/data/com.termux/files/home/ExynosTools-LSFG/external/VulkanMemoryAllocator/include/vk_mem_alloc.h:10174:29: warning: pointer is missing a nullability type specifier (_Nonnull, _Nullable, or _Null_unspecified) [-Wnullability-completeness]
 10174 |         VmaDeviceMemoryBlock* block;
       |                             ^
/data/data/com.termux/files/home/ExynosTools-LSFG/external/VulkanMemoryAllocator/include/vk_mem_alloc.h:10174:29: note: insert '_Nullable' if the pointer may be null
 10174 |         VmaDeviceMemoryBlock* block;
       |                             ^
       |                               _Nullable
/data/data/com.termux/files/home/ExynosTools-LSFG/external/VulkanMemoryAllocator/include/vk_mem_alloc.h:10174:29: note: insert '_Nonnull' if the pointer should never be null
 10174 |         VmaDeviceMemoryBlock* block;
       |                             ^
       |                               _Nonnull
/data/data/com.termux/files/home/ExynosTools-LSFG/external/VulkanMemoryAllocator/include/vk_mem_alloc.h:10204:11: warning: pointer is missing a nullability type specifier (_Nonnull, _Nullable, or _Null_unspecified) [-Wnullability-completeness]
 10204 |     const PFN_vmaCheckDefragmentationBreakFunction m_BreakCallback;
       |           ^
/data/data/com.termux/files/home/ExynosTools-LSFG/external/VulkanMemoryAllocator/include/vk_mem_alloc.h:10204:11: note: insert '_Nullable' if the pointer may be null
 10204 |     const PFN_vmaCheckDefragmentationBreakFunction m_BreakCallback;
       |           ^
       |                                                    _Nullable
/data/data/com.termux/files/home/ExynosTools-LSFG/external/VulkanMemoryAllocator/include/vk_mem_alloc.h:10204:11: note: insert '_Nonnull' if the pointer should never be null
 10204 |     const PFN_vmaCheckDefragmentationBreakFunction m_BreakCallback;
       |           ^
       |                                                    _Nonnull
/data/data/com.termux/files/home/ExynosTools-LSFG/external/VulkanMemoryAllocator/include/vk_mem_alloc.h:10205:9: warning: pointer is missing a nullability type specifier (_Nonnull, _Nullable, or _Null_unspecified) [-Wnullability-completeness]
 10205 |     void* m_BreakCallbackUserData;
       |         ^
/data/data/com.termux/files/home/ExynosTools-LSFG/external/VulkanMemoryAllocator/include/vk_mem_alloc.h:10205:9: note: insert '_Nullable' if the pointer may be null
 10205 |     void* m_BreakCallbackUserData;
       |         ^
       |           _Nullable
/data/data/com.termux/files/home/ExynosTools-LSFG/external/VulkanMemoryAllocator/include/vk_mem_alloc.h:10205:9: note: insert '_Nonnull' if the pointer should never be null
 10205 |     void* m_BreakCallbackUserData;
       |         ^
       |           _Nonnull
/data/data/com.termux/files/home/ExynosTools-LSFG/external/VulkanMemoryAllocator/include/vk_mem_alloc.h:10213:19: warning: pointer is missing a nullability type specifier (_Nonnull, _Nullable, or _Null_unspecified) [-Wnullability-completeness]
 10213 |     VmaBlockVector* m_PoolBlockVector;
       |                   ^
/data/data/com.termux/files/home/ExynosTools-LSFG/external/VulkanMemoryAllocator/include/vk_mem_alloc.h:10213:19: note: insert '_Nullable' if the pointer may be null
 10213 |     VmaBlockVector* m_PoolBlockVector;
       |                   ^
       |                     _Nullable
/data/data/com.termux/files/home/ExynosTools-LSFG/external/VulkanMemoryAllocator/include/vk_mem_alloc.h:10213:19: note: insert '_Nonnull' if the pointer should never be null
 10213 |     VmaBlockVector* m_PoolBlockVector;
       |                   ^
       |                     _Nonnull
/data/data/com.termux/files/home/ExynosTools-LSFG/external/VulkanMemoryAllocator/include/vk_mem_alloc.h:10214:19: warning: pointer is missing a nullability type specifier (_Nonnull, _Nullable, or _Null_unspecified) [-Wnullability-completeness]
 10214 |     VmaBlockVector** m_pBlockVectors;
       |                   ^
/data/data/com.termux/files/home/ExynosTools-LSFG/external/VulkanMemoryAllocator/include/vk_mem_alloc.h:10214:19: note: insert '_Nullable' if the pointer may be null
 10214 |     VmaBlockVector** m_pBlockVectors;
       |                   ^
       |                    _Nullable
/data/data/com.termux/files/home/ExynosTools-LSFG/external/VulkanMemoryAllocator/include/vk_mem_alloc.h:10214:19: note: insert '_Nonnull' if the pointer should never be null
 10214 |     VmaBlockVector** m_pBlockVectors;
       |                   ^
       |                    _Nonnull
/data/data/com.termux/files/home/ExynosTools-LSFG/external/VulkanMemoryAllocator/include/vk_mem_alloc.h:10214:20: warning: pointer is missing a nullability type specifier (_Nonnull, _Nullable, or _Null_unspecified) [-Wnullability-completeness]
 10214 |     VmaBlockVector** m_pBlockVectors;
       |                    ^
/data/data/com.termux/files/home/ExynosTools-LSFG/external/VulkanMemoryAllocator/include/vk_mem_alloc.h:10214:20: note: insert '_Nullable' if the pointer may be null
 10214 |     VmaBlockVector** m_pBlockVectors;
       |                    ^
       |                      _Nullable
/data/data/com.termux/files/home/ExynosTools-LSFG/external/VulkanMemoryAllocator/include/vk_mem_alloc.h:10214:20: note: insert '_Nonnull' if the pointer should never be null
 10214 |     VmaBlockVector** m_pBlockVectors;
       |                    ^
       |                      _Nonnull
/data/data/com.termux/files/home/ExynosTools-LSFG/external/VulkanMemoryAllocator/include/vk_mem_alloc.h:10218:9: warning: pointer is missing a nullability type specifier (_Nonnull, _Nullable, or _Null_unspecified) [-Wnullability-completeness]
 10218 |     void* m_AlgorithmState = VMA_NULL;
       |         ^
/data/data/com.termux/files/home/ExynosTools-LSFG/external/VulkanMemoryAllocator/include/vk_mem_alloc.h:10218:9: note: insert '_Nullable' if the pointer may be null
 10218 |     void* m_AlgorithmState = VMA_NULL;
       |         ^
       |           _Nullable
/data/data/com.termux/files/home/ExynosTools-LSFG/external/VulkanMemoryAllocator/include/vk_mem_alloc.h:10218:9: note: insert '_Nonnull' if the pointer should never be null
 10218 |     void* m_AlgorithmState = VMA_NULL;
       |         ^
       |           _Nonnull
/data/data/com.termux/files/home/ExynosTools-LSFG/external/VulkanMemoryAllocator/include/vk_mem_alloc.h:10220:43: warning: pointer is missing a nullability type specifier (_Nonnull, _Nullable, or _Null_unspecified) [-Wnullability-completeness]
 10220 |     static MoveAllocationData GetMoveData(VmaAllocHandle handle, VmaBlockMetadata* metadata);
       |                                           ^
/data/data/com.termux/files/home/ExynosTools-LSFG/external/VulkanMemoryAllocator/include/vk_mem_alloc.h:10220:43: note: insert '_Nullable' if the pointer may be null
 10220 |     static MoveAllocationData GetMoveData(VmaAllocHandle handle, VmaBlockMetadata* metadata);
       |                                           ^
       |                                                          _Nullable
/data/data/com.termux/files/home/ExynosTools-LSFG/external/VulkanMemoryAllocator/include/vk_mem_alloc.h:10220:43: note: insert '_Nonnull' if the pointer should never be null
 10220 |     static MoveAllocationData GetMoveData(VmaAllocHandle handle, VmaBlockMetadata* metadata);
       |                                           ^
       |                                                          _Nonnull
/data/data/com.termux/files/home/ExynosTools-LSFG/external/VulkanMemoryAllocator/include/vk_mem_alloc.h:10220:82: warning: pointer is missing a nullability type specifier (_Nonnull, _Nullable, or _Null_unspecified) [-Wnullability-completeness]
 10220 |     static MoveAllocationData GetMoveData(VmaAllocHandle handle, VmaBlockMetadata* metadata);
       |                                                                                  ^
/data/data/com.termux/files/home/ExynosTools-LSFG/external/VulkanMemoryAllocator/include/vk_mem_alloc.h:10220:82: note: insert '_Nullable' if the pointer may be null
 10220 |     static MoveAllocationData GetMoveData(VmaAllocHandle handle, VmaBlockMetadata* metadata);
       |                                                                                  ^
       |                                                                                    _Nullable
/data/data/com.termux/files/home/ExynosTools-LSFG/external/VulkanMemoryAllocator/include/vk_mem_alloc.h:10220:82: note: insert '_Nonnull' if the pointer should never be null
 10220 |     static MoveAllocationData GetMoveData(VmaAllocHandle handle, VmaBlockMetadata* metadata);
       |                                                                                  ^
       |                                                                                    _Nonnull
/data/data/com.termux/files/home/ExynosTools-LSFG/external/VulkanMemoryAllocator/include/vk_mem_alloc.h:10223:73: warning: pointer is missing a nullability type specifier (_Nonnull, _Nullable, or _Null_unspecified) [-Wnullability-completeness]
 10223 |     bool ReallocWithinBlock(VmaBlockVector& vector, VmaDeviceMemoryBlock* block);
       |                                                                         ^
/data/data/com.termux/files/home/ExynosTools-LSFG/external/VulkanMemoryAllocator/include/vk_mem_alloc.h:10223:73: note: insert '_Nullable' if the pointer may be null
 10223 |     bool ReallocWithinBlock(VmaBlockVector& vector, VmaDeviceMemoryBlock* block);
       |                                                                         ^
       |                                                                           _Nullable
/data/data/com.termux/files/home/ExynosTools-LSFG/external/VulkanMemoryAllocator/include/vk_mem_alloc.h:10223:73: note: insert '_Nonnull' if the pointer should never be null
 10223 |     bool ReallocWithinBlock(VmaBlockVector& vector, VmaDeviceMemoryBlock* block);
       |                                                                         ^
       |                                                                           _Nonnull
/data/data/com.termux/files/home/ExynosTools-LSFG/external/VulkanMemoryAllocator/include/vk_mem_alloc.h:10249:9: warning: pointer is missing a nullability type specifier (_Nonnull, _Nullable, or _Null_unspecified) [-Wnullability-completeness]
 10249 |         VmaAllocator hAllocator,
       |         ^
/data/data/com.termux/files/home/ExynosTools-LSFG/external/VulkanMemoryAllocator/include/vk_mem_alloc.h:10249:9: note: insert '_Nullable' if the pointer may be null
 10249 |         VmaAllocator hAllocator,
       |         ^
       |                      _Nullable
/data/data/com.termux/files/home/ExynosTools-LSFG/external/VulkanMemoryAllocator/include/vk_mem_alloc.h:10249:9: note: insert '_Nonnull' if the pointer should never be null
 10249 |         VmaAllocator hAllocator,
       |         ^
       |                      _Nonnull
/data/data/com.termux/files/home/ExynosTools-LSFG/external/VulkanMemoryAllocator/include/vk_mem_alloc.h:10257:15: warning: pointer is missing a nullability type specifier (_Nonnull, _Nullable, or _Null_unspecified) [-Wnullability-completeness]
 10257 |     const char* GetName() const { return m_Name; }
       |               ^
/data/data/com.termux/files/home/ExynosTools-LSFG/external/VulkanMemoryAllocator/include/vk_mem_alloc.h:10257:15: note: insert '_Nullable' if the pointer may be null
 10257 |     const char* GetName() const { return m_Name; }
       |               ^
       |                 _Nullable
/data/data/com.termux/files/home/ExynosTools-LSFG/external/VulkanMemoryAllocator/include/vk_mem_alloc.h:10257:15: note: insert '_Nonnull' if the pointer should never be null
 10257 |     const char* GetName() const { return m_Name; }
       |               ^
       |                 _Nonnull
/data/data/com.termux/files/home/ExynosTools-LSFG/external/VulkanMemoryAllocator/include/vk_mem_alloc.h:10258:28: warning: pointer is missing a nullability type specifier (_Nonnull, _Nullable, or _Null_unspecified) [-Wnullability-completeness]
 10258 |     void SetName(const char* pName);
       |                            ^
/data/data/com.termux/files/home/ExynosTools-LSFG/external/VulkanMemoryAllocator/include/vk_mem_alloc.h:10258:28: note: insert '_Nullable' if the pointer may be null
 10258 |     void SetName(const char* pName);
       |                            ^
       |                              _Nullable
/data/data/com.termux/files/home/ExynosTools-LSFG/external/VulkanMemoryAllocator/include/vk_mem_alloc.h:10258:28: note: insert '_Nonnull' if the pointer should never be null
 10258 |     void SetName(const char* pName);
       |                            ^
       |                              _Nonnull
/data/data/com.termux/files/home/ExynosTools-LSFG/external/VulkanMemoryAllocator/include/vk_mem_alloc.h:10266:9: warning: pointer is missing a nullability type specifier (_Nonnull, _Nullable, or _Null_unspecified) [-Wnullability-completeness]
 10266 |     char* m_Name;
       |         ^
/data/data/com.termux/files/home/ExynosTools-LSFG/external/VulkanMemoryAllocator/include/vk_mem_alloc.h:10266:9: note: insert '_Nullable' if the pointer may be null
 10266 |     char* m_Name;
       |         ^
       |           _Nullable
/data/data/com.termux/files/home/ExynosTools-LSFG/external/VulkanMemoryAllocator/include/vk_mem_alloc.h:10266:9: note: insert '_Nonnull' if the pointer should never be null
 10266 |     char* m_Name;
       |         ^
       |           _Nonnull
/data/data/com.termux/files/home/ExynosTools-LSFG/external/VulkanMemoryAllocator/include/vk_mem_alloc.h:10267:14: warning: pointer is missing a nullability type specifier (_Nonnull, _Nullable, or _Null_unspecified) [-Wnullability-completeness]
 10267 |     VmaPool_T* m_PrevPool = VMA_NULL;
       |              ^
/data/data/com.termux/files/home/ExynosTools-LSFG/external/VulkanMemoryAllocator/include/vk_mem_alloc.h:10267:14: note: insert '_Nullable' if the pointer may be null
 10267 |     VmaPool_T* m_PrevPool = VMA_NULL;
       |              ^
       |                _Nullable
/data/data/com.termux/files/home/ExynosTools-LSFG/external/VulkanMemoryAllocator/include/vk_mem_alloc.h:10267:14: note: insert '_Nonnull' if the pointer should never be null
 10267 |     VmaPool_T* m_PrevPool = VMA_NULL;
       |              ^
       |                _Nonnull
/data/data/com.termux/files/home/ExynosTools-LSFG/external/VulkanMemoryAllocator/include/vk_mem_alloc.h:10268:14: warning: pointer is missing a nullability type specifier (_Nonnull, _Nullable, or _Null_unspecified) [-Wnullability-completeness]
 10268 |     VmaPool_T* m_NextPool = VMA_NULL;
       |              ^
/data/data/com.termux/files/home/ExynosTools-LSFG/external/VulkanMemoryAllocator/include/vk_mem_alloc.h:10268:14: note: insert '_Nullable' if the pointer may be null
 10268 |     VmaPool_T* m_NextPool = VMA_NULL;
       |              ^
       |                _Nullable
/data/data/com.termux/files/home/ExynosTools-LSFG/external/VulkanMemoryAllocator/include/vk_mem_alloc.h:10268:14: note: insert '_Nonnull' if the pointer should never be null
 10268 |     VmaPool_T* m_NextPool = VMA_NULL;
       |              ^
       |                _Nonnull
/data/data/com.termux/files/home/ExynosTools-LSFG/external/VulkanMemoryAllocator/include/vk_mem_alloc.h:10275:44: warning: pointer is missing a nullability type specifier (_Nonnull, _Nullable, or _Null_unspecified) [-Wnullability-completeness]
 10275 |     static ItemType* GetPrev(const ItemType* item) { return item->m_PrevPool; }
       |                                            ^
/data/data/com.termux/files/home/ExynosTools-LSFG/external/VulkanMemoryAllocator/include/vk_mem_alloc.h:10275:44: note: insert '_Nullable' if the pointer may be null
 10275 |     static ItemType* GetPrev(const ItemType* item) { return item->m_PrevPool; }
       |                                            ^
       |                                              _Nullable
/data/data/com.termux/files/home/ExynosTools-LSFG/external/VulkanMemoryAllocator/include/vk_mem_alloc.h:10275:44: note: insert '_Nonnull' if the pointer should never be null
 10275 |     static ItemType* GetPrev(const ItemType* item) { return item->m_PrevPool; }
       |                                            ^
       |                                              _Nonnull
/data/data/com.termux/files/home/ExynosTools-LSFG/external/VulkanMemoryAllocator/include/vk_mem_alloc.h:10275:20: warning: pointer is missing a nullability type specifier (_Nonnull, _Nullable, or _Null_unspecified) [-Wnullability-completeness]
 10275 |     static ItemType* GetPrev(const ItemType* item) { return item->m_PrevPool; }
       |                    ^
/data/data/com.termux/files/home/ExynosTools-LSFG/external/VulkanMemoryAllocator/include/vk_mem_alloc.h:10275:20: note: insert '_Nullable' if the pointer may be null
 10275 |     static ItemType* GetPrev(const ItemType* item) { return item->m_PrevPool; }
       |                    ^
       |                      _Nullable
/data/data/com.termux/files/home/ExynosTools-LSFG/external/VulkanMemoryAllocator/include/vk_mem_alloc.h:10275:20: note: insert '_Nonnull' if the pointer should never be null
 10275 |     static ItemType* GetPrev(const ItemType* item) { return item->m_PrevPool; }
       |                    ^
       |                      _Nonnull
/data/data/com.termux/files/home/ExynosTools-LSFG/external/VulkanMemoryAllocator/include/vk_mem_alloc.h:10276:44: warning: pointer is missing a nullability type specifier (_Nonnull, _Nullable, or _Null_unspecified) [-Wnullability-completeness]
 10276 |     static ItemType* GetNext(const ItemType* item) { return item->m_NextPool; }
       |                                            ^
/data/data/com.termux/files/home/ExynosTools-LSFG/external/VulkanMemoryAllocator/include/vk_mem_alloc.h:10276:44: note: insert '_Nullable' if the pointer may be null
 10276 |     static ItemType* GetNext(const ItemType* item) { return item->m_NextPool; }
       |                                            ^
       |                                              _Nullable
/data/data/com.termux/files/home/ExynosTools-LSFG/external/VulkanMemoryAllocator/include/vk_mem_alloc.h:10276:44: note: insert '_Nonnull' if the pointer should never be null
 10276 |     static ItemType* GetNext(const ItemType* item) { return item->m_NextPool; }
       |                                            ^
       |                                              _Nonnull
/data/data/com.termux/files/home/ExynosTools-LSFG/external/VulkanMemoryAllocator/include/vk_mem_alloc.h:10276:20: warning: pointer is missing a nullability type specifier (_Nonnull, _Nullable, or _Null_unspecified) [-Wnullability-completeness]
 10276 |     static ItemType* GetNext(const ItemType* item) { return item->m_NextPool; }
       |                    ^
/data/data/com.termux/files/home/ExynosTools-LSFG/external/VulkanMemoryAllocator/include/vk_mem_alloc.h:10276:20: note: insert '_Nullable' if the pointer may be null
 10276 |     static ItemType* GetNext(const ItemType* item) { return item->m_NextPool; }
       |                    ^
       |                      _Nullable
/data/data/com.termux/files/home/ExynosTools-LSFG/external/VulkanMemoryAllocator/include/vk_mem_alloc.h:10276:20: note: insert '_Nonnull' if the pointer should never be null
 10276 |     static ItemType* GetNext(const ItemType* item) { return item->m_NextPool; }
       |                    ^
       |                      _Nonnull
/data/data/com.termux/files/home/ExynosTools-LSFG/external/VulkanMemoryAllocator/include/vk_mem_alloc.h:10277:42: warning: pointer is missing a nullability type specifier (_Nonnull, _Nullable, or _Null_unspecified) [-Wnullability-completeness]
 10277 |     static ItemType*& AccessPrev(ItemType* item) { return item->m_PrevPool; }
       |                                          ^
/data/data/com.termux/files/home/ExynosTools-LSFG/external/VulkanMemoryAllocator/include/vk_mem_alloc.h:10277:42: note: insert '_Nullable' if the pointer may be null
 10277 |     static ItemType*& AccessPrev(ItemType* item) { return item->m_PrevPool; }
       |                                          ^
       |                                            _Nullable
/data/data/com.termux/files/home/ExynosTools-LSFG/external/VulkanMemoryAllocator/include/vk_mem_alloc.h:10277:42: note: insert '_Nonnull' if the pointer should never be null
 10277 |     static ItemType*& AccessPrev(ItemType* item) { return item->m_PrevPool; }
       |                                          ^
       |                                            _Nonnull
/data/data/com.termux/files/home/ExynosTools-LSFG/external/VulkanMemoryAllocator/include/vk_mem_alloc.h:10277:20: warning: pointer is missing a nullability type specifier (_Nonnull, _Nullable, or _Null_unspecified) [-Wnullability-completeness]
 10277 |     static ItemType*& AccessPrev(ItemType* item) { return item->m_PrevPool; }
       |                    ^
/data/data/com.termux/files/home/ExynosTools-LSFG/external/VulkanMemoryAllocator/include/vk_mem_alloc.h:10277:20: note: insert '_Nullable' if the pointer may be null
 10277 |     static ItemType*& AccessPrev(ItemType* item) { return item->m_PrevPool; }
       |                    ^
       |                     _Nullable
/data/data/com.termux/files/home/ExynosTools-LSFG/external/VulkanMemoryAllocator/include/vk_mem_alloc.h:10277:20: note: insert '_Nonnull' if the pointer should never be null
 10277 |     static ItemType*& AccessPrev(ItemType* item) { return item->m_PrevPool; }
       |                    ^
       |                     _Nonnull
/data/data/com.termux/files/home/ExynosTools-LSFG/external/VulkanMemoryAllocator/include/vk_mem_alloc.h:10278:42: warning: pointer is missing a nullability type specifier (_Nonnull, _Nullable, or _Null_unspecified) [-Wnullability-completeness]
 10278 |     static ItemType*& AccessNext(ItemType* item) { return item->m_NextPool; }
       |                                          ^
/data/data/com.termux/files/home/ExynosTools-LSFG/external/VulkanMemoryAllocator/include/vk_mem_alloc.h:10278:42: note: insert '_Nullable' if the pointer may be null
 10278 |     static ItemType*& AccessNext(ItemType* item) { return item->m_NextPool; }
       |                                          ^
       |                                            _Nullable
/data/data/com.termux/files/home/ExynosTools-LSFG/external/VulkanMemoryAllocator/include/vk_mem_alloc.h:10278:42: note: insert '_Nonnull' if the pointer should never be null
 10278 |     static ItemType*& AccessNext(ItemType* item) { return item->m_NextPool; }
       |                                          ^
       |                                            _Nonnull
/data/data/com.termux/files/home/ExynosTools-LSFG/external/VulkanMemoryAllocator/include/vk_mem_alloc.h:10278:20: warning: pointer is missing a nullability type specifier (_Nonnull, _Nullable, or _Null_unspecified) [-Wnullability-completeness]
 10278 |     static ItemType*& AccessNext(ItemType* item) { return item->m_NextPool; }
       |                    ^
/data/data/com.termux/files/home/ExynosTools-LSFG/external/VulkanMemoryAllocator/include/vk_mem_alloc.h:10278:20: note: insert '_Nullable' if the pointer may be null
 10278 |     static ItemType*& AccessNext(ItemType* item) { return item->m_NextPool; }
       |                    ^
       |                     _Nullable
/data/data/com.termux/files/home/ExynosTools-LSFG/external/VulkanMemoryAllocator/include/vk_mem_alloc.h:10278:20: note: insert '_Nonnull' if the pointer should never be null
 10278 |     static ItemType*& AccessNext(ItemType* item) { return item->m_NextPool; }
       |                    ^
       |                     _Nonnull
/data/data/com.termux/files/home/ExynosTools-LSFG/external/VulkanMemoryAllocator/include/vk_mem_alloc.h:10358:70: warning: pointer is missing a nullability type specifier (_Nonnull, _Nullable, or _Null_unspecified) [-Wnullability-completeness]
 10358 |     explicit VmaAllocationObjectAllocator(const VkAllocationCallbacks* pAllocationCallbacks)
       |                                                                      ^
/data/data/com.termux/files/home/ExynosTools-LSFG/external/VulkanMemoryAllocator/include/vk_mem_alloc.h:10358:70: note: insert '_Nullable' if the pointer may be null
 10358 |     explicit VmaAllocationObjectAllocator(const VkAllocationCallbacks* pAllocationCallbacks)
       |                                                                      ^
       |                                                                        _Nullable
/data/data/com.termux/files/home/ExynosTools-LSFG/external/VulkanMemoryAllocator/include/vk_mem_alloc.h:10358:70: note: insert '_Nonnull' if the pointer should never be null
 10358 |     explicit VmaAllocationObjectAllocator(const VkAllocationCallbacks* pAllocationCallbacks)
       |                                                                      ^
       |                                                                        _Nonnull
/data/data/com.termux/files/home/ExynosTools-LSFG/external/VulkanMemoryAllocator/include/vk_mem_alloc.h:10361:33: warning: pointer is missing a nullability type specifier (_Nonnull, _Nullable, or _Null_unspecified) [-Wnullability-completeness]
 10361 |     template<typename... Types> VmaAllocation Allocate(Types&&... args);
       |                                 ^
/data/data/com.termux/files/home/ExynosTools-LSFG/external/VulkanMemoryAllocator/include/vk_mem_alloc.h:10361:33: note: insert '_Nullable' if the pointer may be null
 10361 |     template<typename... Types> VmaAllocation Allocate(Types&&... args);
       |                                 ^
       |                                               _Nullable
/data/data/com.termux/files/home/ExynosTools-LSFG/external/VulkanMemoryAllocator/include/vk_mem_alloc.h:10361:33: note: insert '_Nonnull' if the pointer should never be null
 10361 |     template<typename... Types> VmaAllocation Allocate(Types&&... args);
       |                                 ^
       |                                               _Nonnull
/data/data/com.termux/files/home/ExynosTools-LSFG/external/VulkanMemoryAllocator/include/vk_mem_alloc.h:10362:15: warning: pointer is missing a nullability type specifier (_Nonnull, _Nullable, or _Null_unspecified) [-Wnullability-completeness]
 10362 |     void Free(VmaAllocation hAlloc);
       |               ^
/data/data/com.termux/files/home/ExynosTools-LSFG/external/VulkanMemoryAllocator/include/vk_mem_alloc.h:10362:15: note: insert '_Nullable' if the pointer may be null
 10362 |     void Free(VmaAllocation hAlloc);
       |               ^
       |                             _Nullable
/data/data/com.termux/files/home/ExynosTools-LSFG/external/VulkanMemoryAllocator/include/vk_mem_alloc.h:10362:15: note: insert '_Nonnull' if the pointer should never be null
 10362 |     void Free(VmaAllocation hAlloc);
       |               ^
       |                             _Nonnull
/data/data/com.termux/files/home/ExynosTools-LSFG/external/VulkanMemoryAllocator/include/vk_mem_alloc.h:10370:1: warning: pointer is missing a nullability type specifier (_Nonnull, _Nullable, or _Null_unspecified) [-Wnullability-completeness]
 10370 | VmaAllocation VmaAllocationObjectAllocator::Allocate(Types&&... args)
       | ^
/data/data/com.termux/files/home/ExynosTools-LSFG/external/VulkanMemoryAllocator/include/vk_mem_alloc.h:10370:1: note: insert '_Nullable' if the pointer may be null
 10370 | VmaAllocation VmaAllocationObjectAllocator::Allocate(Types&&... args)
       | ^
       |               _Nullable
/data/data/com.termux/files/home/ExynosTools-LSFG/external/VulkanMemoryAllocator/include/vk_mem_alloc.h:10370:1: note: insert '_Nonnull' if the pointer should never be null
 10370 | VmaAllocation VmaAllocationObjectAllocator::Allocate(Types&&... args)
       | ^
       |               _Nonnull
/data/data/com.termux/files/home/ExynosTools-LSFG/external/VulkanMemoryAllocator/include/vk_mem_alloc.h:10376:41: warning: pointer is missing a nullability type specifier (_Nonnull, _Nullable, or _Null_unspecified) [-Wnullability-completeness]
 10376 | void VmaAllocationObjectAllocator::Free(VmaAllocation hAlloc)
       |                                         ^
/data/data/com.termux/files/home/ExynosTools-LSFG/external/VulkanMemoryAllocator/include/vk_mem_alloc.h:10376:41: note: insert '_Nullable' if the pointer may be null
 10376 | void VmaAllocationObjectAllocator::Free(VmaAllocation hAlloc)
       |                                         ^
       |                                                       _Nullable
/data/data/com.termux/files/home/ExynosTools-LSFG/external/VulkanMemoryAllocator/include/vk_mem_alloc.h:10376:41: note: insert '_Nonnull' if the pointer should never be null
 10376 | void VmaAllocationObjectAllocator::Free(VmaAllocation hAlloc)
       |                                         ^
       |                                                       _Nonnull
/data/data/com.termux/files/home/ExynosTools-LSFG/external/VulkanMemoryAllocator/include/vk_mem_alloc.h:10395:15: warning: pointer is missing a nullability type specifier (_Nonnull, _Nullable, or _Null_unspecified) [-Wnullability-completeness]
 10395 |     void Free(VmaVirtualAllocation allocation) { m_Metadata->Free((VmaAllocHandle)allocation); }
       |               ^
/data/data/com.termux/files/home/ExynosTools-LSFG/external/VulkanMemoryAllocator/include/vk_mem_alloc.h:10395:15: note: insert '_Nullable' if the pointer may be null
 10395 |     void Free(VmaVirtualAllocation allocation) { m_Metadata->Free((VmaAllocHandle)allocation); }
       |               ^
       |                                    _Nullable
/data/data/com.termux/files/home/ExynosTools-LSFG/external/VulkanMemoryAllocator/include/vk_mem_alloc.h:10395:15: note: insert '_Nonnull' if the pointer should never be null
 10395 |     void Free(VmaVirtualAllocation allocation) { m_Metadata->Free((VmaAllocHandle)allocation); }
       |               ^
       |                                    _Nonnull
/data/data/com.termux/files/home/ExynosTools-LSFG/external/VulkanMemoryAllocator/include/vk_mem_alloc.h:10396:32: warning: pointer is missing a nullability type specifier (_Nonnull, _Nullable, or _Null_unspecified) [-Wnullability-completeness]
 10396 |     void SetAllocationUserData(VmaVirtualAllocation allocation, void* userData) { m_Metadata->SetAllocationUserData((VmaAllocHandle)allocation, userData); }
       |                                ^
/data/data/com.termux/files/home/ExynosTools-LSFG/external/VulkanMemoryAllocator/include/vk_mem_alloc.h:10396:32: note: insert '_Nullable' if the pointer may be null
 10396 |     void SetAllocationUserData(VmaVirtualAllocation allocation, void* userData) { m_Metadata->SetAllocationUserData((VmaAllocHandle)allocation, userData); }
       |                                ^
       |                                                     _Nullable
/data/data/com.termux/files/home/ExynosTools-LSFG/external/VulkanMemoryAllocator/include/vk_mem_alloc.h:10396:32: note: insert '_Nonnull' if the pointer should never be null
 10396 |     void SetAllocationUserData(VmaVirtualAllocation allocation, void* userData) { m_Metadata->SetAllocationUserData((VmaAllocHandle)allocation, userData); }
       |                                ^
       |                                                     _Nonnull
/data/data/com.termux/files/home/ExynosTools-LSFG/external/VulkanMemoryAllocator/include/vk_mem_alloc.h:10396:69: warning: pointer is missing a nullability type specifier (_Nonnull, _Nullable, or _Null_unspecified) [-Wnullability-completeness]
 10396 |     void SetAllocationUserData(VmaVirtualAllocation allocation, void* userData) { m_Metadata->SetAllocationUserData((VmaAllocHandle)allocation, userData); }
       |                                                                     ^
/data/data/com.termux/files/home/ExynosTools-LSFG/external/VulkanMemoryAllocator/include/vk_mem_alloc.h:10396:69: note: insert '_Nullable' if the pointer may be null
 10396 |     void SetAllocationUserData(VmaVirtualAllocation allocation, void* userData) { m_Metadata->SetAllocationUserData((VmaAllocHandle)allocation, userData); }
       |                                                                     ^
       |                                                                       _Nullable
/data/data/com.termux/files/home/ExynosTools-LSFG/external/VulkanMemoryAllocator/include/vk_mem_alloc.h:10396:69: note: insert '_Nonnull' if the pointer should never be null
 10396 |     void SetAllocationUserData(VmaVirtualAllocation allocation, void* userData) { m_Metadata->SetAllocationUserData((VmaAllocHandle)allocation, userData); }
       |                                                                     ^
       |                                                                       _Nonnull
/data/data/com.termux/files/home/ExynosTools-LSFG/external/VulkanMemoryAllocator/include/vk_mem_alloc.h:10399:32: warning: pointer is missing a nullability type specifier (_Nonnull, _Nullable, or _Null_unspecified) [-Wnullability-completeness]
 10399 |     const VkAllocationCallbacks* GetAllocationCallbacks() const;
       |                                ^
/data/data/com.termux/files/home/ExynosTools-LSFG/external/VulkanMemoryAllocator/include/vk_mem_alloc.h:10399:32: note: insert '_Nullable' if the pointer may be null
 10399 |     const VkAllocationCallbacks* GetAllocationCallbacks() const;
       |                                ^
       |                                  _Nullable
/data/data/com.termux/files/home/ExynosTools-LSFG/external/VulkanMemoryAllocator/include/vk_mem_alloc.h:10399:32: note: insert '_Nonnull' if the pointer should never be null
 10399 |     const VkAllocationCallbacks* GetAllocationCallbacks() const;
       |                                ^
       |                                  _Nonnull
/data/data/com.termux/files/home/ExynosTools-LSFG/external/VulkanMemoryAllocator/include/vk_mem_alloc.h:10400:28: warning: pointer is missing a nullability type specifier (_Nonnull, _Nullable, or _Null_unspecified) [-Wnullability-completeness]
 10400 |     void GetAllocationInfo(VmaVirtualAllocation allocation, VmaVirtualAllocationInfo& outInfo);
       |                            ^
/data/data/com.termux/files/home/ExynosTools-LSFG/external/VulkanMemoryAllocator/include/vk_mem_alloc.h:10400:28: note: insert '_Nullable' if the pointer may be null
 10400 |     void GetAllocationInfo(VmaVirtualAllocation allocation, VmaVirtualAllocationInfo& outInfo);
       |                            ^
       |                                                 _Nullable
/data/data/com.termux/files/home/ExynosTools-LSFG/external/VulkanMemoryAllocator/include/vk_mem_alloc.h:10400:28: note: insert '_Nonnull' if the pointer should never be null
 10400 |     void GetAllocationInfo(VmaVirtualAllocation allocation, VmaVirtualAllocationInfo& outInfo);
       |                            ^
       |                                                 _Nonnull
/data/data/com.termux/files/home/ExynosTools-LSFG/external/VulkanMemoryAllocator/include/vk_mem_alloc.h:10401:73: warning: pointer is missing a nullability type specifier (_Nonnull, _Nullable, or _Null_unspecified) [-Wnullability-completeness]
 10401 |     VkResult Allocate(const VmaVirtualAllocationCreateInfo& createInfo, VmaVirtualAllocation& outAllocation,
       |                                                                         ^
/data/data/com.termux/files/home/ExynosTools-LSFG/external/VulkanMemoryAllocator/include/vk_mem_alloc.h:10401:73: note: insert '_Nullable' if the pointer may be null
 10401 |     VkResult Allocate(const VmaVirtualAllocationCreateInfo& createInfo, VmaVirtualAllocation& outAllocation,
       |                                                                         ^                   
       |                                                                                              _Nullable 
/data/data/com.termux/files/home/ExynosTools-LSFG/external/VulkanMemoryAllocator/include/vk_mem_alloc.h:10401:73: note: insert '_Nonnull' if the pointer should never be null
 10401 |     VkResult Allocate(const VmaVirtualAllocationCreateInfo& createInfo, VmaVirtualAllocation& outAllocation,
       |                                                                         ^                   
       |                                                                                              _Nonnull 
/data/data/com.termux/files/home/ExynosTools-LSFG/external/VulkanMemoryAllocator/include/vk_mem_alloc.h:10402:21: warning: pointer is missing a nullability type specifier (_Nonnull, _Nullable, or _Null_unspecified) [-Wnullability-completeness]
 10402 |         VkDeviceSize* outOffset);
       |                     ^
/data/data/com.termux/files/home/ExynosTools-LSFG/external/VulkanMemoryAllocator/include/vk_mem_alloc.h:10402:21: note: insert '_Nullable' if the pointer may be null
 10402 |         VkDeviceSize* outOffset);
       |                     ^
       |                       _Nullable
/data/data/com.termux/files/home/ExynosTools-LSFG/external/VulkanMemoryAllocator/include/vk_mem_alloc.h:10402:21: note: insert '_Nonnull' if the pointer should never be null
 10402 |         VkDeviceSize* outOffset);
       |                     ^
       |                       _Nonnull
/data/data/com.termux/files/home/ExynosTools-LSFG/external/VulkanMemoryAllocator/include/vk_mem_alloc.h:10410:21: warning: pointer is missing a nullability type specifier (_Nonnull, _Nullable, or _Null_unspecified) [-Wnullability-completeness]
 10410 |     VmaBlockMetadata* m_Metadata;
       |                     ^
/data/data/com.termux/files/home/ExynosTools-LSFG/external/VulkanMemoryAllocator/include/vk_mem_alloc.h:10410:21: note: insert '_Nullable' if the pointer may be null
 10410 |     VmaBlockMetadata* m_Metadata;
       |                     ^
       |                       _Nullable
/data/data/com.termux/files/home/ExynosTools-LSFG/external/VulkanMemoryAllocator/include/vk_mem_alloc.h:10410:21: note: insert '_Nonnull' if the pointer should never be null
 10410 |     VmaBlockMetadata* m_Metadata;
       |                     ^
       |                       _Nonnull
/data/data/com.termux/files/home/ExynosTools-LSFG/external/VulkanMemoryAllocator/include/vk_mem_alloc.h:10448:28: warning: pointer is missing a nullability type specifier (_Nonnull, _Nullable, or _Null_unspecified) [-Wnullability-completeness]
 10448 | const VkAllocationCallbacks* VmaVirtualBlock_T::GetAllocationCallbacks() const
       |                            ^
/data/data/com.termux/files/home/ExynosTools-LSFG/external/VulkanMemoryAllocator/include/vk_mem_alloc.h:10448:28: note: insert '_Nullable' if the pointer may be null
 10448 | const VkAllocationCallbacks* VmaVirtualBlock_T::GetAllocationCallbacks() const
       |                            ^
       |                              _Nullable
/data/data/com.termux/files/home/ExynosTools-LSFG/external/VulkanMemoryAllocator/include/vk_mem_alloc.h:10448:28: note: insert '_Nonnull' if the pointer should never be null
 10448 | const VkAllocationCallbacks* VmaVirtualBlock_T::GetAllocationCallbacks() const
       |                            ^
       |                              _Nonnull
/data/data/com.termux/files/home/ExynosTools-LSFG/external/VulkanMemoryAllocator/include/vk_mem_alloc.h:10453:43: warning: pointer is missing a nullability type specifier (_Nonnull, _Nullable, or _Null_unspecified) [-Wnullability-completeness]
 10453 | void VmaVirtualBlock_T::GetAllocationInfo(VmaVirtualAllocation allocation, VmaVirtualAllocationInfo& outInfo)
       |                                           ^
/data/data/com.termux/files/home/ExynosTools-LSFG/external/VulkanMemoryAllocator/include/vk_mem_alloc.h:10453:43: note: insert '_Nullable' if the pointer may be null
 10453 | void VmaVirtualBlock_T::GetAllocationInfo(VmaVirtualAllocation allocation, VmaVirtualAllocationInfo& outInfo)
       |                                           ^
       |                                                                _Nullable
/data/data/com.termux/files/home/ExynosTools-LSFG/external/VulkanMemoryAllocator/include/vk_mem_alloc.h:10453:43: note: insert '_Nonnull' if the pointer should never be null
 10453 | void VmaVirtualBlock_T::GetAllocationInfo(VmaVirtualAllocation allocation, VmaVirtualAllocationInfo& outInfo)
       |                                           ^
       |                                                                _Nonnull
/data/data/com.termux/files/home/ExynosTools-LSFG/external/VulkanMemoryAllocator/include/vk_mem_alloc.h:10458:88: warning: pointer is missing a nullability type specifier (_Nonnull, _Nullable, or _Null_unspecified) [-Wnullability-completeness]
 10458 | VkResult VmaVirtualBlock_T::Allocate(const VmaVirtualAllocationCreateInfo& createInfo, VmaVirtualAllocation& outAllocation,
       |                                                                                        ^
/data/data/com.termux/files/home/ExynosTools-LSFG/external/VulkanMemoryAllocator/include/vk_mem_alloc.h:10458:88: note: insert '_Nullable' if the pointer may be null
 10458 | VkResult VmaVirtualBlock_T::Allocate(const VmaVirtualAllocationCreateInfo& createInfo, VmaVirtualAllocation& outAllocation,
       |                                                                                        ^                   
       |                                                                                                             _Nullable 
/data/data/com.termux/files/home/ExynosTools-LSFG/external/VulkanMemoryAllocator/include/vk_mem_alloc.h:10458:88: note: insert '_Nonnull' if the pointer should never be null
 10458 | VkResult VmaVirtualBlock_T::Allocate(const VmaVirtualAllocationCreateInfo& createInfo, VmaVirtualAllocation& outAllocation,
       |                                                                                        ^                   
       |                                                                                                             _Nonnull 
/data/data/com.termux/files/home/ExynosTools-LSFG/external/VulkanMemoryAllocator/include/vk_mem_alloc.h:10459:17: warning: pointer is missing a nullability type specifier (_Nonnull, _Nullable, or _Null_unspecified) [-Wnullability-completeness]
 10459 |     VkDeviceSize* outOffset)
       |                 ^
/data/data/com.termux/files/home/ExynosTools-LSFG/external/VulkanMemoryAllocator/include/vk_mem_alloc.h:10459:17: note: insert '_Nullable' if the pointer may be null
 10459 |     VkDeviceSize* outOffset)
       |                 ^
       |                   _Nullable
/data/data/com.termux/files/home/ExynosTools-LSFG/external/VulkanMemoryAllocator/include/vk_mem_alloc.h:10459:17: note: insert '_Nonnull' if the pointer should never be null
 10459 |     VkDeviceSize* outOffset)
       |                 ^
       |                   _Nonnull
/data/data/com.termux/files/home/ExynosTools-LSFG/external/VulkanMemoryAllocator/include/vk_mem_alloc.h:10539:11: warning: pointer is missing a nullability type specifier (_Nonnull, _Nullable, or _Null_unspecified) [-Wnullability-completeness]
 10539 |     const VkDevice m_hDevice;
       |           ^
/data/data/com.termux/files/home/ExynosTools-LSFG/external/VulkanMemoryAllocator/include/vk_mem_alloc.h:10539:11: note: insert '_Nullable' if the pointer may be null
 10539 |     const VkDevice m_hDevice;
       |           ^
       |                    _Nullable
/data/data/com.termux/files/home/ExynosTools-LSFG/external/VulkanMemoryAllocator/include/vk_mem_alloc.h:10539:11: note: insert '_Nonnull' if the pointer should never be null
 10539 |     const VkDevice m_hDevice;
       |           ^
       |                    _Nonnull
/data/data/com.termux/files/home/ExynosTools-LSFG/external/VulkanMemoryAllocator/include/vk_mem_alloc.h:10540:11: warning: pointer is missing a nullability type specifier (_Nonnull, _Nullable, or _Null_unspecified) [-Wnullability-completeness]
 10540 |     const VkInstance m_hInstance;
       |           ^
/data/data/com.termux/files/home/ExynosTools-LSFG/external/VulkanMemoryAllocator/include/vk_mem_alloc.h:10540:11: note: insert '_Nullable' if the pointer may be null
 10540 |     const VkInstance m_hInstance;
       |           ^
       |                      _Nullable
/data/data/com.termux/files/home/ExynosTools-LSFG/external/VulkanMemoryAllocator/include/vk_mem_alloc.h:10540:11: note: insert '_Nonnull' if the pointer should never be null
 10540 |     const VkInstance m_hInstance;
       |           ^
       |                      _Nonnull
/data/data/com.termux/files/home/ExynosTools-LSFG/external/VulkanMemoryAllocator/include/vk_mem_alloc.h:10553:19: warning: pointer is missing a nullability type specifier (_Nonnull, _Nullable, or _Null_unspecified) [-Wnullability-completeness]
 10553 |     VmaBlockVector* m_pBlockVectors[VK_MAX_MEMORY_TYPES];
       |                   ^
/data/data/com.termux/files/home/ExynosTools-LSFG/external/VulkanMemoryAllocator/include/vk_mem_alloc.h:10553:19: note: insert '_Nullable' if the pointer may be null
 10553 |     VmaBlockVector* m_pBlockVectors[VK_MAX_MEMORY_TYPES];
       |                   ^
       |                     _Nullable
/data/data/com.termux/files/home/ExynosTools-LSFG/external/VulkanMemoryAllocator/include/vk_mem_alloc.h:10553:19: note: insert '_Nonnull' if the pointer should never be null
 10553 |     VmaBlockVector* m_pBlockVectors[VK_MAX_MEMORY_TYPES];
       |                   ^
       |                     _Nonnull
/data/data/com.termux/files/home/ExynosTools-LSFG/external/VulkanMemoryAllocator/include/vk_mem_alloc.h:10559:57: warning: pointer is missing a nullability type specifier (_Nonnull, _Nullable, or _Null_unspecified) [-Wnullability-completeness]
 10559 |     explicit VmaAllocator_T(const VmaAllocatorCreateInfo* pCreateInfo);
       |                                                         ^
/data/data/com.termux/files/home/ExynosTools-LSFG/external/VulkanMemoryAllocator/include/vk_mem_alloc.h:10559:57: note: insert '_Nullable' if the pointer may be null
 10559 |     explicit VmaAllocator_T(const VmaAllocatorCreateInfo* pCreateInfo);
       |                                                         ^
       |                                                           _Nullable
/data/data/com.termux/files/home/ExynosTools-LSFG/external/VulkanMemoryAllocator/include/vk_mem_alloc.h:10559:57: note: insert '_Nonnull' if the pointer should never be null
 10559 |     explicit VmaAllocator_T(const VmaAllocatorCreateInfo* pCreateInfo);
       |                                                         ^
       |                                                           _Nonnull
/data/data/com.termux/files/home/ExynosTools-LSFG/external/VulkanMemoryAllocator/include/vk_mem_alloc.h:10560:47: warning: pointer is missing a nullability type specifier (_Nonnull, _Nullable, or _Null_unspecified) [-Wnullability-completeness]
 10560 |     VkResult Init(const VmaAllocatorCreateInfo* pCreateInfo);
       |                                               ^
/data/data/com.termux/files/home/ExynosTools-LSFG/external/VulkanMemoryAllocator/include/vk_mem_alloc.h:10560:47: note: insert '_Nullable' if the pointer may be null
 10560 |     VkResult Init(const VmaAllocatorCreateInfo* pCreateInfo);
       |                                               ^
       |                                                 _Nullable
/data/data/com.termux/files/home/ExynosTools-LSFG/external/VulkanMemoryAllocator/include/vk_mem_alloc.h:10560:47: note: insert '_Nonnull' if the pointer should never be null
 10560 |     VkResult Init(const VmaAllocatorCreateInfo* pCreateInfo);
       |                                               ^
       |                                                 _Nonnull
/data/data/com.termux/files/home/ExynosTools-LSFG/external/VulkanMemoryAllocator/include/vk_mem_alloc.h:10563:32: warning: pointer is missing a nullability type specifier (_Nonnull, _Nullable, or _Null_unspecified) [-Wnullability-completeness]
 10563 |     const VkAllocationCallbacks* GetAllocationCallbacks() const
       |                                ^
/data/data/com.termux/files/home/ExynosTools-LSFG/external/VulkanMemoryAllocator/include/vk_mem_alloc.h:10563:32: note: insert '_Nullable' if the pointer may be null
 10563 |     const VkAllocationCallbacks* GetAllocationCallbacks() const
       |                                ^
       |                                  _Nullable
/data/data/com.termux/files/home/ExynosTools-LSFG/external/VulkanMemoryAllocator/include/vk_mem_alloc.h:10563:32: note: insert '_Nonnull' if the pointer should never be null
 10563 |     const VkAllocationCallbacks* GetAllocationCallbacks() const
       |                                ^
       |                                  _Nonnull
/data/data/com.termux/files/home/ExynosTools-LSFG/external/VulkanMemoryAllocator/include/vk_mem_alloc.h:10572:5: warning: pointer is missing a nullability type specifier (_Nonnull, _Nullable, or _Null_unspecified) [-Wnullability-completeness]
 10572 |     VkPhysicalDevice GetPhysicalDevice() const { return m_PhysicalDevice; }
       |     ^
/data/data/com.termux/files/home/ExynosTools-LSFG/external/VulkanMemoryAllocator/include/vk_mem_alloc.h:10572:5: note: insert '_Nullable' if the pointer may be null
 10572 |     VkPhysicalDevice GetPhysicalDevice() const { return m_PhysicalDevice; }
       |     ^
       |                      _Nullable
/data/data/com.termux/files/home/ExynosTools-LSFG/external/VulkanMemoryAllocator/include/vk_mem_alloc.h:10572:5: note: insert '_Nonnull' if the pointer should never be null
 10572 |     VkPhysicalDevice GetPhysicalDevice() const { return m_PhysicalDevice; }
       |     ^
       |                      _Nonnull
/data/data/com.termux/files/home/ExynosTools-LSFG/external/VulkanMemoryAllocator/include/vk_mem_alloc.h:10611:9: warning: pointer is missing a nullability type specifier (_Nonnull, _Nullable, or _Null_unspecified) [-Wnullability-completeness]
 10611 |         VkBuffer hBuffer,
       |         ^
/data/data/com.termux/files/home/ExynosTools-LSFG/external/VulkanMemoryAllocator/include/vk_mem_alloc.h:10611:9: note: insert '_Nullable' if the pointer may be null
 10611 |         VkBuffer hBuffer,
       |         ^
       |                  _Nullable
/data/data/com.termux/files/home/ExynosTools-LSFG/external/VulkanMemoryAllocator/include/vk_mem_alloc.h:10611:9: note: insert '_Nonnull' if the pointer should never be null
 10611 |         VkBuffer hBuffer,
       |         ^
       |                  _Nonnull
/data/data/com.termux/files/home/ExynosTools-LSFG/external/VulkanMemoryAllocator/include/vk_mem_alloc.h:10616:9: warning: pointer is missing a nullability type specifier (_Nonnull, _Nullable, or _Null_unspecified) [-Wnullability-completeness]
 10616 |         VkImage hImage,
       |         ^
/data/data/com.termux/files/home/ExynosTools-LSFG/external/VulkanMemoryAllocator/include/vk_mem_alloc.h:10616:9: note: insert '_Nullable' if the pointer may be null
 10616 |         VkImage hImage,
       |         ^
       |                 _Nullable
/data/data/com.termux/files/home/ExynosTools-LSFG/external/VulkanMemoryAllocator/include/vk_mem_alloc.h:10616:9: note: insert '_Nonnull' if the pointer should never be null
 10616 |         VkImage hImage,
       |         ^
       |                 _Nonnull
/data/data/com.termux/files/home/ExynosTools-LSFG/external/VulkanMemoryAllocator/include/vk_mem_alloc.h:10622:38: warning: pointer is missing a nullability type specifier (_Nonnull, _Nullable, or _Null_unspecified) [-Wnullability-completeness]
 10622 |         const VmaAllocationCreateInfo* pAllocationCreateInfo,
       |                                      ^
/data/data/com.termux/files/home/ExynosTools-LSFG/external/VulkanMemoryAllocator/include/vk_mem_alloc.h:10622:38: note: insert '_Nullable' if the pointer may be null
 10622 |         const VmaAllocationCreateInfo* pAllocationCreateInfo,
       |                                      ^
       |                                        _Nullable
/data/data/com.termux/files/home/ExynosTools-LSFG/external/VulkanMemoryAllocator/include/vk_mem_alloc.h:10622:38: note: insert '_Nonnull' if the pointer should never be null
 10622 |         const VmaAllocationCreateInfo* pAllocationCreateInfo,
       |                                      ^
       |                                        _Nonnull
/data/data/com.termux/files/home/ExynosTools-LSFG/external/VulkanMemoryAllocator/include/vk_mem_alloc.h:10624:17: warning: pointer is missing a nullability type specifier (_Nonnull, _Nullable, or _Null_unspecified) [-Wnullability-completeness]
 10624 |         uint32_t* pMemoryTypeIndex) const;
       |                 ^
/data/data/com.termux/files/home/ExynosTools-LSFG/external/VulkanMemoryAllocator/include/vk_mem_alloc.h:10624:17: note: insert '_Nullable' if the pointer may be null
 10624 |         uint32_t* pMemoryTypeIndex) const;
       |                 ^
       |                   _Nullable
/data/data/com.termux/files/home/ExynosTools-LSFG/external/VulkanMemoryAllocator/include/vk_mem_alloc.h:10624:17: note: insert '_Nonnull' if the pointer should never be null
 10624 |         uint32_t* pMemoryTypeIndex) const;
       |                 ^
       |                   _Nonnull
/data/data/com.termux/files/home/ExynosTools-LSFG/external/VulkanMemoryAllocator/include/vk_mem_alloc.h:10628:33: warning: pointer is missing a nullability type specifier (_Nonnull, _Nullable, or _Null_unspecified) [-Wnullability-completeness]
 10628 |         const VkBufferCreateInfo* pBufferCreateInfo,
       |                                 ^
/data/data/com.termux/files/home/ExynosTools-LSFG/external/VulkanMemoryAllocator/include/vk_mem_alloc.h:10628:33: note: insert '_Nullable' if the pointer may be null
 10628 |         const VkBufferCreateInfo* pBufferCreateInfo,
       |                                 ^
       |                                   _Nullable
/data/data/com.termux/files/home/ExynosTools-LSFG/external/VulkanMemoryAllocator/include/vk_mem_alloc.h:10628:33: note: insert '_Nonnull' if the pointer should never be null
 10628 |         const VkBufferCreateInfo* pBufferCreateInfo,
       |                                 ^
       |                                   _Nonnull
/data/data/com.termux/files/home/ExynosTools-LSFG/external/VulkanMemoryAllocator/include/vk_mem_alloc.h:10629:38: warning: pointer is missing a nullability type specifier (_Nonnull, _Nullable, or _Null_unspecified) [-Wnullability-completeness]
 10629 |         const VmaAllocationCreateInfo* pAllocationCreateInfo,
       |                                      ^
/data/data/com.termux/files/home/ExynosTools-LSFG/external/VulkanMemoryAllocator/include/vk_mem_alloc.h:10629:38: note: insert '_Nullable' if the pointer may be null
 10629 |         const VmaAllocationCreateInfo* pAllocationCreateInfo,
       |                                      ^
       |                                        _Nullable
/data/data/com.termux/files/home/ExynosTools-LSFG/external/VulkanMemoryAllocator/include/vk_mem_alloc.h:10629:38: note: insert '_Nonnull' if the pointer should never be null
 10629 |         const VmaAllocationCreateInfo* pAllocationCreateInfo,
       |                                      ^
       |                                        _Nonnull
/data/data/com.termux/files/home/ExynosTools-LSFG/external/VulkanMemoryAllocator/include/vk_mem_alloc.h:10630:13: warning: pointer is missing a nullability type specifier (_Nonnull, _Nullable, or _Null_unspecified) [-Wnullability-completeness]
 10630 |         void* pMemoryAllocateNext, // pNext chain for VkMemoryAllocateInfo.
       |             ^
/data/data/com.termux/files/home/ExynosTools-LSFG/external/VulkanMemoryAllocator/include/vk_mem_alloc.h:10630:13: note: insert '_Nullable' if the pointer may be null
 10630 |         void* pMemoryAllocateNext, // pNext chain for VkMemoryAllocateInfo.
       |             ^
       |               _Nullable
/data/data/com.termux/files/home/ExynosTools-LSFG/external/VulkanMemoryAllocator/include/vk_mem_alloc.h:10630:13: note: insert '_Nonnull' if the pointer should never be null
 10630 |         void* pMemoryAllocateNext, // pNext chain for VkMemoryAllocateInfo.
       |             ^
       |               _Nonnull
/data/data/com.termux/files/home/ExynosTools-LSFG/external/VulkanMemoryAllocator/include/vk_mem_alloc.h:10631:9: warning: pointer is missing a nullability type specifier (_Nonnull, _Nullable, or _Null_unspecified) [-Wnullability-completeness]
 10631 |         VkBuffer* pBuffer,
       |         ^
/data/data/com.termux/files/home/ExynosTools-LSFG/external/VulkanMemoryAllocator/include/vk_mem_alloc.h:10631:9: note: insert '_Nullable' if the pointer may be null
 10631 |         VkBuffer* pBuffer,
       |         ^       
       |                  _Nullable 
/data/data/com.termux/files/home/ExynosTools-LSFG/external/VulkanMemoryAllocator/include/vk_mem_alloc.h:10631:9: note: insert '_Nonnull' if the pointer should never be null
 10631 |         VkBuffer* pBuffer,
       |         ^       
       |                  _Nonnull 
/data/data/com.termux/files/home/ExynosTools-LSFG/external/VulkanMemoryAllocator/include/vk_mem_alloc.h:10631:17: warning: pointer is missing a nullability type specifier (_Nonnull, _Nullable, or _Null_unspecified) [-Wnullability-completeness]
 10631 |         VkBuffer* pBuffer,
       |                 ^
/data/data/com.termux/files/home/ExynosTools-LSFG/external/VulkanMemoryAllocator/include/vk_mem_alloc.h:10631:17: note: insert '_Nullable' if the pointer may be null
 10631 |         VkBuffer* pBuffer,
       |                 ^
       |                   _Nullable
/data/data/com.termux/files/home/ExynosTools-LSFG/external/VulkanMemoryAllocator/include/vk_mem_alloc.h:10631:17: note: insert '_Nonnull' if the pointer should never be null
 10631 |         VkBuffer* pBuffer,
       |                 ^
       |                   _Nonnull
/data/data/com.termux/files/home/ExynosTools-LSFG/external/VulkanMemoryAllocator/include/vk_mem_alloc.h:10632:9: warning: pointer is missing a nullability type specifier (_Nonnull, _Nullable, or _Null_unspecified) [-Wnullability-completeness]
 10632 |         VmaAllocation* pAllocation,
       |         ^
/data/data/com.termux/files/home/ExynosTools-LSFG/external/VulkanMemoryAllocator/include/vk_mem_alloc.h:10632:9: note: insert '_Nullable' if the pointer may be null
 10632 |         VmaAllocation* pAllocation,
       |         ^            
       |                       _Nullable 
/data/data/com.termux/files/home/ExynosTools-LSFG/external/VulkanMemoryAllocator/include/vk_mem_alloc.h:10632:9: note: insert '_Nonnull' if the pointer should never be null
 10632 |         VmaAllocation* pAllocation,
       |         ^            
       |                       _Nonnull 
/data/data/com.termux/files/home/ExynosTools-LSFG/external/VulkanMemoryAllocator/include/vk_mem_alloc.h:10632:22: warning: pointer is missing a nullability type specifier (_Nonnull, _Nullable, or _Null_unspecified) [-Wnullability-completeness]
 10632 |         VmaAllocation* pAllocation,
       |                      ^
/data/data/com.termux/files/home/ExynosTools-LSFG/external/VulkanMemoryAllocator/include/vk_mem_alloc.h:10632:22: note: insert '_Nullable' if the pointer may be null
 10632 |         VmaAllocation* pAllocation,
       |                      ^
       |                        _Nullable
/data/data/com.termux/files/home/ExynosTools-LSFG/external/VulkanMemoryAllocator/include/vk_mem_alloc.h:10632:22: note: insert '_Nonnull' if the pointer should never be null
 10632 |         VmaAllocation* pAllocation,
       |                      ^
       |                        _Nonnull
/data/data/com.termux/files/home/ExynosTools-LSFG/external/VulkanMemoryAllocator/include/vk_mem_alloc.h:10633:26: warning: pointer is missing a nullability type specifier (_Nonnull, _Nullable, or _Null_unspecified) [-Wnullability-completeness]
 10633 |         VmaAllocationInfo* pAllocationInfo);
       |                          ^
/data/data/com.termux/files/home/ExynosTools-LSFG/external/VulkanMemoryAllocator/include/vk_mem_alloc.h:10633:26: note: insert '_Nullable' if the pointer may be null
 10633 |         VmaAllocationInfo* pAllocationInfo);
       |                          ^
       |                            _Nullable
/data/data/com.termux/files/home/ExynosTools-LSFG/external/VulkanMemoryAllocator/include/vk_mem_alloc.h:10633:26: note: insert '_Nonnull' if the pointer should never be null
 10633 |         VmaAllocationInfo* pAllocationInfo);
       |                          ^
       |                            _Nonnull
/data/data/com.termux/files/home/ExynosTools-LSFG/external/VulkanMemoryAllocator/include/vk_mem_alloc.h:10636:32: warning: pointer is missing a nullability type specifier (_Nonnull, _Nullable, or _Null_unspecified) [-Wnullability-completeness]
 10636 |         const VkImageCreateInfo* pImageCreateInfo,
       |                                ^
/data/data/com.termux/files/home/ExynosTools-LSFG/external/VulkanMemoryAllocator/include/vk_mem_alloc.h:10636:32: note: insert '_Nullable' if the pointer may be null
 10636 |         const VkImageCreateInfo* pImageCreateInfo,
       |                                ^
       |                                  _Nullable
/data/data/com.termux/files/home/ExynosTools-LSFG/external/VulkanMemoryAllocator/include/vk_mem_alloc.h:10636:32: note: insert '_Nonnull' if the pointer should never be null
 10636 |         const VkImageCreateInfo* pImageCreateInfo,
       |                                ^
       |                                  _Nonnull
/data/data/com.termux/files/home/ExynosTools-LSFG/external/VulkanMemoryAllocator/include/vk_mem_alloc.h:10637:38: warning: pointer is missing a nullability type specifier (_Nonnull, _Nullable, or _Null_unspecified) [-Wnullability-completeness]
 10637 |         const VmaAllocationCreateInfo* pAllocationCreateInfo,
       |                                      ^
/data/data/com.termux/files/home/ExynosTools-LSFG/external/VulkanMemoryAllocator/include/vk_mem_alloc.h:10637:38: note: insert '_Nullable' if the pointer may be null
 10637 |         const VmaAllocationCreateInfo* pAllocationCreateInfo,
       |                                      ^
       |                                        _Nullable
/data/data/com.termux/files/home/ExynosTools-LSFG/external/VulkanMemoryAllocator/include/vk_mem_alloc.h:10637:38: note: insert '_Nonnull' if the pointer should never be null
 10637 |         const VmaAllocationCreateInfo* pAllocationCreateInfo,
       |                                      ^
       |                                        _Nonnull
/data/data/com.termux/files/home/ExynosTools-LSFG/external/VulkanMemoryAllocator/include/vk_mem_alloc.h:10638:13: warning: pointer is missing a nullability type specifier (_Nonnull, _Nullable, or _Null_unspecified) [-Wnullability-completeness]
 10638 |         void* pMemoryAllocateNext, // pNext chain for VkMemoryAllocateInfo.
       |             ^
/data/data/com.termux/files/home/ExynosTools-LSFG/external/VulkanMemoryAllocator/include/vk_mem_alloc.h:10638:13: note: insert '_Nullable' if the pointer may be null
 10638 |         void* pMemoryAllocateNext, // pNext chain for VkMemoryAllocateInfo.
       |             ^
       |               _Nullable
/data/data/com.termux/files/home/ExynosTools-LSFG/external/VulkanMemoryAllocator/include/vk_mem_alloc.h:10638:13: note: insert '_Nonnull' if the pointer should never be null
 10638 |         void* pMemoryAllocateNext, // pNext chain for VkMemoryAllocateInfo.
       |             ^
       |               _Nonnull
/data/data/com.termux/files/home/ExynosTools-LSFG/external/VulkanMemoryAllocator/include/vk_mem_alloc.h:10639:9: warning: pointer is missing a nullability type specifier (_Nonnull, _Nullable, or _Null_unspecified) [-Wnullability-completeness]
 10639 |         VkImage* pImage,
       |         ^
/data/data/com.termux/files/home/ExynosTools-LSFG/external/VulkanMemoryAllocator/include/vk_mem_alloc.h:10639:9: note: insert '_Nullable' if the pointer may be null
 10639 |         VkImage* pImage,
       |         ^      
       |                 _Nullable 
/data/data/com.termux/files/home/ExynosTools-LSFG/external/VulkanMemoryAllocator/include/vk_mem_alloc.h:10639:9: note: insert '_Nonnull' if the pointer should never be null
 10639 |         VkImage* pImage,
       |         ^      
       |                 _Nonnull 
/data/data/com.termux/files/home/ExynosTools-LSFG/external/VulkanMemoryAllocator/include/vk_mem_alloc.h:10639:16: warning: pointer is missing a nullability type specifier (_Nonnull, _Nullable, or _Null_unspecified) [-Wnullability-completeness]
 10639 |         VkImage* pImage,
       |                ^
/data/data/com.termux/files/home/ExynosTools-LSFG/external/VulkanMemoryAllocator/include/vk_mem_alloc.h:10639:16: note: insert '_Nullable' if the pointer may be null
 10639 |         VkImage* pImage,
       |                ^
       |                  _Nullable
/data/data/com.termux/files/home/ExynosTools-LSFG/external/VulkanMemoryAllocator/include/vk_mem_alloc.h:10639:16: note: insert '_Nonnull' if the pointer should never be null
 10639 |         VkImage* pImage,
       |                ^
       |                  _Nonnull
/data/data/com.termux/files/home/ExynosTools-LSFG/external/VulkanMemoryAllocator/include/vk_mem_alloc.h:10640:9: warning: pointer is missing a nullability type specifier (_Nonnull, _Nullable, or _Null_unspecified) [-Wnullability-completeness]
 10640 |         VmaAllocation* pAllocation,
       |         ^
/data/data/com.termux/files/home/ExynosTools-LSFG/external/VulkanMemoryAllocator/include/vk_mem_alloc.h:10640:9: note: insert '_Nullable' if the pointer may be null
 10640 |         VmaAllocation* pAllocation,
       |         ^            
       |                       _Nullable 
/data/data/com.termux/files/home/ExynosTools-LSFG/external/VulkanMemoryAllocator/include/vk_mem_alloc.h:10640:9: note: insert '_Nonnull' if the pointer should never be null
 10640 |         VmaAllocation* pAllocation,
       |         ^            
       |                       _Nonnull 
/data/data/com.termux/files/home/ExynosTools-LSFG/external/VulkanMemoryAllocator/include/vk_mem_alloc.h:10640:22: warning: pointer is missing a nullability type specifier (_Nonnull, _Nullable, or _Null_unspecified) [-Wnullability-completeness]
 10640 |         VmaAllocation* pAllocation,
       |                      ^
/data/data/com.termux/files/home/ExynosTools-LSFG/external/VulkanMemoryAllocator/include/vk_mem_alloc.h:10640:22: note: insert '_Nullable' if the pointer may be null
 10640 |         VmaAllocation* pAllocation,
       |                      ^
       |                        _Nullable
/data/data/com.termux/files/home/ExynosTools-LSFG/external/VulkanMemoryAllocator/include/vk_mem_alloc.h:10640:22: note: insert '_Nonnull' if the pointer should never be null
 10640 |         VmaAllocation* pAllocation,
       |                      ^
       |                        _Nonnull
/data/data/com.termux/files/home/ExynosTools-LSFG/external/VulkanMemoryAllocator/include/vk_mem_alloc.h:10641:26: warning: pointer is missing a nullability type specifier (_Nonnull, _Nullable, or _Null_unspecified) [-Wnullability-completeness]
 10641 |         VmaAllocationInfo* pAllocationInfo);
       |                          ^
/data/data/com.termux/files/home/ExynosTools-LSFG/external/VulkanMemoryAllocator/include/vk_mem_alloc.h:10641:26: note: insert '_Nullable' if the pointer may be null
 10641 |         VmaAllocationInfo* pAllocationInfo);
       |                          ^
       |                            _Nullable
/data/data/com.termux/files/home/ExynosTools-LSFG/external/VulkanMemoryAllocator/include/vk_mem_alloc.h:10641:26: note: insert '_Nonnull' if the pointer should never be null
 10641 |         VmaAllocationInfo* pAllocationInfo);
       |                          ^
       |                            _Nonnull
/data/data/com.termux/files/home/ExynosTools-LSFG/external/VulkanMemoryAllocator/include/vk_mem_alloc.h:10648:9: warning: pointer is missing a nullability type specifier (_Nonnull, _Nullable, or _Null_unspecified) [-Wnullability-completeness]
 10648 |         VkBuffer dedicatedBuffer,
       |         ^
/data/data/com.termux/files/home/ExynosTools-LSFG/external/VulkanMemoryAllocator/include/vk_mem_alloc.h:10648:9: note: insert '_Nullable' if the pointer may be null
 10648 |         VkBuffer dedicatedBuffer,
       |         ^
       |                  _Nullable
/data/data/com.termux/files/home/ExynosTools-LSFG/external/VulkanMemoryAllocator/include/vk_mem_alloc.h:10648:9: note: insert '_Nonnull' if the pointer should never be null
 10648 |         VkBuffer dedicatedBuffer,
       |         ^
       |                  _Nonnull
/data/data/com.termux/files/home/ExynosTools-LSFG/external/VulkanMemoryAllocator/include/vk_mem_alloc.h:10649:9: warning: pointer is missing a nullability type specifier (_Nonnull, _Nullable, or _Null_unspecified) [-Wnullability-completeness]
 10649 |         VkImage dedicatedImage,
       |         ^
/data/data/com.termux/files/home/ExynosTools-LSFG/external/VulkanMemoryAllocator/include/vk_mem_alloc.h:10649:9: note: insert '_Nullable' if the pointer may be null
 10649 |         VkImage dedicatedImage,
       |         ^
       |                 _Nullable
/data/data/com.termux/files/home/ExynosTools-LSFG/external/VulkanMemoryAllocator/include/vk_mem_alloc.h:10649:9: note: insert '_Nonnull' if the pointer should never be null
 10649 |         VkImage dedicatedImage,
       |         ^
       |                 _Nonnull
/data/data/com.termux/files/home/ExynosTools-LSFG/external/VulkanMemoryAllocator/include/vk_mem_alloc.h:10651:13: warning: pointer is missing a nullability type specifier (_Nonnull, _Nullable, or _Null_unspecified) [-Wnullability-completeness]
 10651 |         void* pMemoryAllocateNext, // Optional pNext chain for VkMemoryAllocateInfo.
       |             ^
/data/data/com.termux/files/home/ExynosTools-LSFG/external/VulkanMemoryAllocator/include/vk_mem_alloc.h:10651:13: note: insert '_Nullable' if the pointer may be null
 10651 |         void* pMemoryAllocateNext, // Optional pNext chain for VkMemoryAllocateInfo.
       |             ^
       |               _Nullable
/data/data/com.termux/files/home/ExynosTools-LSFG/external/VulkanMemoryAllocator/include/vk_mem_alloc.h:10651:13: note: insert '_Nonnull' if the pointer should never be null
 10651 |         void* pMemoryAllocateNext, // Optional pNext chain for VkMemoryAllocateInfo.
       |             ^
       |               _Nonnull
/data/data/com.termux/files/home/ExynosTools-LSFG/external/VulkanMemoryAllocator/include/vk_mem_alloc.h:10655:9: warning: pointer is missing a nullability type specifier (_Nonnull, _Nullable, or _Null_unspecified) [-Wnullability-completeness]
 10655 |         VmaAllocation* pAllocations);
       |         ^
/data/data/com.termux/files/home/ExynosTools-LSFG/external/VulkanMemoryAllocator/include/vk_mem_alloc.h:10655:9: note: insert '_Nullable' if the pointer may be null
 10655 |         VmaAllocation* pAllocations);
       |         ^            
       |                       _Nullable 
/data/data/com.termux/files/home/ExynosTools-LSFG/external/VulkanMemoryAllocator/include/vk_mem_alloc.h:10655:9: note: insert '_Nonnull' if the pointer should never be null
 10655 |         VmaAllocation* pAllocations);
       |         ^            
       |                       _Nonnull 
/data/data/com.termux/files/home/ExynosTools-LSFG/external/VulkanMemoryAllocator/include/vk_mem_alloc.h:10655:22: warning: pointer is missing a nullability type specifier (_Nonnull, _Nullable, or _Null_unspecified) [-Wnullability-completeness]
 10655 |         VmaAllocation* pAllocations);
       |                      ^
/data/data/com.termux/files/home/ExynosTools-LSFG/external/VulkanMemoryAllocator/include/vk_mem_alloc.h:10655:22: note: insert '_Nullable' if the pointer may be null
 10655 |         VmaAllocation* pAllocations);
       |                      ^
       |                        _Nullable
/data/data/com.termux/files/home/ExynosTools-LSFG/external/VulkanMemoryAllocator/include/vk_mem_alloc.h:10655:22: note: insert '_Nonnull' if the pointer should never be null
 10655 |         VmaAllocation* pAllocations);
       |                      ^
       |                        _Nonnull
/data/data/com.termux/files/home/ExynosTools-LSFG/external/VulkanMemoryAllocator/include/vk_mem_alloc.h:10660:15: warning: pointer is missing a nullability type specifier (_Nonnull, _Nullable, or _Null_unspecified) [-Wnullability-completeness]
 10660 |         const VmaAllocation* pAllocations);
       |               ^
/data/data/com.termux/files/home/ExynosTools-LSFG/external/VulkanMemoryAllocator/include/vk_mem_alloc.h:10660:15: note: insert '_Nullable' if the pointer may be null
 10660 |         const VmaAllocation* pAllocations);
       |               ^            
       |                             _Nullable 
/data/data/com.termux/files/home/ExynosTools-LSFG/external/VulkanMemoryAllocator/include/vk_mem_alloc.h:10660:15: note: insert '_Nonnull' if the pointer should never be null
 10660 |         const VmaAllocation* pAllocations);
       |               ^            
       |                             _Nonnull 
/data/data/com.termux/files/home/ExynosTools-LSFG/external/VulkanMemoryAllocator/include/vk_mem_alloc.h:10660:28: warning: pointer is missing a nullability type specifier (_Nonnull, _Nullable, or _Null_unspecified) [-Wnullability-completeness]
 10660 |         const VmaAllocation* pAllocations);
       |                            ^
/data/data/com.termux/files/home/ExynosTools-LSFG/external/VulkanMemoryAllocator/include/vk_mem_alloc.h:10660:28: note: insert '_Nullable' if the pointer may be null
 10660 |         const VmaAllocation* pAllocations);
       |                            ^
       |                              _Nullable
/data/data/com.termux/files/home/ExynosTools-LSFG/external/VulkanMemoryAllocator/include/vk_mem_alloc.h:10660:28: note: insert '_Nonnull' if the pointer should never be null
 10660 |         const VmaAllocation* pAllocations);
       |                            ^
       |                              _Nonnull
/data/data/com.termux/files/home/ExynosTools-LSFG/external/VulkanMemoryAllocator/include/vk_mem_alloc.h:10662:48: warning: pointer is missing a nullability type specifier (_Nonnull, _Nullable, or _Null_unspecified) [-Wnullability-completeness]
 10662 |     void CalculateStatistics(VmaTotalStatistics* pStats);
       |                                                ^
/data/data/com.termux/files/home/ExynosTools-LSFG/external/VulkanMemoryAllocator/include/vk_mem_alloc.h:10662:48: note: insert '_Nullable' if the pointer may be null
 10662 |     void CalculateStatistics(VmaTotalStatistics* pStats);
       |                                                ^
       |                                                  _Nullable
/data/data/com.termux/files/home/ExynosTools-LSFG/external/VulkanMemoryAllocator/include/vk_mem_alloc.h:10662:48: note: insert '_Nonnull' if the pointer should never be null
 10662 |     void CalculateStatistics(VmaTotalStatistics* pStats);
       |                                                ^
       |                                                  _Nonnull
/data/data/com.termux/files/home/ExynosTools-LSFG/external/VulkanMemoryAllocator/include/vk_mem_alloc.h:10665:18: warning: pointer is missing a nullability type specifier (_Nonnull, _Nullable, or _Null_unspecified) [-Wnullability-completeness]
 10665 |         VmaBudget* outBudgets, uint32_t firstHeap, uint32_t heapCount);
       |                  ^
/data/data/com.termux/files/home/ExynosTools-LSFG/external/VulkanMemoryAllocator/include/vk_mem_alloc.h:10665:18: note: insert '_Nullable' if the pointer may be null
 10665 |         VmaBudget* outBudgets, uint32_t firstHeap, uint32_t heapCount);
       |                  ^
       |                    _Nullable
/data/data/com.termux/files/home/ExynosTools-LSFG/external/VulkanMemoryAllocator/include/vk_mem_alloc.h:10665:18: note: insert '_Nonnull' if the pointer should never be null
 10665 |         VmaBudget* outBudgets, uint32_t firstHeap, uint32_t heapCount);
       |                  ^
       |                    _Nonnull
/data/data/com.termux/files/home/ExynosTools-LSFG/external/VulkanMemoryAllocator/include/vk_mem_alloc.h:10671:35: warning: pointer is missing a nullability type specifier (_Nonnull, _Nullable, or _Null_unspecified) [-Wnullability-completeness]
 10671 |     static void GetAllocationInfo(VmaAllocation hAllocation, VmaAllocationInfo* pAllocationInfo);
       |                                   ^
/data/data/com.termux/files/home/ExynosTools-LSFG/external/VulkanMemoryAllocator/include/vk_mem_alloc.h:10671:35: note: insert '_Nullable' if the pointer may be null
 10671 |     static void GetAllocationInfo(VmaAllocation hAllocation, VmaAllocationInfo* pAllocationInfo);
       |                                   ^
       |                                                 _Nullable
/data/data/com.termux/files/home/ExynosTools-LSFG/external/VulkanMemoryAllocator/include/vk_mem_alloc.h:10671:35: note: insert '_Nonnull' if the pointer should never be null
 10671 |     static void GetAllocationInfo(VmaAllocation hAllocation, VmaAllocationInfo* pAllocationInfo);
       |                                   ^
       |                                                 _Nonnull
/data/data/com.termux/files/home/ExynosTools-LSFG/external/VulkanMemoryAllocator/include/vk_mem_alloc.h:10671:79: warning: pointer is missing a nullability type specifier (_Nonnull, _Nullable, or _Null_unspecified) [-Wnullability-completeness]
 10671 |     static void GetAllocationInfo(VmaAllocation hAllocation, VmaAllocationInfo* pAllocationInfo);
       |                                                                               ^
/data/data/com.termux/files/home/ExynosTools-LSFG/external/VulkanMemoryAllocator/include/vk_mem_alloc.h:10671:79: note: insert '_Nullable' if the pointer may be null
 10671 |     static void GetAllocationInfo(VmaAllocation hAllocation, VmaAllocationInfo* pAllocationInfo);
       |                                                                               ^
       |                                                                                 _Nullable
/data/data/com.termux/files/home/ExynosTools-LSFG/external/VulkanMemoryAllocator/include/vk_mem_alloc.h:10671:79: note: insert '_Nonnull' if the pointer should never be null
 10671 |     static void GetAllocationInfo(VmaAllocation hAllocation, VmaAllocationInfo* pAllocationInfo);
       |                                                                               ^
       |                                                                                 _Nonnull
/data/data/com.termux/files/home/ExynosTools-LSFG/external/VulkanMemoryAllocator/include/vk_mem_alloc.h:10672:36: warning: pointer is missing a nullability type specifier (_Nonnull, _Nullable, or _Null_unspecified) [-Wnullability-completeness]
 10672 |     static void GetAllocationInfo2(VmaAllocation hAllocation, VmaAllocationInfo2* pAllocationInfo);
       |                                    ^
/data/data/com.termux/files/home/ExynosTools-LSFG/external/VulkanMemoryAllocator/include/vk_mem_alloc.h:10672:36: note: insert '_Nullable' if the pointer may be null
 10672 |     static void GetAllocationInfo2(VmaAllocation hAllocation, VmaAllocationInfo2* pAllocationInfo);
       |                                    ^
       |                                                  _Nullable
/data/data/com.termux/files/home/ExynosTools-LSFG/external/VulkanMemoryAllocator/include/vk_mem_alloc.h:10672:36: note: insert '_Nonnull' if the pointer should never be null
 10672 |     static void GetAllocationInfo2(VmaAllocation hAllocation, VmaAllocationInfo2* pAllocationInfo);
       |                                    ^
       |                                                  _Nonnull
/data/data/com.termux/files/home/ExynosTools-LSFG/external/VulkanMemoryAllocator/include/vk_mem_alloc.h:10672:81: warning: pointer is missing a nullability type specifier (_Nonnull, _Nullable, or _Null_unspecified) [-Wnullability-completeness]
 10672 |     static void GetAllocationInfo2(VmaAllocation hAllocation, VmaAllocationInfo2* pAllocationInfo);
       |                                                                                 ^
/data/data/com.termux/files/home/ExynosTools-LSFG/external/VulkanMemoryAllocator/include/vk_mem_alloc.h:10672:81: note: insert '_Nullable' if the pointer may be null
 10672 |     static void GetAllocationInfo2(VmaAllocation hAllocation, VmaAllocationInfo2* pAllocationInfo);
       |                                                                                 ^
       |                                                                                   _Nullable
/data/data/com.termux/files/home/ExynosTools-LSFG/external/VulkanMemoryAllocator/include/vk_mem_alloc.h:10672:81: note: insert '_Nonnull' if the pointer should never be null
 10672 |     static void GetAllocationInfo2(VmaAllocation hAllocation, VmaAllocationInfo2* pAllocationInfo);
       |                                                                                 ^
       |                                                                                   _Nonnull
/data/data/com.termux/files/home/ExynosTools-LSFG/external/VulkanMemoryAllocator/include/vk_mem_alloc.h:10674:48: warning: pointer is missing a nullability type specifier (_Nonnull, _Nullable, or _Null_unspecified) [-Wnullability-completeness]
 10674 |     VkResult CreatePool(const VmaPoolCreateInfo* pCreateInfo, VmaPool* pPool);
       |                                                ^
/data/data/com.termux/files/home/ExynosTools-LSFG/external/VulkanMemoryAllocator/include/vk_mem_alloc.h:10674:48: note: insert '_Nullable' if the pointer may be null
 10674 |     VkResult CreatePool(const VmaPoolCreateInfo* pCreateInfo, VmaPool* pPool);
       |                                                ^
       |                                                  _Nullable
/data/data/com.termux/files/home/ExynosTools-LSFG/external/VulkanMemoryAllocator/include/vk_mem_alloc.h:10674:48: note: insert '_Nonnull' if the pointer should never be null
 10674 |     VkResult CreatePool(const VmaPoolCreateInfo* pCreateInfo, VmaPool* pPool);
       |                                                ^
       |                                                  _Nonnull
/data/data/com.termux/files/home/ExynosTools-LSFG/external/VulkanMemoryAllocator/include/vk_mem_alloc.h:10674:63: warning: pointer is missing a nullability type specifier (_Nonnull, _Nullable, or _Null_unspecified) [-Wnullability-completeness]
 10674 |     VkResult CreatePool(const VmaPoolCreateInfo* pCreateInfo, VmaPool* pPool);
       |                                                               ^
/data/data/com.termux/files/home/ExynosTools-LSFG/external/VulkanMemoryAllocator/include/vk_mem_alloc.h:10674:63: note: insert '_Nullable' if the pointer may be null
 10674 |     VkResult CreatePool(const VmaPoolCreateInfo* pCreateInfo, VmaPool* pPool);
       |                                                               ^      
       |                                                                       _Nullable 
/data/data/com.termux/files/home/ExynosTools-LSFG/external/VulkanMemoryAllocator/include/vk_mem_alloc.h:10674:63: note: insert '_Nonnull' if the pointer should never be null
 10674 |     VkResult CreatePool(const VmaPoolCreateInfo* pCreateInfo, VmaPool* pPool);
       |                                                               ^      
       |                                                                       _Nonnull 
/data/data/com.termux/files/home/ExynosTools-LSFG/external/VulkanMemoryAllocator/include/vk_mem_alloc.h:10674:70: warning: pointer is missing a nullability type specifier (_Nonnull, _Nullable, or _Null_unspecified) [-Wnullability-completeness]
 10674 |     VkResult CreatePool(const VmaPoolCreateInfo* pCreateInfo, VmaPool* pPool);
       |                                                                      ^
/data/data/com.termux/files/home/ExynosTools-LSFG/external/VulkanMemoryAllocator/include/vk_mem_alloc.h:10674:70: note: insert '_Nullable' if the pointer may be null
 10674 |     VkResult CreatePool(const VmaPoolCreateInfo* pCreateInfo, VmaPool* pPool);
       |                                                                      ^
       |                                                                        _Nullable
/data/data/com.termux/files/home/ExynosTools-LSFG/external/VulkanMemoryAllocator/include/vk_mem_alloc.h:10674:70: note: insert '_Nonnull' if the pointer should never be null
 10674 |     VkResult CreatePool(const VmaPoolCreateInfo* pCreateInfo, VmaPool* pPool);
       |                                                                      ^
       |                                                                        _Nonnull
/data/data/com.termux/files/home/ExynosTools-LSFG/external/VulkanMemoryAllocator/include/vk_mem_alloc.h:10675:22: warning: pointer is missing a nullability type specifier (_Nonnull, _Nullable, or _Null_unspecified) [-Wnullability-completeness]
 10675 |     void DestroyPool(VmaPool pool);
       |                      ^
/data/data/com.termux/files/home/ExynosTools-LSFG/external/VulkanMemoryAllocator/include/vk_mem_alloc.h:10675:22: note: insert '_Nullable' if the pointer may be null
 10675 |     void DestroyPool(VmaPool pool);
       |                      ^
       |                              _Nullable
/data/data/com.termux/files/home/ExynosTools-LSFG/external/VulkanMemoryAllocator/include/vk_mem_alloc.h:10675:22: note: insert '_Nonnull' if the pointer should never be null
 10675 |     void DestroyPool(VmaPool pool);
       |                      ^
       |                              _Nonnull
/data/data/com.termux/files/home/ExynosTools-LSFG/external/VulkanMemoryAllocator/include/vk_mem_alloc.h:10676:35: warning: pointer is missing a nullability type specifier (_Nonnull, _Nullable, or _Null_unspecified) [-Wnullability-completeness]
 10676 |     static void GetPoolStatistics(VmaPool pool, VmaStatistics* pPoolStats);
       |                                   ^
/data/data/com.termux/files/home/ExynosTools-LSFG/external/VulkanMemoryAllocator/include/vk_mem_alloc.h:10676:35: note: insert '_Nullable' if the pointer may be null
 10676 |     static void GetPoolStatistics(VmaPool pool, VmaStatistics* pPoolStats);
       |                                   ^
       |                                           _Nullable
/data/data/com.termux/files/home/ExynosTools-LSFG/external/VulkanMemoryAllocator/include/vk_mem_alloc.h:10676:35: note: insert '_Nonnull' if the pointer should never be null
 10676 |     static void GetPoolStatistics(VmaPool pool, VmaStatistics* pPoolStats);
       |                                   ^
       |                                           _Nonnull
/data/data/com.termux/files/home/ExynosTools-LSFG/external/VulkanMemoryAllocator/include/vk_mem_alloc.h:10676:62: warning: pointer is missing a nullability type specifier (_Nonnull, _Nullable, or _Null_unspecified) [-Wnullability-completeness]
 10676 |     static void GetPoolStatistics(VmaPool pool, VmaStatistics* pPoolStats);
       |                                                              ^
/data/data/com.termux/files/home/ExynosTools-LSFG/external/VulkanMemoryAllocator/include/vk_mem_alloc.h:10676:62: note: insert '_Nullable' if the pointer may be null
 10676 |     static void GetPoolStatistics(VmaPool pool, VmaStatistics* pPoolStats);
       |                                                              ^
       |                                                                _Nullable
/data/data/com.termux/files/home/ExynosTools-LSFG/external/VulkanMemoryAllocator/include/vk_mem_alloc.h:10676:62: note: insert '_Nonnull' if the pointer should never be null
 10676 |     static void GetPoolStatistics(VmaPool pool, VmaStatistics* pPoolStats);
       |                                                              ^
       |                                                                _Nonnull
/data/data/com.termux/files/home/ExynosTools-LSFG/external/VulkanMemoryAllocator/include/vk_mem_alloc.h:10677:41: warning: pointer is missing a nullability type specifier (_Nonnull, _Nullable, or _Null_unspecified) [-Wnullability-completeness]
 10677 |     static void CalculatePoolStatistics(VmaPool pool, VmaDetailedStatistics* pPoolStats);
       |                                         ^
/data/data/com.termux/files/home/ExynosTools-LSFG/external/VulkanMemoryAllocator/include/vk_mem_alloc.h:10677:41: note: insert '_Nullable' if the pointer may be null
 10677 |     static void CalculatePoolStatistics(VmaPool pool, VmaDetailedStatistics* pPoolStats);
       |                                         ^
       |                                                 _Nullable
/data/data/com.termux/files/home/ExynosTools-LSFG/external/VulkanMemoryAllocator/include/vk_mem_alloc.h:10677:41: note: insert '_Nonnull' if the pointer should never be null
 10677 |     static void CalculatePoolStatistics(VmaPool pool, VmaDetailedStatistics* pPoolStats);
       |                                         ^
       |                                                 _Nonnull
/data/data/com.termux/files/home/ExynosTools-LSFG/external/VulkanMemoryAllocator/include/vk_mem_alloc.h:10677:76: warning: pointer is missing a nullability type specifier (_Nonnull, _Nullable, or _Null_unspecified) [-Wnullability-completeness]
 10677 |     static void CalculatePoolStatistics(VmaPool pool, VmaDetailedStatistics* pPoolStats);
       |                                                                            ^
/data/data/com.termux/files/home/ExynosTools-LSFG/external/VulkanMemoryAllocator/include/vk_mem_alloc.h:10677:76: note: insert '_Nullable' if the pointer may be null
 10677 |     static void CalculatePoolStatistics(VmaPool pool, VmaDetailedStatistics* pPoolStats);
       |                                                                            ^
       |                                                                              _Nullable
/data/data/com.termux/files/home/ExynosTools-LSFG/external/VulkanMemoryAllocator/include/vk_mem_alloc.h:10677:76: note: insert '_Nonnull' if the pointer should never be null
 10677 |     static void CalculatePoolStatistics(VmaPool pool, VmaDetailedStatistics* pPoolStats);
       |                                                                            ^
       |                                                                              _Nonnull
/data/data/com.termux/files/home/ExynosTools-LSFG/external/VulkanMemoryAllocator/include/vk_mem_alloc.h:10682:41: warning: pointer is missing a nullability type specifier (_Nonnull, _Nullable, or _Null_unspecified) [-Wnullability-completeness]
 10682 |     static VkResult CheckPoolCorruption(VmaPool hPool);
       |                                         ^
/data/data/com.termux/files/home/ExynosTools-LSFG/external/VulkanMemoryAllocator/include/vk_mem_alloc.h:10682:41: note: insert '_Nullable' if the pointer may be null
 10682 |     static VkResult CheckPoolCorruption(VmaPool hPool);
       |                                         ^
       |                                                 _Nullable
/data/data/com.termux/files/home/ExynosTools-LSFG/external/VulkanMemoryAllocator/include/vk_mem_alloc.h:10682:41: note: insert '_Nonnull' if the pointer should never be null
 10682 |     static VkResult CheckPoolCorruption(VmaPool hPool);
       |                                         ^
       |                                                 _Nonnull
/data/data/com.termux/files/home/ExynosTools-LSFG/external/VulkanMemoryAllocator/include/vk_mem_alloc.h:10686:61: warning: pointer is missing a nullability type specifier (_Nonnull, _Nullable, or _Null_unspecified) [-Wnullability-completeness]
 10686 |     VkResult AllocateVulkanMemory(const VkMemoryAllocateInfo* pAllocateInfo, VkDeviceMemory* pMemory);
       |                                                             ^
/data/data/com.termux/files/home/ExynosTools-LSFG/external/VulkanMemoryAllocator/include/vk_mem_alloc.h:10686:61: note: insert '_Nullable' if the pointer may be null
 10686 |     VkResult AllocateVulkanMemory(const VkMemoryAllocateInfo* pAllocateInfo, VkDeviceMemory* pMemory);
       |                                                             ^
       |                                                               _Nullable
/data/data/com.termux/files/home/ExynosTools-LSFG/external/VulkanMemoryAllocator/include/vk_mem_alloc.h:10686:61: note: insert '_Nonnull' if the pointer should never be null
 10686 |     VkResult AllocateVulkanMemory(const VkMemoryAllocateInfo* pAllocateInfo, VkDeviceMemory* pMemory);
       |                                                             ^
       |                                                               _Nonnull
/data/data/com.termux/files/home/ExynosTools-LSFG/external/VulkanMemoryAllocator/include/vk_mem_alloc.h:10686:78: warning: pointer is missing a nullability type specifier (_Nonnull, _Nullable, or _Null_unspecified) [-Wnullability-completeness]
 10686 |     VkResult AllocateVulkanMemory(const VkMemoryAllocateInfo* pAllocateInfo, VkDeviceMemory* pMemory);
       |                                                                              ^
/data/data/com.termux/files/home/ExynosTools-LSFG/external/VulkanMemoryAllocator/include/vk_mem_alloc.h:10686:78: note: insert '_Nullable' if the pointer may be null
 10686 |     VkResult AllocateVulkanMemory(const VkMemoryAllocateInfo* pAllocateInfo, VkDeviceMemory* pMemory);
       |                                                                              ^             
       |                                                                                             _Nullable 
/data/data/com.termux/files/home/ExynosTools-LSFG/external/VulkanMemoryAllocator/include/vk_mem_alloc.h:10686:78: note: insert '_Nonnull' if the pointer should never be null
 10686 |     VkResult AllocateVulkanMemory(const VkMemoryAllocateInfo* pAllocateInfo, VkDeviceMemory* pMemory);
       |                                                                              ^             
       |                                                                                             _Nonnull 
/data/data/com.termux/files/home/ExynosTools-LSFG/external/VulkanMemoryAllocator/include/vk_mem_alloc.h:10686:92: warning: pointer is missing a nullability type specifier (_Nonnull, _Nullable, or _Null_unspecified) [-Wnullability-completeness]
 10686 |     VkResult AllocateVulkanMemory(const VkMemoryAllocateInfo* pAllocateInfo, VkDeviceMemory* pMemory);
       |                                                                                            ^
/data/data/com.termux/files/home/ExynosTools-LSFG/external/VulkanMemoryAllocator/include/vk_mem_alloc.h:10686:92: note: insert '_Nullable' if the pointer may be null
 10686 |     VkResult AllocateVulkanMemory(const VkMemoryAllocateInfo* pAllocateInfo, VkDeviceMemory* pMemory);
       |                                                                                            ^
       |                                                                                              _Nullable
/data/data/com.termux/files/home/ExynosTools-LSFG/external/VulkanMemoryAllocator/include/vk_mem_alloc.h:10686:92: note: insert '_Nonnull' if the pointer should never be null
 10686 |     VkResult AllocateVulkanMemory(const VkMemoryAllocateInfo* pAllocateInfo, VkDeviceMemory* pMemory);
       |                                                                                            ^
       |                                                                                              _Nonnull
/data/data/com.termux/files/home/ExynosTools-LSFG/external/VulkanMemoryAllocator/include/vk_mem_alloc.h:10688:67: warning: pointer is missing a nullability type specifier (_Nonnull, _Nullable, or _Null_unspecified) [-Wnullability-completeness]
 10688 |     void FreeVulkanMemory(uint32_t memoryType, VkDeviceSize size, VkDeviceMemory hMemory);
       |                                                                   ^
/data/data/com.termux/files/home/ExynosTools-LSFG/external/VulkanMemoryAllocator/include/vk_mem_alloc.h:10688:67: note: insert '_Nullable' if the pointer may be null
 10688 |     void FreeVulkanMemory(uint32_t memoryType, VkDeviceSize size, VkDeviceMemory hMemory);
       |                                                                   ^
       |                                                                                  _Nullable
/data/data/com.termux/files/home/ExynosTools-LSFG/external/VulkanMemoryAllocator/include/vk_mem_alloc.h:10688:67: note: insert '_Nonnull' if the pointer should never be null
 10688 |     void FreeVulkanMemory(uint32_t memoryType, VkDeviceSize size, VkDeviceMemory hMemory);
       |                                                                   ^
       |                                                                                  _Nonnull
/data/data/com.termux/files/home/ExynosTools-LSFG/external/VulkanMemoryAllocator/include/vk_mem_alloc.h:10691:9: warning: pointer is missing a nullability type specifier (_Nonnull, _Nullable, or _Null_unspecified) [-Wnullability-completeness]
 10691 |         VkDeviceMemory memory,
       |         ^
/data/data/com.termux/files/home/ExynosTools-LSFG/external/VulkanMemoryAllocator/include/vk_mem_alloc.h:10691:9: note: insert '_Nullable' if the pointer may be null
 10691 |         VkDeviceMemory memory,
       |         ^
       |                        _Nullable
/data/data/com.termux/files/home/ExynosTools-LSFG/external/VulkanMemoryAllocator/include/vk_mem_alloc.h:10691:9: note: insert '_Nonnull' if the pointer should never be null
 10691 |         VkDeviceMemory memory,
       |         ^
       |                        _Nonnull
/data/data/com.termux/files/home/ExynosTools-LSFG/external/VulkanMemoryAllocator/include/vk_mem_alloc.h:10693:9: warning: pointer is missing a nullability type specifier (_Nonnull, _Nullable, or _Null_unspecified) [-Wnullability-completeness]
 10693 |         VkBuffer buffer,
       |         ^
/data/data/com.termux/files/home/ExynosTools-LSFG/external/VulkanMemoryAllocator/include/vk_mem_alloc.h:10693:9: note: insert '_Nullable' if the pointer may be null
 10693 |         VkBuffer buffer,
       |         ^
       |                  _Nullable
/data/data/com.termux/files/home/ExynosTools-LSFG/external/VulkanMemoryAllocator/include/vk_mem_alloc.h:10693:9: note: insert '_Nonnull' if the pointer should never be null
 10693 |         VkBuffer buffer,
       |         ^
       |                  _Nonnull
/data/data/com.termux/files/home/ExynosTools-LSFG/external/VulkanMemoryAllocator/include/vk_mem_alloc.h:10694:19: warning: pointer is missing a nullability type specifier (_Nonnull, _Nullable, or _Null_unspecified) [-Wnullability-completeness]
 10694 |         const void* pNext) const;
       |                   ^
/data/data/com.termux/files/home/ExynosTools-LSFG/external/VulkanMemoryAllocator/include/vk_mem_alloc.h:10694:19: note: insert '_Nullable' if the pointer may be null
 10694 |         const void* pNext) const;
       |                   ^
       |                     _Nullable
/data/data/com.termux/files/home/ExynosTools-LSFG/external/VulkanMemoryAllocator/include/vk_mem_alloc.h:10694:19: note: insert '_Nonnull' if the pointer should never be null
 10694 |         const void* pNext) const;
       |                   ^
       |                     _Nonnull
/data/data/com.termux/files/home/ExynosTools-LSFG/external/VulkanMemoryAllocator/include/vk_mem_alloc.h:10697:9: warning: pointer is missing a nullability type specifier (_Nonnull, _Nullable, or _Null_unspecified) [-Wnullability-completeness]
 10697 |         VkDeviceMemory memory,
       |         ^
/data/data/com.termux/files/home/ExynosTools-LSFG/external/VulkanMemoryAllocator/include/vk_mem_alloc.h:10697:9: note: insert '_Nullable' if the pointer may be null
 10697 |         VkDeviceMemory memory,
       |         ^
       |                        _Nullable
/data/data/com.termux/files/home/ExynosTools-LSFG/external/VulkanMemoryAllocator/include/vk_mem_alloc.h:10697:9: note: insert '_Nonnull' if the pointer should never be null
 10697 |         VkDeviceMemory memory,
       |         ^
       |                        _Nonnull
/data/data/com.termux/files/home/ExynosTools-LSFG/external/VulkanMemoryAllocator/include/vk_mem_alloc.h:10699:9: warning: pointer is missing a nullability type specifier (_Nonnull, _Nullable, or _Null_unspecified) [-Wnullability-completeness]
 10699 |         VkImage image,
       |         ^
/data/data/com.termux/files/home/ExynosTools-LSFG/external/VulkanMemoryAllocator/include/vk_mem_alloc.h:10699:9: note: insert '_Nullable' if the pointer may be null
 10699 |         VkImage image,
       |         ^
       |                 _Nullable
/data/data/com.termux/files/home/ExynosTools-LSFG/external/VulkanMemoryAllocator/include/vk_mem_alloc.h:10699:9: note: insert '_Nonnull' if the pointer should never be null
 10699 |         VkImage image,
       |         ^
       |                 _Nonnull
/data/data/com.termux/files/home/ExynosTools-LSFG/external/VulkanMemoryAllocator/include/vk_mem_alloc.h:10700:19: warning: pointer is missing a nullability type specifier (_Nonnull, _Nullable, or _Null_unspecified) [-Wnullability-completeness]
 10700 |         const void* pNext) const;
       |                   ^
/data/data/com.termux/files/home/ExynosTools-LSFG/external/VulkanMemoryAllocator/include/vk_mem_alloc.h:10700:19: note: insert '_Nullable' if the pointer may be null
 10700 |         const void* pNext) const;
       |                   ^
       |                     _Nullable
/data/data/com.termux/files/home/ExynosTools-LSFG/external/VulkanMemoryAllocator/include/vk_mem_alloc.h:10700:19: note: insert '_Nonnull' if the pointer should never be null
 10700 |         const void* pNext) const;
       |                   ^
       |                     _Nonnull
/data/data/com.termux/files/home/ExynosTools-LSFG/external/VulkanMemoryAllocator/include/vk_mem_alloc.h:10702:18: warning: pointer is missing a nullability type specifier (_Nonnull, _Nullable, or _Null_unspecified) [-Wnullability-completeness]
 10702 |     VkResult Map(VmaAllocation hAllocation, void** ppData);
       |                  ^
/data/data/com.termux/files/home/ExynosTools-LSFG/external/VulkanMemoryAllocator/include/vk_mem_alloc.h:10702:18: note: insert '_Nullable' if the pointer may be null
 10702 |     VkResult Map(VmaAllocation hAllocation, void** ppData);
       |                  ^
       |                                _Nullable
/data/data/com.termux/files/home/ExynosTools-LSFG/external/VulkanMemoryAllocator/include/vk_mem_alloc.h:10702:18: note: insert '_Nonnull' if the pointer should never be null
 10702 |     VkResult Map(VmaAllocation hAllocation, void** ppData);
       |                  ^
       |                                _Nonnull
/data/data/com.termux/files/home/ExynosTools-LSFG/external/VulkanMemoryAllocator/include/vk_mem_alloc.h:10702:49: warning: pointer is missing a nullability type specifier (_Nonnull, _Nullable, or _Null_unspecified) [-Wnullability-completeness]
 10702 |     VkResult Map(VmaAllocation hAllocation, void** ppData);
       |                                                 ^
/data/data/com.termux/files/home/ExynosTools-LSFG/external/VulkanMemoryAllocator/include/vk_mem_alloc.h:10702:49: note: insert '_Nullable' if the pointer may be null
 10702 |     VkResult Map(VmaAllocation hAllocation, void** ppData);
       |                                                 ^
       |                                                  _Nullable
/data/data/com.termux/files/home/ExynosTools-LSFG/external/VulkanMemoryAllocator/include/vk_mem_alloc.h:10702:49: note: insert '_Nonnull' if the pointer should never be null
 10702 |     VkResult Map(VmaAllocation hAllocation, void** ppData);
       |                                                 ^
       |                                                  _Nonnull
/data/data/com.termux/files/home/ExynosTools-LSFG/external/VulkanMemoryAllocator/include/vk_mem_alloc.h:10702:50: warning: pointer is missing a nullability type specifier (_Nonnull, _Nullable, or _Null_unspecified) [-Wnullability-completeness]
 10702 |     VkResult Map(VmaAllocation hAllocation, void** ppData);
       |                                                  ^
/data/data/com.termux/files/home/ExynosTools-LSFG/external/VulkanMemoryAllocator/include/vk_mem_alloc.h:10702:50: note: insert '_Nullable' if the pointer may be null
 10702 |     VkResult Map(VmaAllocation hAllocation, void** ppData);
       |                                                  ^
       |                                                    _Nullable
/data/data/com.termux/files/home/ExynosTools-LSFG/external/VulkanMemoryAllocator/include/vk_mem_alloc.h:10702:50: note: insert '_Nonnull' if the pointer should never be null
 10702 |     VkResult Map(VmaAllocation hAllocation, void** ppData);
       |                                                  ^
       |                                                    _Nonnull
/data/data/com.termux/files/home/ExynosTools-LSFG/external/VulkanMemoryAllocator/include/vk_mem_alloc.h:10703:16: warning: pointer is missing a nullability type specifier (_Nonnull, _Nullable, or _Null_unspecified) [-Wnullability-completeness]
 10703 |     void Unmap(VmaAllocation hAllocation);
       |                ^
/data/data/com.termux/files/home/ExynosTools-LSFG/external/VulkanMemoryAllocator/include/vk_mem_alloc.h:10703:16: note: insert '_Nullable' if the pointer may be null
 10703 |     void Unmap(VmaAllocation hAllocation);
       |                ^
       |                              _Nullable
/data/data/com.termux/files/home/ExynosTools-LSFG/external/VulkanMemoryAllocator/include/vk_mem_alloc.h:10703:16: note: insert '_Nonnull' if the pointer should never be null
 10703 |     void Unmap(VmaAllocation hAllocation);
       |                ^
       |                              _Nonnull
/data/data/com.termux/files/home/ExynosTools-LSFG/external/VulkanMemoryAllocator/include/vk_mem_alloc.h:10706:9: warning: pointer is missing a nullability type specifier (_Nonnull, _Nullable, or _Null_unspecified) [-Wnullability-completeness]
 10706 |         VmaAllocation hAllocation,
       |         ^
/data/data/com.termux/files/home/ExynosTools-LSFG/external/VulkanMemoryAllocator/include/vk_mem_alloc.h:10706:9: note: insert '_Nullable' if the pointer may be null
 10706 |         VmaAllocation hAllocation,
       |         ^
       |                       _Nullable
/data/data/com.termux/files/home/ExynosTools-LSFG/external/VulkanMemoryAllocator/include/vk_mem_alloc.h:10706:9: note: insert '_Nonnull' if the pointer should never be null
 10706 |         VmaAllocation hAllocation,
       |         ^
       |                       _Nonnull
/data/data/com.termux/files/home/ExynosTools-LSFG/external/VulkanMemoryAllocator/include/vk_mem_alloc.h:10708:9: warning: pointer is missing a nullability type specifier (_Nonnull, _Nullable, or _Null_unspecified) [-Wnullability-completeness]
 10708 |         VkBuffer hBuffer,
       |         ^
/data/data/com.termux/files/home/ExynosTools-LSFG/external/VulkanMemoryAllocator/include/vk_mem_alloc.h:10708:9: note: insert '_Nullable' if the pointer may be null
 10708 |         VkBuffer hBuffer,
       |         ^
       |                  _Nullable
/data/data/com.termux/files/home/ExynosTools-LSFG/external/VulkanMemoryAllocator/include/vk_mem_alloc.h:10708:9: note: insert '_Nonnull' if the pointer should never be null
 10708 |         VkBuffer hBuffer,
       |         ^
       |                  _Nonnull
/data/data/com.termux/files/home/ExynosTools-LSFG/external/VulkanMemoryAllocator/include/vk_mem_alloc.h:10709:19: warning: pointer is missing a nullability type specifier (_Nonnull, _Nullable, or _Null_unspecified) [-Wnullability-completeness]
 10709 |         const void* pNext);
       |                   ^
/data/data/com.termux/files/home/ExynosTools-LSFG/external/VulkanMemoryAllocator/include/vk_mem_alloc.h:10709:19: note: insert '_Nullable' if the pointer may be null
 10709 |         const void* pNext);
       |                   ^
       |                     _Nullable
/data/data/com.termux/files/home/ExynosTools-LSFG/external/VulkanMemoryAllocator/include/vk_mem_alloc.h:10709:19: note: insert '_Nonnull' if the pointer should never be null
 10709 |         const void* pNext);
       |                   ^
       |                     _Nonnull
/data/data/com.termux/files/home/ExynosTools-LSFG/external/VulkanMemoryAllocator/include/vk_mem_alloc.h:10711:9: warning: pointer is missing a nullability type specifier (_Nonnull, _Nullable, or _Null_unspecified) [-Wnullability-completeness]
 10711 |         VmaAllocation hAllocation,
       |         ^
/data/data/com.termux/files/home/ExynosTools-LSFG/external/VulkanMemoryAllocator/include/vk_mem_alloc.h:10711:9: note: insert '_Nullable' if the pointer may be null
 10711 |         VmaAllocation hAllocation,
       |         ^
       |                       _Nullable
/data/data/com.termux/files/home/ExynosTools-LSFG/external/VulkanMemoryAllocator/include/vk_mem_alloc.h:10711:9: note: insert '_Nonnull' if the pointer should never be null
 10711 |         VmaAllocation hAllocation,
       |         ^
       |                       _Nonnull
/data/data/com.termux/files/home/ExynosTools-LSFG/external/VulkanMemoryAllocator/include/vk_mem_alloc.h:10713:9: warning: pointer is missing a nullability type specifier (_Nonnull, _Nullable, or _Null_unspecified) [-Wnullability-completeness]
 10713 |         VkImage hImage,
       |         ^
/data/data/com.termux/files/home/ExynosTools-LSFG/external/VulkanMemoryAllocator/include/vk_mem_alloc.h:10713:9: note: insert '_Nullable' if the pointer may be null
 10713 |         VkImage hImage,
       |         ^
       |                 _Nullable
/data/data/com.termux/files/home/ExynosTools-LSFG/external/VulkanMemoryAllocator/include/vk_mem_alloc.h:10713:9: note: insert '_Nonnull' if the pointer should never be null
 10713 |         VkImage hImage,
       |         ^
       |                 _Nonnull
/data/data/com.termux/files/home/ExynosTools-LSFG/external/VulkanMemoryAllocator/include/vk_mem_alloc.h:10714:19: warning: pointer is missing a nullability type specifier (_Nonnull, _Nullable, or _Null_unspecified) [-Wnullability-completeness]
 10714 |         const void* pNext);
       |                   ^
/data/data/com.termux/files/home/ExynosTools-LSFG/external/VulkanMemoryAllocator/include/vk_mem_alloc.h:10714:19: note: insert '_Nullable' if the pointer may be null
 10714 |         const void* pNext);
       |                   ^
       |                     _Nullable
/data/data/com.termux/files/home/ExynosTools-LSFG/external/VulkanMemoryAllocator/include/vk_mem_alloc.h:10714:19: note: insert '_Nonnull' if the pointer should never be null
 10714 |         const void* pNext);
       |                   ^
       |                     _Nonnull
/data/data/com.termux/files/home/ExynosTools-LSFG/external/VulkanMemoryAllocator/include/vk_mem_alloc.h:10717:9: warning: pointer is missing a nullability type specifier (_Nonnull, _Nullable, or _Null_unspecified) [-Wnullability-completeness]
 10717 |         VmaAllocation hAllocation,
       |         ^
/data/data/com.termux/files/home/ExynosTools-LSFG/external/VulkanMemoryAllocator/include/vk_mem_alloc.h:10717:9: note: insert '_Nullable' if the pointer may be null
 10717 |         VmaAllocation hAllocation,
       |         ^
       |                       _Nullable
/data/data/com.termux/files/home/ExynosTools-LSFG/external/VulkanMemoryAllocator/include/vk_mem_alloc.h:10717:9: note: insert '_Nonnull' if the pointer should never be null
 10717 |         VmaAllocation hAllocation,
       |         ^
       |                       _Nonnull
/data/data/com.termux/files/home/ExynosTools-LSFG/external/VulkanMemoryAllocator/include/vk_mem_alloc.h:10722:15: warning: pointer is missing a nullability type specifier (_Nonnull, _Nullable, or _Null_unspecified) [-Wnullability-completeness]
 10722 |         const VmaAllocation* allocations,
       |               ^
/data/data/com.termux/files/home/ExynosTools-LSFG/external/VulkanMemoryAllocator/include/vk_mem_alloc.h:10722:15: note: insert '_Nullable' if the pointer may be null
 10722 |         const VmaAllocation* allocations,
       |               ^            
       |                             _Nullable 
/data/data/com.termux/files/home/ExynosTools-LSFG/external/VulkanMemoryAllocator/include/vk_mem_alloc.h:10722:15: note: insert '_Nonnull' if the pointer should never be null
 10722 |         const VmaAllocation* allocations,
       |               ^            
       |                             _Nonnull 
/data/data/com.termux/files/home/ExynosTools-LSFG/external/VulkanMemoryAllocator/include/vk_mem_alloc.h:10722:28: warning: pointer is missing a nullability type specifier (_Nonnull, _Nullable, or _Null_unspecified) [-Wnullability-completeness]
 10722 |         const VmaAllocation* allocations,
       |                            ^
/data/data/com.termux/files/home/ExynosTools-LSFG/external/VulkanMemoryAllocator/include/vk_mem_alloc.h:10722:28: note: insert '_Nullable' if the pointer may be null
 10722 |         const VmaAllocation* allocations,
       |                            ^
       |                              _Nullable
/data/data/com.termux/files/home/ExynosTools-LSFG/external/VulkanMemoryAllocator/include/vk_mem_alloc.h:10722:28: note: insert '_Nonnull' if the pointer should never be null
 10722 |         const VmaAllocation* allocations,
       |                            ^
       |                              _Nonnull
/data/data/com.termux/files/home/ExynosTools-LSFG/external/VulkanMemoryAllocator/include/vk_mem_alloc.h:10723:27: warning: pointer is missing a nullability type specifier (_Nonnull, _Nullable, or _Null_unspecified) [-Wnullability-completeness]
 10723 |         const VkDeviceSize* offsets, const VkDeviceSize* sizes,
       |                           ^
/data/data/com.termux/files/home/ExynosTools-LSFG/external/VulkanMemoryAllocator/include/vk_mem_alloc.h:10723:27: note: insert '_Nullable' if the pointer may be null
 10723 |         const VkDeviceSize* offsets, const VkDeviceSize* sizes,
       |                           ^
       |                             _Nullable
/data/data/com.termux/files/home/ExynosTools-LSFG/external/VulkanMemoryAllocator/include/vk_mem_alloc.h:10723:27: note: insert '_Nonnull' if the pointer should never be null
 10723 |         const VkDeviceSize* offsets, const VkDeviceSize* sizes,
       |                           ^
       |                             _Nonnull
/data/data/com.termux/files/home/ExynosTools-LSFG/external/VulkanMemoryAllocator/include/vk_mem_alloc.h:10723:56: warning: pointer is missing a nullability type specifier (_Nonnull, _Nullable, or _Null_unspecified) [-Wnullability-completeness]
 10723 |         const VkDeviceSize* offsets, const VkDeviceSize* sizes,
       |                                                        ^
/data/data/com.termux/files/home/ExynosTools-LSFG/external/VulkanMemoryAllocator/include/vk_mem_alloc.h:10723:56: note: insert '_Nullable' if the pointer may be null
 10723 |         const VkDeviceSize* offsets, const VkDeviceSize* sizes,
       |                                                        ^
       |                                                          _Nullable
/data/data/com.termux/files/home/ExynosTools-LSFG/external/VulkanMemoryAllocator/include/vk_mem_alloc.h:10723:56: note: insert '_Nonnull' if the pointer should never be null
 10723 |         const VkDeviceSize* offsets, const VkDeviceSize* sizes,
       |                                                        ^
       |                                                          _Nonnull
/data/data/com.termux/files/home/ExynosTools-LSFG/external/VulkanMemoryAllocator/include/vk_mem_alloc.h:10727:19: warning: pointer is missing a nullability type specifier (_Nonnull, _Nullable, or _Null_unspecified) [-Wnullability-completeness]
 10727 |         const void* pSrcHostPointer,
       |                   ^
/data/data/com.termux/files/home/ExynosTools-LSFG/external/VulkanMemoryAllocator/include/vk_mem_alloc.h:10727:19: note: insert '_Nullable' if the pointer may be null
 10727 |         const void* pSrcHostPointer,
       |                   ^
       |                     _Nullable
/data/data/com.termux/files/home/ExynosTools-LSFG/external/VulkanMemoryAllocator/include/vk_mem_alloc.h:10727:19: note: insert '_Nonnull' if the pointer should never be null
 10727 |         const void* pSrcHostPointer,
       |                   ^
       |                     _Nonnull
/data/data/com.termux/files/home/ExynosTools-LSFG/external/VulkanMemoryAllocator/include/vk_mem_alloc.h:10728:9: warning: pointer is missing a nullability type specifier (_Nonnull, _Nullable, or _Null_unspecified) [-Wnullability-completeness]
 10728 |         VmaAllocation dstAllocation,
       |         ^
/data/data/com.termux/files/home/ExynosTools-LSFG/external/VulkanMemoryAllocator/include/vk_mem_alloc.h:10728:9: note: insert '_Nullable' if the pointer may be null
 10728 |         VmaAllocation dstAllocation,
       |         ^
       |                       _Nullable
/data/data/com.termux/files/home/ExynosTools-LSFG/external/VulkanMemoryAllocator/include/vk_mem_alloc.h:10728:9: note: insert '_Nonnull' if the pointer should never be null
 10728 |         VmaAllocation dstAllocation,
       |         ^
       |                       _Nonnull
/data/data/com.termux/files/home/ExynosTools-LSFG/external/VulkanMemoryAllocator/include/vk_mem_alloc.h:10732:9: warning: pointer is missing a nullability type specifier (_Nonnull, _Nullable, or _Null_unspecified) [-Wnullability-completeness]
 10732 |         VmaAllocation srcAllocation,
       |         ^
/data/data/com.termux/files/home/ExynosTools-LSFG/external/VulkanMemoryAllocator/include/vk_mem_alloc.h:10732:9: note: insert '_Nullable' if the pointer may be null
 10732 |         VmaAllocation srcAllocation,
       |         ^
       |                       _Nullable
/data/data/com.termux/files/home/ExynosTools-LSFG/external/VulkanMemoryAllocator/include/vk_mem_alloc.h:10732:9: note: insert '_Nonnull' if the pointer should never be null
 10732 |         VmaAllocation srcAllocation,
       |         ^
       |                       _Nonnull
/data/data/com.termux/files/home/ExynosTools-LSFG/external/VulkanMemoryAllocator/include/vk_mem_alloc.h:10734:13: warning: pointer is missing a nullability type specifier (_Nonnull, _Nullable, or _Null_unspecified) [-Wnullability-completeness]
 10734 |         void* pDstHostPointer,
       |             ^
/data/data/com.termux/files/home/ExynosTools-LSFG/external/VulkanMemoryAllocator/include/vk_mem_alloc.h:10734:13: note: insert '_Nullable' if the pointer may be null
 10734 |         void* pDstHostPointer,
       |             ^
       |               _Nullable
/data/data/com.termux/files/home/ExynosTools-LSFG/external/VulkanMemoryAllocator/include/vk_mem_alloc.h:10734:13: note: insert '_Nonnull' if the pointer should never be null
 10734 |         void* pDstHostPointer,
       |             ^
       |               _Nonnull
/data/data/com.termux/files/home/ExynosTools-LSFG/external/VulkanMemoryAllocator/include/vk_mem_alloc.h:10737:25: warning: pointer is missing a nullability type specifier (_Nonnull, _Nullable, or _Null_unspecified) [-Wnullability-completeness]
 10737 |     void FillAllocation(VmaAllocation hAllocation, uint8_t pattern);
       |                         ^
/data/data/com.termux/files/home/ExynosTools-LSFG/external/VulkanMemoryAllocator/include/vk_mem_alloc.h:10737:25: note: insert '_Nullable' if the pointer may be null
 10737 |     void FillAllocation(VmaAllocation hAllocation, uint8_t pattern);
       |                         ^
       |                                       _Nullable
/data/data/com.termux/files/home/ExynosTools-LSFG/external/VulkanMemoryAllocator/include/vk_mem_alloc.h:10737:25: note: insert '_Nonnull' if the pointer should never be null
 10737 |     void FillAllocation(VmaAllocation hAllocation, uint8_t pattern);
       |                         ^
       |                                       _Nonnull
/data/data/com.termux/files/home/ExynosTools-LSFG/external/VulkanMemoryAllocator/include/vk_mem_alloc.h:10755:5: warning: pointer is missing a nullability type specifier (_Nonnull, _Nullable, or _Null_unspecified) [-Wnullability-completeness]
 10755 |     VkPhysicalDevice m_PhysicalDevice;
       |     ^
/data/data/com.termux/files/home/ExynosTools-LSFG/external/VulkanMemoryAllocator/include/vk_mem_alloc.h:10755:5: note: insert '_Nullable' if the pointer may be null
 10755 |     VkPhysicalDevice m_PhysicalDevice;
       |     ^
       |                      _Nullable
/data/data/com.termux/files/home/ExynosTools-LSFG/external/VulkanMemoryAllocator/include/vk_mem_alloc.h:10755:5: note: insert '_Nonnull' if the pointer should never be null
 10755 |     VkPhysicalDevice m_PhysicalDevice;
       |     ^
       |                      _Nonnull
/data/data/com.termux/files/home/ExynosTools-LSFG/external/VulkanMemoryAllocator/include/vk_mem_alloc.h:10773:56: warning: pointer is missing a nullability type specifier (_Nonnull, _Nullable, or _Null_unspecified) [-Wnullability-completeness]
 10773 |     void ImportVulkanFunctions(const VmaVulkanFunctions* pVulkanFunctions);
       |                                                        ^
/data/data/com.termux/files/home/ExynosTools-LSFG/external/VulkanMemoryAllocator/include/vk_mem_alloc.h:10773:56: note: insert '_Nullable' if the pointer may be null
 10773 |     void ImportVulkanFunctions(const VmaVulkanFunctions* pVulkanFunctions);
       |                                                        ^
       |                                                          _Nullable
/data/data/com.termux/files/home/ExynosTools-LSFG/external/VulkanMemoryAllocator/include/vk_mem_alloc.h:10773:56: note: insert '_Nonnull' if the pointer should never be null
 10773 |     void ImportVulkanFunctions(const VmaVulkanFunctions* pVulkanFunctions);
       |                                                        ^
       |                                                          _Nonnull
/data/data/com.termux/files/home/ExynosTools-LSFG/external/VulkanMemoryAllocator/include/vk_mem_alloc.h:10779:63: warning: pointer is missing a nullability type specifier (_Nonnull, _Nullable, or _Null_unspecified) [-Wnullability-completeness]
 10779 |     void ImportVulkanFunctions_Custom(const VmaVulkanFunctions* pVulkanFunctions);
       |                                                               ^
/data/data/com.termux/files/home/ExynosTools-LSFG/external/VulkanMemoryAllocator/include/vk_mem_alloc.h:10779:63: note: insert '_Nullable' if the pointer may be null
 10779 |     void ImportVulkanFunctions_Custom(const VmaVulkanFunctions* pVulkanFunctions);
       |                                                               ^
       |                                                                 _Nullable
/data/data/com.termux/files/home/ExynosTools-LSFG/external/VulkanMemoryAllocator/include/vk_mem_alloc.h:10779:63: note: insert '_Nonnull' if the pointer should never be null
 10779 |     void ImportVulkanFunctions_Custom(const VmaVulkanFunctions* pVulkanFunctions);
       |                                                               ^
       |                                                                 _Nonnull
/data/data/com.termux/files/home/ExynosTools-LSFG/external/VulkanMemoryAllocator/include/vk_mem_alloc.h:10790:9: warning: pointer is missing a nullability type specifier (_Nonnull, _Nullable, or _Null_unspecified) [-Wnullability-completeness]
 10790 |         VmaPool pool,
       |         ^
/data/data/com.termux/files/home/ExynosTools-LSFG/external/VulkanMemoryAllocator/include/vk_mem_alloc.h:10790:9: note: insert '_Nullable' if the pointer may be null
 10790 |         VmaPool pool,
       |         ^
       |                 _Nullable
/data/data/com.termux/files/home/ExynosTools-LSFG/external/VulkanMemoryAllocator/include/vk_mem_alloc.h:10790:9: note: insert '_Nonnull' if the pointer should never be null
 10790 |         VmaPool pool,
       |         ^
       |                 _Nonnull
/data/data/com.termux/files/home/ExynosTools-LSFG/external/VulkanMemoryAllocator/include/vk_mem_alloc.h:10794:9: warning: pointer is missing a nullability type specifier (_Nonnull, _Nullable, or _Null_unspecified) [-Wnullability-completeness]
 10794 |         VkBuffer dedicatedBuffer,
       |         ^
/data/data/com.termux/files/home/ExynosTools-LSFG/external/VulkanMemoryAllocator/include/vk_mem_alloc.h:10794:9: note: insert '_Nullable' if the pointer may be null
 10794 |         VkBuffer dedicatedBuffer,
       |         ^
       |                  _Nullable
/data/data/com.termux/files/home/ExynosTools-LSFG/external/VulkanMemoryAllocator/include/vk_mem_alloc.h:10794:9: note: insert '_Nonnull' if the pointer should never be null
 10794 |         VkBuffer dedicatedBuffer,
       |         ^
       |                  _Nonnull
/data/data/com.termux/files/home/ExynosTools-LSFG/external/VulkanMemoryAllocator/include/vk_mem_alloc.h:10795:9: warning: pointer is missing a nullability type specifier (_Nonnull, _Nullable, or _Null_unspecified) [-Wnullability-completeness]
 10795 |         VkImage dedicatedImage,
       |         ^
/data/data/com.termux/files/home/ExynosTools-LSFG/external/VulkanMemoryAllocator/include/vk_mem_alloc.h:10795:9: note: insert '_Nullable' if the pointer may be null
 10795 |         VkImage dedicatedImage,
       |         ^
       |                 _Nullable
/data/data/com.termux/files/home/ExynosTools-LSFG/external/VulkanMemoryAllocator/include/vk_mem_alloc.h:10795:9: note: insert '_Nonnull' if the pointer should never be null
 10795 |         VkImage dedicatedImage,
       |         ^
       |                 _Nonnull
/data/data/com.termux/files/home/ExynosTools-LSFG/external/VulkanMemoryAllocator/include/vk_mem_alloc.h:10797:13: warning: pointer is missing a nullability type specifier (_Nonnull, _Nullable, or _Null_unspecified) [-Wnullability-completeness]
 10797 |         void* pMemoryAllocateNext, // Optional pNext chain for VkMemoryAllocateInfo.
       |             ^
/data/data/com.termux/files/home/ExynosTools-LSFG/external/VulkanMemoryAllocator/include/vk_mem_alloc.h:10797:13: note: insert '_Nullable' if the pointer may be null
 10797 |         void* pMemoryAllocateNext, // Optional pNext chain for VkMemoryAllocateInfo.
       |             ^
       |               _Nullable
/data/data/com.termux/files/home/ExynosTools-LSFG/external/VulkanMemoryAllocator/include/vk_mem_alloc.h:10797:13: note: insert '_Nonnull' if the pointer should never be null
 10797 |         void* pMemoryAllocateNext, // Optional pNext chain for VkMemoryAllocateInfo.
       |             ^
       |               _Nonnull
/data/data/com.termux/files/home/ExynosTools-LSFG/external/VulkanMemoryAllocator/include/vk_mem_alloc.h:10804:9: warning: pointer is missing a nullability type specifier (_Nonnull, _Nullable, or _Null_unspecified) [-Wnullability-completeness]
 10804 |         VmaAllocation* pAllocations);
       |         ^
/data/data/com.termux/files/home/ExynosTools-LSFG/external/VulkanMemoryAllocator/include/vk_mem_alloc.h:10804:9: note: insert '_Nullable' if the pointer may be null
 10804 |         VmaAllocation* pAllocations);
       |         ^            
       |                       _Nullable 
/data/data/com.termux/files/home/ExynosTools-LSFG/external/VulkanMemoryAllocator/include/vk_mem_alloc.h:10804:9: note: insert '_Nonnull' if the pointer should never be null
 10804 |         VmaAllocation* pAllocations);
       |         ^            
       |                       _Nonnull 
/data/data/com.termux/files/home/ExynosTools-LSFG/external/VulkanMemoryAllocator/include/vk_mem_alloc.h:10804:22: warning: pointer is missing a nullability type specifier (_Nonnull, _Nullable, or _Null_unspecified) [-Wnullability-completeness]
 10804 |         VmaAllocation* pAllocations);
       |                      ^
/data/data/com.termux/files/home/ExynosTools-LSFG/external/VulkanMemoryAllocator/include/vk_mem_alloc.h:10804:22: note: insert '_Nullable' if the pointer may be null
 10804 |         VmaAllocation* pAllocations);
       |                      ^
       |                        _Nullable
/data/data/com.termux/files/home/ExynosTools-LSFG/external/VulkanMemoryAllocator/include/vk_mem_alloc.h:10804:22: note: insert '_Nonnull' if the pointer should never be null
 10804 |         VmaAllocation* pAllocations);
       |                      ^
       |                        _Nonnull
/data/data/com.termux/files/home/ExynosTools-LSFG/external/VulkanMemoryAllocator/include/vk_mem_alloc.h:10808:9: warning: pointer is missing a nullability type specifier (_Nonnull, _Nullable, or _Null_unspecified) [-Wnullability-completeness]
 10808 |         VmaPool pool,
       |         ^
/data/data/com.termux/files/home/ExynosTools-LSFG/external/VulkanMemoryAllocator/include/vk_mem_alloc.h:10808:9: note: insert '_Nullable' if the pointer may be null
 10808 |         VmaPool pool,
       |         ^
       |                 _Nullable
/data/data/com.termux/files/home/ExynosTools-LSFG/external/VulkanMemoryAllocator/include/vk_mem_alloc.h:10808:9: note: insert '_Nonnull' if the pointer should never be null
 10808 |         VmaPool pool,
       |         ^
       |                 _Nonnull
/data/data/com.termux/files/home/ExynosTools-LSFG/external/VulkanMemoryAllocator/include/vk_mem_alloc.h:10816:13: warning: pointer is missing a nullability type specifier (_Nonnull, _Nullable, or _Null_unspecified) [-Wnullability-completeness]
 10816 |         void* pUserData,
       |             ^
/data/data/com.termux/files/home/ExynosTools-LSFG/external/VulkanMemoryAllocator/include/vk_mem_alloc.h:10816:13: note: insert '_Nullable' if the pointer may be null
 10816 |         void* pUserData,
       |             ^
       |               _Nullable
/data/data/com.termux/files/home/ExynosTools-LSFG/external/VulkanMemoryAllocator/include/vk_mem_alloc.h:10816:13: note: insert '_Nonnull' if the pointer should never be null
 10816 |         void* pUserData,
       |             ^
       |               _Nonnull
/data/data/com.termux/files/home/ExynosTools-LSFG/external/VulkanMemoryAllocator/include/vk_mem_alloc.h:10817:9: warning: pointer is missing a nullability type specifier (_Nonnull, _Nullable, or _Null_unspecified) [-Wnullability-completeness]
 10817 |         VmaAllocation* pAllocation);
       |         ^
/data/data/com.termux/files/home/ExynosTools-LSFG/external/VulkanMemoryAllocator/include/vk_mem_alloc.h:10817:9: note: insert '_Nullable' if the pointer may be null
 10817 |         VmaAllocation* pAllocation);
       |         ^            
       |                       _Nullable 
/data/data/com.termux/files/home/ExynosTools-LSFG/external/VulkanMemoryAllocator/include/vk_mem_alloc.h:10817:9: note: insert '_Nonnull' if the pointer should never be null
 10817 |         VmaAllocation* pAllocation);
       |         ^            
       |                       _Nonnull 
/data/data/com.termux/files/home/ExynosTools-LSFG/external/VulkanMemoryAllocator/include/vk_mem_alloc.h:10817:22: warning: pointer is missing a nullability type specifier (_Nonnull, _Nullable, or _Null_unspecified) [-Wnullability-completeness]
 10817 |         VmaAllocation* pAllocation);
       |                      ^
/data/data/com.termux/files/home/ExynosTools-LSFG/external/VulkanMemoryAllocator/include/vk_mem_alloc.h:10817:22: note: insert '_Nullable' if the pointer may be null
 10817 |         VmaAllocation* pAllocation);
       |                      ^
       |                        _Nullable
/data/data/com.termux/files/home/ExynosTools-LSFG/external/VulkanMemoryAllocator/include/vk_mem_alloc.h:10817:22: note: insert '_Nonnull' if the pointer should never be null
 10817 |         VmaAllocation* pAllocation);
       |                      ^
       |                        _Nonnull
/data/data/com.termux/files/home/ExynosTools-LSFG/external/VulkanMemoryAllocator/include/vk_mem_alloc.h:10821:9: warning: pointer is missing a nullability type specifier (_Nonnull, _Nullable, or _Null_unspecified) [-Wnullability-completeness]
 10821 |         VmaPool pool,
       |         ^
/data/data/com.termux/files/home/ExynosTools-LSFG/external/VulkanMemoryAllocator/include/vk_mem_alloc.h:10821:9: note: insert '_Nullable' if the pointer may be null
 10821 |         VmaPool pool,
       |         ^
       |                 _Nullable
/data/data/com.termux/files/home/ExynosTools-LSFG/external/VulkanMemoryAllocator/include/vk_mem_alloc.h:10821:9: note: insert '_Nonnull' if the pointer should never be null
 10821 |         VmaPool pool,
       |         ^
       |                 _Nonnull
/data/data/com.termux/files/home/ExynosTools-LSFG/external/VulkanMemoryAllocator/include/vk_mem_alloc.h:10830:13: warning: pointer is missing a nullability type specifier (_Nonnull, _Nullable, or _Null_unspecified) [-Wnullability-completeness]
 10830 |         void* pUserData,
       |             ^
/data/data/com.termux/files/home/ExynosTools-LSFG/external/VulkanMemoryAllocator/include/vk_mem_alloc.h:10830:13: note: insert '_Nullable' if the pointer may be null
 10830 |         void* pUserData,
       |             ^
       |               _Nullable
/data/data/com.termux/files/home/ExynosTools-LSFG/external/VulkanMemoryAllocator/include/vk_mem_alloc.h:10830:13: note: insert '_Nonnull' if the pointer should never be null
 10830 |         void* pUserData,
       |             ^
       |               _Nonnull
/data/data/com.termux/files/home/ExynosTools-LSFG/external/VulkanMemoryAllocator/include/vk_mem_alloc.h:10832:9: warning: pointer is missing a nullability type specifier (_Nonnull, _Nullable, or _Null_unspecified) [-Wnullability-completeness]
 10832 |         VkBuffer dedicatedBuffer,
       |         ^
/data/data/com.termux/files/home/ExynosTools-LSFG/external/VulkanMemoryAllocator/include/vk_mem_alloc.h:10832:9: note: insert '_Nullable' if the pointer may be null
 10832 |         VkBuffer dedicatedBuffer,
       |         ^
       |                  _Nullable
/data/data/com.termux/files/home/ExynosTools-LSFG/external/VulkanMemoryAllocator/include/vk_mem_alloc.h:10832:9: note: insert '_Nonnull' if the pointer should never be null
 10832 |         VkBuffer dedicatedBuffer,
       |         ^
       |                  _Nonnull
/data/data/com.termux/files/home/ExynosTools-LSFG/external/VulkanMemoryAllocator/include/vk_mem_alloc.h:10833:9: warning: pointer is missing a nullability type specifier (_Nonnull, _Nullable, or _Null_unspecified) [-Wnullability-completeness]
 10833 |         VkImage dedicatedImage,
       |         ^
/data/data/com.termux/files/home/ExynosTools-LSFG/external/VulkanMemoryAllocator/include/vk_mem_alloc.h:10833:9: note: insert '_Nullable' if the pointer may be null
 10833 |         VkImage dedicatedImage,
       |         ^
       |                 _Nullable
/data/data/com.termux/files/home/ExynosTools-LSFG/external/VulkanMemoryAllocator/include/vk_mem_alloc.h:10833:9: note: insert '_Nonnull' if the pointer should never be null
 10833 |         VkImage dedicatedImage,
       |         ^
       |                 _Nonnull
/data/data/com.termux/files/home/ExynosTools-LSFG/external/VulkanMemoryAllocator/include/vk_mem_alloc.h:10836:9: warning: pointer is missing a nullability type specifier (_Nonnull, _Nullable, or _Null_unspecified) [-Wnullability-completeness]
 10836 |         VmaAllocation* pAllocations,
       |         ^
/data/data/com.termux/files/home/ExynosTools-LSFG/external/VulkanMemoryAllocator/include/vk_mem_alloc.h:10836:9: note: insert '_Nullable' if the pointer may be null
 10836 |         VmaAllocation* pAllocations,
       |         ^            
       |                       _Nullable 
/data/data/com.termux/files/home/ExynosTools-LSFG/external/VulkanMemoryAllocator/include/vk_mem_alloc.h:10836:9: note: insert '_Nonnull' if the pointer should never be null
 10836 |         VmaAllocation* pAllocations,
       |         ^            
       |                       _Nonnull 
/data/data/com.termux/files/home/ExynosTools-LSFG/external/VulkanMemoryAllocator/include/vk_mem_alloc.h:10836:22: warning: pointer is missing a nullability type specifier (_Nonnull, _Nullable, or _Null_unspecified) [-Wnullability-completeness]
 10836 |         VmaAllocation* pAllocations,
       |                      ^
/data/data/com.termux/files/home/ExynosTools-LSFG/external/VulkanMemoryAllocator/include/vk_mem_alloc.h:10836:22: note: insert '_Nullable' if the pointer may be null
 10836 |         VmaAllocation* pAllocations,
       |                      ^
       |                        _Nullable
/data/data/com.termux/files/home/ExynosTools-LSFG/external/VulkanMemoryAllocator/include/vk_mem_alloc.h:10836:22: note: insert '_Nonnull' if the pointer should never be null
 10836 |         VmaAllocation* pAllocations,
       |                      ^
       |                        _Nonnull
/data/data/com.termux/files/home/ExynosTools-LSFG/external/VulkanMemoryAllocator/include/vk_mem_alloc.h:10837:19: warning: pointer is missing a nullability type specifier (_Nonnull, _Nullable, or _Null_unspecified) [-Wnullability-completeness]
 10837 |         const void* pNextChain);
       |                   ^
/data/data/com.termux/files/home/ExynosTools-LSFG/external/VulkanMemoryAllocator/include/vk_mem_alloc.h:10837:19: note: insert '_Nullable' if the pointer may be null
 10837 |         const void* pNextChain);
       |                   ^
       |                     _Nullable
/data/data/com.termux/files/home/ExynosTools-LSFG/external/VulkanMemoryAllocator/include/vk_mem_alloc.h:10837:19: note: insert '_Nonnull' if the pointer should never be null
 10837 |         const void* pNextChain);
       |                   ^
       |                     _Nonnull
/data/data/com.termux/files/home/ExynosTools-LSFG/external/VulkanMemoryAllocator/include/vk_mem_alloc.h:10839:30: warning: pointer is missing a nullability type specifier (_Nonnull, _Nullable, or _Null_unspecified) [-Wnullability-completeness]
 10839 |     void FreeDedicatedMemory(VmaAllocation allocation);
       |                              ^
/data/data/com.termux/files/home/ExynosTools-LSFG/external/VulkanMemoryAllocator/include/vk_mem_alloc.h:10839:30: note: insert '_Nullable' if the pointer may be null
 10839 |     void FreeDedicatedMemory(VmaAllocation allocation);
       |                              ^
       |                                            _Nullable
/data/data/com.termux/files/home/ExynosTools-LSFG/external/VulkanMemoryAllocator/include/vk_mem_alloc.h:10839:30: note: insert '_Nonnull' if the pointer should never be null
 10839 |     void FreeDedicatedMemory(VmaAllocation allocation);
       |                              ^
       |                                            _Nonnull
/data/data/com.termux/files/home/ExynosTools-LSFG/external/VulkanMemoryAllocator/include/vk_mem_alloc.h:10858:9: warning: pointer is missing a nullability type specifier (_Nonnull, _Nullable, or _Null_unspecified) [-Wnullability-completeness]
 10858 |         VmaAllocation allocation,
       |         ^
/data/data/com.termux/files/home/ExynosTools-LSFG/external/VulkanMemoryAllocator/include/vk_mem_alloc.h:10858:9: note: insert '_Nullable' if the pointer may be null
 10858 |         VmaAllocation allocation,
       |         ^
       |                       _Nullable
/data/data/com.termux/files/home/ExynosTools-LSFG/external/VulkanMemoryAllocator/include/vk_mem_alloc.h:10858:9: note: insert '_Nonnull' if the pointer should never be null
 10858 |         VmaAllocation allocation,
       |         ^
       |                       _Nonnull
/data/data/com.termux/files/home/ExynosTools-LSFG/external/VulkanMemoryAllocator/include/vk_mem_alloc.h:10871:24: warning: pointer is missing a nullability type specifier (_Nonnull, _Nullable, or _Null_unspecified) [-Wnullability-completeness]
 10871 | inline void* VmaMalloc(VmaAllocator hAllocator, size_t size, size_t alignment)
       |                        ^
/data/data/com.termux/files/home/ExynosTools-LSFG/external/VulkanMemoryAllocator/include/vk_mem_alloc.h:10871:24: note: insert '_Nullable' if the pointer may be null
 10871 | inline void* VmaMalloc(VmaAllocator hAllocator, size_t size, size_t alignment)
       |                        ^
       |                                     _Nullable
/data/data/com.termux/files/home/ExynosTools-LSFG/external/VulkanMemoryAllocator/include/vk_mem_alloc.h:10871:24: note: insert '_Nonnull' if the pointer should never be null
 10871 | inline void* VmaMalloc(VmaAllocator hAllocator, size_t size, size_t alignment)
       |                        ^
       |                                     _Nonnull
/data/data/com.termux/files/home/ExynosTools-LSFG/external/VulkanMemoryAllocator/include/vk_mem_alloc.h:10871:12: warning: pointer is missing a nullability type specifier (_Nonnull, _Nullable, or _Null_unspecified) [-Wnullability-completeness]
 10871 | inline void* VmaMalloc(VmaAllocator hAllocator, size_t size, size_t alignment)
       |            ^
/data/data/com.termux/files/home/ExynosTools-LSFG/external/VulkanMemoryAllocator/include/vk_mem_alloc.h:10871:12: note: insert '_Nullable' if the pointer may be null
 10871 | inline void* VmaMalloc(VmaAllocator hAllocator, size_t size, size_t alignment)
       |            ^
       |              _Nullable
/data/data/com.termux/files/home/ExynosTools-LSFG/external/VulkanMemoryAllocator/include/vk_mem_alloc.h:10871:12: note: insert '_Nonnull' if the pointer should never be null
 10871 | inline void* VmaMalloc(VmaAllocator hAllocator, size_t size, size_t alignment)
       |            ^
       |              _Nonnull
/data/data/com.termux/files/home/ExynosTools-LSFG/external/VulkanMemoryAllocator/include/vk_mem_alloc.h:10876:21: warning: pointer is missing a nullability type specifier (_Nonnull, _Nullable, or _Null_unspecified) [-Wnullability-completeness]
 10876 | inline void VmaFree(VmaAllocator hAllocator, void* ptr)
       |                     ^
/data/data/com.termux/files/home/ExynosTools-LSFG/external/VulkanMemoryAllocator/include/vk_mem_alloc.h:10876:21: note: insert '_Nullable' if the pointer may be null
 10876 | inline void VmaFree(VmaAllocator hAllocator, void* ptr)
       |                     ^
       |                                  _Nullable
/data/data/com.termux/files/home/ExynosTools-LSFG/external/VulkanMemoryAllocator/include/vk_mem_alloc.h:10876:21: note: insert '_Nonnull' if the pointer should never be null
 10876 | inline void VmaFree(VmaAllocator hAllocator, void* ptr)
       |                     ^
       |                                  _Nonnull
/data/data/com.termux/files/home/ExynosTools-LSFG/external/VulkanMemoryAllocator/include/vk_mem_alloc.h:10876:50: warning: pointer is missing a nullability type specifier (_Nonnull, _Nullable, or _Null_unspecified) [-Wnullability-completeness]
 10876 | inline void VmaFree(VmaAllocator hAllocator, void* ptr)
       |                                                  ^
/data/data/com.termux/files/home/ExynosTools-LSFG/external/VulkanMemoryAllocator/include/vk_mem_alloc.h:10876:50: note: insert '_Nullable' if the pointer may be null
 10876 | inline void VmaFree(VmaAllocator hAllocator, void* ptr)
       |                                                  ^
       |                                                    _Nullable
/data/data/com.termux/files/home/ExynosTools-LSFG/external/VulkanMemoryAllocator/include/vk_mem_alloc.h:10876:50: note: insert '_Nonnull' if the pointer should never be null
 10876 | inline void VmaFree(VmaAllocator hAllocator, void* ptr)
       |                                                  ^
       |                                                    _Nonnull
/data/data/com.termux/files/home/ExynosTools-LSFG/external/VulkanMemoryAllocator/include/vk_mem_alloc.h:10882:16: warning: pointer is missing a nullability type specifier (_Nonnull, _Nullable, or _Null_unspecified) [-Wnullability-completeness]
 10882 | T* VmaAllocate(VmaAllocator hAllocator)
       |                ^
/data/data/com.termux/files/home/ExynosTools-LSFG/external/VulkanMemoryAllocator/include/vk_mem_alloc.h:10882:16: note: insert '_Nullable' if the pointer may be null
 10882 | T* VmaAllocate(VmaAllocator hAllocator)
       |                ^
       |                             _Nullable
/data/data/com.termux/files/home/ExynosTools-LSFG/external/VulkanMemoryAllocator/include/vk_mem_alloc.h:10882:16: note: insert '_Nonnull' if the pointer should never be null
 10882 | T* VmaAllocate(VmaAllocator hAllocator)
       |                ^
       |                             _Nonnull
/data/data/com.termux/files/home/ExynosTools-LSFG/external/VulkanMemoryAllocator/include/vk_mem_alloc.h:10882:2: warning: pointer is missing a nullability type specifier (_Nonnull, _Nullable, or _Null_unspecified) [-Wnullability-completeness]
 10882 | T* VmaAllocate(VmaAllocator hAllocator)
       |  ^
/data/data/com.termux/files/home/ExynosTools-LSFG/external/VulkanMemoryAllocator/include/vk_mem_alloc.h:10882:2: note: insert '_Nullable' if the pointer may be null
 10882 | T* VmaAllocate(VmaAllocator hAllocator)
       |  ^
       |    _Nullable
/data/data/com.termux/files/home/ExynosTools-LSFG/external/VulkanMemoryAllocator/include/vk_mem_alloc.h:10882:2: note: insert '_Nonnull' if the pointer should never be null
 10882 | T* VmaAllocate(VmaAllocator hAllocator)
       |  ^
       |    _Nonnull
/data/data/com.termux/files/home/ExynosTools-LSFG/external/VulkanMemoryAllocator/include/vk_mem_alloc.h:10888:21: warning: pointer is missing a nullability type specifier (_Nonnull, _Nullable, or _Null_unspecified) [-Wnullability-completeness]
 10888 | T* VmaAllocateArray(VmaAllocator hAllocator, size_t count)
       |                     ^
/data/data/com.termux/files/home/ExynosTools-LSFG/external/VulkanMemoryAllocator/include/vk_mem_alloc.h:10888:21: note: insert '_Nullable' if the pointer may be null
 10888 | T* VmaAllocateArray(VmaAllocator hAllocator, size_t count)
       |                     ^
       |                                  _Nullable
/data/data/com.termux/files/home/ExynosTools-LSFG/external/VulkanMemoryAllocator/include/vk_mem_alloc.h:10888:21: note: insert '_Nonnull' if the pointer should never be null
 10888 | T* VmaAllocateArray(VmaAllocator hAllocator, size_t count)
       |                     ^
       |                                  _Nonnull
/data/data/com.termux/files/home/ExynosTools-LSFG/external/VulkanMemoryAllocator/include/vk_mem_alloc.h:10888:2: warning: pointer is missing a nullability type specifier (_Nonnull, _Nullable, or _Null_unspecified) [-Wnullability-completeness]
 10888 | T* VmaAllocateArray(VmaAllocator hAllocator, size_t count)
       |  ^
/data/data/com.termux/files/home/ExynosTools-LSFG/external/VulkanMemoryAllocator/include/vk_mem_alloc.h:10888:2: note: insert '_Nullable' if the pointer may be null
 10888 | T* VmaAllocateArray(VmaAllocator hAllocator, size_t count)
       |  ^
       |    _Nullable
/data/data/com.termux/files/home/ExynosTools-LSFG/external/VulkanMemoryAllocator/include/vk_mem_alloc.h:10888:2: note: insert '_Nonnull' if the pointer should never be null
 10888 | T* VmaAllocateArray(VmaAllocator hAllocator, size_t count)
       |  ^
       |    _Nonnull
/data/data/com.termux/files/home/ExynosTools-LSFG/external/VulkanMemoryAllocator/include/vk_mem_alloc.h:10894:17: warning: pointer is missing a nullability type specifier (_Nonnull, _Nullable, or _Null_unspecified) [-Wnullability-completeness]
 10894 | void vma_delete(VmaAllocator hAllocator, T* ptr)
       |                 ^
/data/data/com.termux/files/home/ExynosTools-LSFG/external/VulkanMemoryAllocator/include/vk_mem_alloc.h:10894:17: note: insert '_Nullable' if the pointer may be null
 10894 | void vma_delete(VmaAllocator hAllocator, T* ptr)
       |                 ^
       |                              _Nullable
/data/data/com.termux/files/home/ExynosTools-LSFG/external/VulkanMemoryAllocator/include/vk_mem_alloc.h:10894:17: note: insert '_Nonnull' if the pointer should never be null
 10894 | void vma_delete(VmaAllocator hAllocator, T* ptr)
       |                 ^
       |                              _Nonnull
/data/data/com.termux/files/home/ExynosTools-LSFG/external/VulkanMemoryAllocator/include/vk_mem_alloc.h:10894:43: warning: pointer is missing a nullability type specifier (_Nonnull, _Nullable, or _Null_unspecified) [-Wnullability-completeness]
 10894 | void vma_delete(VmaAllocator hAllocator, T* ptr)
       |                                           ^
/data/data/com.termux/files/home/ExynosTools-LSFG/external/VulkanMemoryAllocator/include/vk_mem_alloc.h:10894:43: note: insert '_Nullable' if the pointer may be null
 10894 | void vma_delete(VmaAllocator hAllocator, T* ptr)
       |                                           ^
       |                                             _Nullable
/data/data/com.termux/files/home/ExynosTools-LSFG/external/VulkanMemoryAllocator/include/vk_mem_alloc.h:10894:43: note: insert '_Nonnull' if the pointer should never be null
 10894 | void vma_delete(VmaAllocator hAllocator, T* ptr)
       |                                           ^
       |                                             _Nonnull
/data/data/com.termux/files/home/ExynosTools-LSFG/external/VulkanMemoryAllocator/include/vk_mem_alloc.h:10904:23: warning: pointer is missing a nullability type specifier (_Nonnull, _Nullable, or _Null_unspecified) [-Wnullability-completeness]
 10904 | void vma_delete_array(VmaAllocator hAllocator, T* ptr, size_t count)
       |                       ^
/data/data/com.termux/files/home/ExynosTools-LSFG/external/VulkanMemoryAllocator/include/vk_mem_alloc.h:10904:23: note: insert '_Nullable' if the pointer may be null
 10904 | void vma_delete_array(VmaAllocator hAllocator, T* ptr, size_t count)
       |                       ^
       |                                    _Nullable
/data/data/com.termux/files/home/ExynosTools-LSFG/external/VulkanMemoryAllocator/include/vk_mem_alloc.h:10904:23: note: insert '_Nonnull' if the pointer should never be null
 10904 | void vma_delete_array(VmaAllocator hAllocator, T* ptr, size_t count)
       |                       ^
       |                                    _Nonnull
/data/data/com.termux/files/home/ExynosTools-LSFG/external/VulkanMemoryAllocator/include/vk_mem_alloc.h:10904:49: warning: pointer is missing a nullability type specifier (_Nonnull, _Nullable, or _Null_unspecified) [-Wnullability-completeness]
 10904 | void vma_delete_array(VmaAllocator hAllocator, T* ptr, size_t count)
       |                                                 ^
/data/data/com.termux/files/home/ExynosTools-LSFG/external/VulkanMemoryAllocator/include/vk_mem_alloc.h:10904:49: note: insert '_Nullable' if the pointer may be null
 10904 | void vma_delete_array(VmaAllocator hAllocator, T* ptr, size_t count)
       |                                                 ^
       |                                                   _Nullable
/data/data/com.termux/files/home/ExynosTools-LSFG/external/VulkanMemoryAllocator/include/vk_mem_alloc.h:10904:49: note: insert '_Nonnull' if the pointer should never be null
 10904 | void vma_delete_array(VmaAllocator hAllocator, T* ptr, size_t count)
       |                                                 ^
       |                                                   _Nonnull
/data/data/com.termux/files/home/ExynosTools-LSFG/external/VulkanMemoryAllocator/include/vk_mem_alloc.h:10917:44: warning: pointer is missing a nullability type specifier (_Nonnull, _Nullable, or _Null_unspecified) [-Wnullability-completeness]
 10917 | VmaDeviceMemoryBlock::VmaDeviceMemoryBlock(VmaAllocator hAllocator)
       |                                            ^
/data/data/com.termux/files/home/ExynosTools-LSFG/external/VulkanMemoryAllocator/include/vk_mem_alloc.h:10917:44: note: insert '_Nullable' if the pointer may be null
 10917 | VmaDeviceMemoryBlock::VmaDeviceMemoryBlock(VmaAllocator hAllocator)
       |                                            ^
       |                                                         _Nullable
/data/data/com.termux/files/home/ExynosTools-LSFG/external/VulkanMemoryAllocator/include/vk_mem_alloc.h:10917:44: note: insert '_Nonnull' if the pointer should never be null
 10917 | VmaDeviceMemoryBlock::VmaDeviceMemoryBlock(VmaAllocator hAllocator)
       |                                            ^
       |                                                         _Nonnull
/data/data/com.termux/files/home/ExynosTools-LSFG/external/VulkanMemoryAllocator/include/vk_mem_alloc.h:10933:5: warning: pointer is missing a nullability type specifier (_Nonnull, _Nullable, or _Null_unspecified) [-Wnullability-completeness]
 10933 |     VmaAllocator hAllocator,
       |     ^
/data/data/com.termux/files/home/ExynosTools-LSFG/external/VulkanMemoryAllocator/include/vk_mem_alloc.h:10933:5: note: insert '_Nullable' if the pointer may be null
 10933 |     VmaAllocator hAllocator,
       |     ^
       |                  _Nullable
/data/data/com.termux/files/home/ExynosTools-LSFG/external/VulkanMemoryAllocator/include/vk_mem_alloc.h:10933:5: note: insert '_Nonnull' if the pointer should never be null
 10933 |     VmaAllocator hAllocator,
       |     ^
       |                  _Nonnull
/data/data/com.termux/files/home/ExynosTools-LSFG/external/VulkanMemoryAllocator/include/vk_mem_alloc.h:10934:5: warning: pointer is missing a nullability type specifier (_Nonnull, _Nullable, or _Null_unspecified) [-Wnullability-completeness]
 10934 |     VmaPool hParentPool,
       |     ^
/data/data/com.termux/files/home/ExynosTools-LSFG/external/VulkanMemoryAllocator/include/vk_mem_alloc.h:10934:5: note: insert '_Nullable' if the pointer may be null
 10934 |     VmaPool hParentPool,
       |     ^
       |             _Nullable
/data/data/com.termux/files/home/ExynosTools-LSFG/external/VulkanMemoryAllocator/include/vk_mem_alloc.h:10934:5: note: insert '_Nonnull' if the pointer should never be null
 10934 |     VmaPool hParentPool,
       |     ^
       |             _Nonnull
/data/data/com.termux/files/home/ExynosTools-LSFG/external/VulkanMemoryAllocator/include/vk_mem_alloc.h:10936:5: warning: pointer is missing a nullability type specifier (_Nonnull, _Nullable, or _Null_unspecified) [-Wnullability-completeness]
 10936 |     VkDeviceMemory newMemory,
       |     ^
/data/data/com.termux/files/home/ExynosTools-LSFG/external/VulkanMemoryAllocator/include/vk_mem_alloc.h:10936:5: note: insert '_Nullable' if the pointer may be null
 10936 |     VkDeviceMemory newMemory,
       |     ^
       |                    _Nullable
/data/data/com.termux/files/home/ExynosTools-LSFG/external/VulkanMemoryAllocator/include/vk_mem_alloc.h:10936:5: note: insert '_Nonnull' if the pointer should never be null
 10936 |     VkDeviceMemory newMemory,
       |     ^
       |                    _Nonnull
/data/data/com.termux/files/home/ExynosTools-LSFG/external/VulkanMemoryAllocator/include/vk_mem_alloc.h:10967:36: warning: pointer is missing a nullability type specifier (_Nonnull, _Nullable, or _Null_unspecified) [-Wnullability-completeness]
 10967 | void VmaDeviceMemoryBlock::Destroy(VmaAllocator allocator)
       |                                    ^
/data/data/com.termux/files/home/ExynosTools-LSFG/external/VulkanMemoryAllocator/include/vk_mem_alloc.h:10967:36: note: insert '_Nullable' if the pointer may be null
 10967 | void VmaDeviceMemoryBlock::Destroy(VmaAllocator allocator)
       |                                    ^
       |                                                 _Nullable
/data/data/com.termux/files/home/ExynosTools-LSFG/external/VulkanMemoryAllocator/include/vk_mem_alloc.h:10967:36: note: insert '_Nonnull' if the pointer should never be null
 10967 | void VmaDeviceMemoryBlock::Destroy(VmaAllocator allocator)
       |                                    ^
       |                                                 _Nonnull
/data/data/com.termux/files/home/ExynosTools-LSFG/external/VulkanMemoryAllocator/include/vk_mem_alloc.h:10985:38: warning: pointer is missing a nullability type specifier (_Nonnull, _Nullable, or _Null_unspecified) [-Wnullability-completeness]
 10985 | void VmaDeviceMemoryBlock::PostAlloc(VmaAllocator hAllocator)
       |                                      ^
/data/data/com.termux/files/home/ExynosTools-LSFG/external/VulkanMemoryAllocator/include/vk_mem_alloc.h:10985:38: note: insert '_Nullable' if the pointer may be null
 10985 | void VmaDeviceMemoryBlock::PostAlloc(VmaAllocator hAllocator)
       |                                      ^
       |                                                   _Nullable
/data/data/com.termux/files/home/ExynosTools-LSFG/external/VulkanMemoryAllocator/include/vk_mem_alloc.h:10985:38: note: insert '_Nonnull' if the pointer should never be null
 10985 | void VmaDeviceMemoryBlock::PostAlloc(VmaAllocator hAllocator)
       |                                      ^
       |                                                   _Nonnull
/data/data/com.termux/files/home/ExynosTools-LSFG/external/VulkanMemoryAllocator/include/vk_mem_alloc.h:10991:37: warning: pointer is missing a nullability type specifier (_Nonnull, _Nullable, or _Null_unspecified) [-Wnullability-completeness]
 10991 | void VmaDeviceMemoryBlock::PostFree(VmaAllocator hAllocator)
       |                                     ^
/data/data/com.termux/files/home/ExynosTools-LSFG/external/VulkanMemoryAllocator/include/vk_mem_alloc.h:10991:37: note: insert '_Nullable' if the pointer may be null
 10991 | void VmaDeviceMemoryBlock::PostFree(VmaAllocator hAllocator)
       |                                     ^
       |                                                  _Nullable
/data/data/com.termux/files/home/ExynosTools-LSFG/external/VulkanMemoryAllocator/include/vk_mem_alloc.h:10991:37: note: insert '_Nonnull' if the pointer should never be null
 10991 | void VmaDeviceMemoryBlock::PostFree(VmaAllocator hAllocator)
       |                                     ^
       |                                                  _Nonnull
/data/data/com.termux/files/home/ExynosTools-LSFG/external/VulkanMemoryAllocator/include/vk_mem_alloc.h:11013:48: warning: pointer is missing a nullability type specifier (_Nonnull, _Nullable, or _Null_unspecified) [-Wnullability-completeness]
 11013 | VkResult VmaDeviceMemoryBlock::CheckCorruption(VmaAllocator hAllocator)
       |                                                ^
/data/data/com.termux/files/home/ExynosTools-LSFG/external/VulkanMemoryAllocator/include/vk_mem_alloc.h:11013:48: note: insert '_Nullable' if the pointer may be null
 11013 | VkResult VmaDeviceMemoryBlock::CheckCorruption(VmaAllocator hAllocator)
       |                                                ^
       |                                                             _Nullable
/data/data/com.termux/files/home/ExynosTools-LSFG/external/VulkanMemoryAllocator/include/vk_mem_alloc.h:11013:48: note: insert '_Nonnull' if the pointer should never be null
 11013 | VkResult VmaDeviceMemoryBlock::CheckCorruption(VmaAllocator hAllocator)
       |                                                ^
       |                                                             _Nonnull
/data/data/com.termux/files/home/ExynosTools-LSFG/external/VulkanMemoryAllocator/include/vk_mem_alloc.h:11029:36: warning: pointer is missing a nullability type specifier (_Nonnull, _Nullable, or _Null_unspecified) [-Wnullability-completeness]
 11029 | VkResult VmaDeviceMemoryBlock::Map(VmaAllocator hAllocator, uint32_t count, void** ppData)
       |                                    ^
/data/data/com.termux/files/home/ExynosTools-LSFG/external/VulkanMemoryAllocator/include/vk_mem_alloc.h:11029:36: note: insert '_Nullable' if the pointer may be null
 11029 | VkResult VmaDeviceMemoryBlock::Map(VmaAllocator hAllocator, uint32_t count, void** ppData)
       |                                    ^
       |                                                 _Nullable
/data/data/com.termux/files/home/ExynosTools-LSFG/external/VulkanMemoryAllocator/include/vk_mem_alloc.h:11029:36: note: insert '_Nonnull' if the pointer should never be null
 11029 | VkResult VmaDeviceMemoryBlock::Map(VmaAllocator hAllocator, uint32_t count, void** ppData)
       |                                    ^
       |                                                 _Nonnull
/data/data/com.termux/files/home/ExynosTools-LSFG/external/VulkanMemoryAllocator/include/vk_mem_alloc.h:11029:81: warning: pointer is missing a nullability type specifier (_Nonnull, _Nullable, or _Null_unspecified) [-Wnullability-completeness]
 11029 | VkResult VmaDeviceMemoryBlock::Map(VmaAllocator hAllocator, uint32_t count, void** ppData)
       |                                                                                 ^
/data/data/com.termux/files/home/ExynosTools-LSFG/external/VulkanMemoryAllocator/include/vk_mem_alloc.h:11029:81: note: insert '_Nullable' if the pointer may be null
 11029 | VkResult VmaDeviceMemoryBlock::Map(VmaAllocator hAllocator, uint32_t count, void** ppData)
       |                                                                                 ^
       |                                                                                  _Nullable
/data/data/com.termux/files/home/ExynosTools-LSFG/external/VulkanMemoryAllocator/include/vk_mem_alloc.h:11029:81: note: insert '_Nonnull' if the pointer should never be null
 11029 | VkResult VmaDeviceMemoryBlock::Map(VmaAllocator hAllocator, uint32_t count, void** ppData)
       |                                                                                 ^
       |                                                                                  _Nonnull
/data/data/com.termux/files/home/ExynosTools-LSFG/external/VulkanMemoryAllocator/include/vk_mem_alloc.h:11029:82: warning: pointer is missing a nullability type specifier (_Nonnull, _Nullable, or _Null_unspecified) [-Wnullability-completeness]
 11029 | VkResult VmaDeviceMemoryBlock::Map(VmaAllocator hAllocator, uint32_t count, void** ppData)
       |                                                                                  ^
/data/data/com.termux/files/home/ExynosTools-LSFG/external/VulkanMemoryAllocator/include/vk_mem_alloc.h:11029:82: note: insert '_Nullable' if the pointer may be null
 11029 | VkResult VmaDeviceMemoryBlock::Map(VmaAllocator hAllocator, uint32_t count, void** ppData)
       |                                                                                  ^
       |                                                                                    _Nullable
/data/data/com.termux/files/home/ExynosTools-LSFG/external/VulkanMemoryAllocator/include/vk_mem_alloc.h:11029:82: note: insert '_Nonnull' if the pointer should never be null
 11029 | VkResult VmaDeviceMemoryBlock::Map(VmaAllocator hAllocator, uint32_t count, void** ppData)
       |                                                                                  ^
       |                                                                                    _Nonnull
/data/data/com.termux/files/home/ExynosTools-LSFG/external/VulkanMemoryAllocator/include/vk_mem_alloc.h:11070:34: warning: pointer is missing a nullability type specifier (_Nonnull, _Nullable, or _Null_unspecified) [-Wnullability-completeness]
 11070 | void VmaDeviceMemoryBlock::Unmap(VmaAllocator hAllocator, uint32_t count)
       |                                  ^
/data/data/com.termux/files/home/ExynosTools-LSFG/external/VulkanMemoryAllocator/include/vk_mem_alloc.h:11070:34: note: insert '_Nullable' if the pointer may be null
 11070 | void VmaDeviceMemoryBlock::Unmap(VmaAllocator hAllocator, uint32_t count)
       |                                  ^
       |                                               _Nullable
/data/data/com.termux/files/home/ExynosTools-LSFG/external/VulkanMemoryAllocator/include/vk_mem_alloc.h:11070:34: note: insert '_Nonnull' if the pointer should never be null
 11070 | void VmaDeviceMemoryBlock::Unmap(VmaAllocator hAllocator, uint32_t count)
       |                                  ^
       |                                               _Nonnull
/data/data/com.termux/files/home/ExynosTools-LSFG/external/VulkanMemoryAllocator/include/vk_mem_alloc.h:11095:63: warning: pointer is missing a nullability type specifier (_Nonnull, _Nullable, or _Null_unspecified) [-Wnullability-completeness]
 11095 | VkResult VmaDeviceMemoryBlock::WriteMagicValueAfterAllocation(VmaAllocator hAllocator, VkDeviceSize allocOffset, VkDeviceSize allocSize)
       |                                                               ^
/data/data/com.termux/files/home/ExynosTools-LSFG/external/VulkanMemoryAllocator/include/vk_mem_alloc.h:11095:63: note: insert '_Nullable' if the pointer may be null
 11095 | VkResult VmaDeviceMemoryBlock::WriteMagicValueAfterAllocation(VmaAllocator hAllocator, VkDeviceSize allocOffset, VkDeviceSize allocSize)
       |                                                               ^
       |                                                                            _Nullable
/data/data/com.termux/files/home/ExynosTools-LSFG/external/VulkanMemoryAllocator/include/vk_mem_alloc.h:11095:63: note: insert '_Nonnull' if the pointer should never be null
 11095 | VkResult VmaDeviceMemoryBlock::WriteMagicValueAfterAllocation(VmaAllocator hAllocator, VkDeviceSize allocOffset, VkDeviceSize allocSize)
       |                                                               ^
       |                                                                            _Nonnull
/data/data/com.termux/files/home/ExynosTools-LSFG/external/VulkanMemoryAllocator/include/vk_mem_alloc.h:11112:66: warning: pointer is missing a nullability type specifier (_Nonnull, _Nullable, or _Null_unspecified) [-Wnullability-completeness]
 11112 | VkResult VmaDeviceMemoryBlock::ValidateMagicValueAfterAllocation(VmaAllocator hAllocator, VkDeviceSize allocOffset, VkDeviceSize allocSize)
       |                                                                  ^
/data/data/com.termux/files/home/ExynosTools-LSFG/external/VulkanMemoryAllocator/include/vk_mem_alloc.h:11112:66: note: insert '_Nullable' if the pointer may be null
 11112 | VkResult VmaDeviceMemoryBlock::ValidateMagicValueAfterAllocation(VmaAllocator hAllocator, VkDeviceSize allocOffset, VkDeviceSize allocSize)
       |                                                                  ^
       |                                                                               _Nullable
/data/data/com.termux/files/home/ExynosTools-LSFG/external/VulkanMemoryAllocator/include/vk_mem_alloc.h:11112:66: note: insert '_Nonnull' if the pointer should never be null
 11112 | VkResult VmaDeviceMemoryBlock::ValidateMagicValueAfterAllocation(VmaAllocator hAllocator, VkDeviceSize allocOffset, VkDeviceSize allocSize)
       |                                                                  ^
       |                                                                               _Nonnull
/data/data/com.termux/files/home/ExynosTools-LSFG/external/VulkanMemoryAllocator/include/vk_mem_alloc.h:11133:5: warning: pointer is missing a nullability type specifier (_Nonnull, _Nullable, or _Null_unspecified) [-Wnullability-completeness]
 11133 |     VmaAllocator hAllocator,
       |     ^
/data/data/com.termux/files/home/ExynosTools-LSFG/external/VulkanMemoryAllocator/include/vk_mem_alloc.h:11133:5: note: insert '_Nullable' if the pointer may be null
 11133 |     VmaAllocator hAllocator,
       |     ^
       |                  _Nullable
/data/data/com.termux/files/home/ExynosTools-LSFG/external/VulkanMemoryAllocator/include/vk_mem_alloc.h:11133:5: note: insert '_Nonnull' if the pointer should never be null
 11133 |     VmaAllocator hAllocator,
       |     ^
       |                  _Nonnull
/data/data/com.termux/files/home/ExynosTools-LSFG/external/VulkanMemoryAllocator/include/vk_mem_alloc.h:11134:5: warning: pointer is missing a nullability type specifier (_Nonnull, _Nullable, or _Null_unspecified) [-Wnullability-completeness]
 11134 |     VmaAllocation hAllocation,
       |     ^
/data/data/com.termux/files/home/ExynosTools-LSFG/external/VulkanMemoryAllocator/include/vk_mem_alloc.h:11134:5: note: insert '_Nullable' if the pointer may be null
 11134 |     VmaAllocation hAllocation,
       |     ^
       |                   _Nullable
/data/data/com.termux/files/home/ExynosTools-LSFG/external/VulkanMemoryAllocator/include/vk_mem_alloc.h:11134:5: note: insert '_Nonnull' if the pointer should never be null
 11134 |     VmaAllocation hAllocation,
       |     ^
       |                   _Nonnull
/data/data/com.termux/files/home/ExynosTools-LSFG/external/VulkanMemoryAllocator/include/vk_mem_alloc.h:11136:5: warning: pointer is missing a nullability type specifier (_Nonnull, _Nullable, or _Null_unspecified) [-Wnullability-completeness]
 11136 |     VkBuffer hBuffer,
       |     ^
/data/data/com.termux/files/home/ExynosTools-LSFG/external/VulkanMemoryAllocator/include/vk_mem_alloc.h:11136:5: note: insert '_Nullable' if the pointer may be null
 11136 |     VkBuffer hBuffer,
       |     ^
       |              _Nullable
/data/data/com.termux/files/home/ExynosTools-LSFG/external/VulkanMemoryAllocator/include/vk_mem_alloc.h:11136:5: note: insert '_Nonnull' if the pointer should never be null
 11136 |     VkBuffer hBuffer,
       |     ^
       |              _Nonnull
/data/data/com.termux/files/home/ExynosTools-LSFG/external/VulkanMemoryAllocator/include/vk_mem_alloc.h:11137:15: warning: pointer is missing a nullability type specifier (_Nonnull, _Nullable, or _Null_unspecified) [-Wnullability-completeness]
 11137 |     const void* pNext)
       |               ^
/data/data/com.termux/files/home/ExynosTools-LSFG/external/VulkanMemoryAllocator/include/vk_mem_alloc.h:11137:15: note: insert '_Nullable' if the pointer may be null
 11137 |     const void* pNext)
       |               ^
       |                 _Nullable
/data/data/com.termux/files/home/ExynosTools-LSFG/external/VulkanMemoryAllocator/include/vk_mem_alloc.h:11137:15: note: insert '_Nonnull' if the pointer should never be null
 11137 |     const void* pNext)
       |               ^
       |                 _Nonnull
/data/data/com.termux/files/home/ExynosTools-LSFG/external/VulkanMemoryAllocator/include/vk_mem_alloc.h:11150:5: warning: pointer is missing a nullability type specifier (_Nonnull, _Nullable, or _Null_unspecified) [-Wnullability-completeness]
 11150 |     VmaAllocator hAllocator,
       |     ^
/data/data/com.termux/files/home/ExynosTools-LSFG/external/VulkanMemoryAllocator/include/vk_mem_alloc.h:11150:5: note: insert '_Nullable' if the pointer may be null
 11150 |     VmaAllocator hAllocator,
       |     ^
       |                  _Nullable
/data/data/com.termux/files/home/ExynosTools-LSFG/external/VulkanMemoryAllocator/include/vk_mem_alloc.h:11150:5: note: insert '_Nonnull' if the pointer should never be null
 11150 |     VmaAllocator hAllocator,
       |     ^
       |                  _Nonnull
/data/data/com.termux/files/home/ExynosTools-LSFG/external/VulkanMemoryAllocator/include/vk_mem_alloc.h:11151:5: warning: pointer is missing a nullability type specifier (_Nonnull, _Nullable, or _Null_unspecified) [-Wnullability-completeness]
 11151 |     VmaAllocation hAllocation,
       |     ^
/data/data/com.termux/files/home/ExynosTools-LSFG/external/VulkanMemoryAllocator/include/vk_mem_alloc.h:11151:5: note: insert '_Nullable' if the pointer may be null
 11151 |     VmaAllocation hAllocation,
       |     ^
       |                   _Nullable
/data/data/com.termux/files/home/ExynosTools-LSFG/external/VulkanMemoryAllocator/include/vk_mem_alloc.h:11151:5: note: insert '_Nonnull' if the pointer should never be null
 11151 |     VmaAllocation hAllocation,
       |     ^
       |                   _Nonnull
/data/data/com.termux/files/home/ExynosTools-LSFG/external/VulkanMemoryAllocator/include/vk_mem_alloc.h:11153:5: warning: pointer is missing a nullability type specifier (_Nonnull, _Nullable, or _Null_unspecified) [-Wnullability-completeness]
 11153 |     VkImage hImage,
       |     ^
/data/data/com.termux/files/home/ExynosTools-LSFG/external/VulkanMemoryAllocator/include/vk_mem_alloc.h:11153:5: note: insert '_Nullable' if the pointer may be null
 11153 |     VkImage hImage,
       |     ^
       |             _Nullable
/data/data/com.termux/files/home/ExynosTools-LSFG/external/VulkanMemoryAllocator/include/vk_mem_alloc.h:11153:5: note: insert '_Nonnull' if the pointer should never be null
 11153 |     VkImage hImage,
       |     ^
       |             _Nonnull
/data/data/com.termux/files/home/ExynosTools-LSFG/external/VulkanMemoryAllocator/include/vk_mem_alloc.h:11154:15: warning: pointer is missing a nullability type specifier (_Nonnull, _Nullable, or _Null_unspecified) [-Wnullability-completeness]
 11154 |     const void* pNext)
       |               ^
/data/data/com.termux/files/home/ExynosTools-LSFG/external/VulkanMemoryAllocator/include/vk_mem_alloc.h:11154:15: note: insert '_Nullable' if the pointer may be null
 11154 |     const void* pNext)
       |               ^
       |                 _Nullable
/data/data/com.termux/files/home/ExynosTools-LSFG/external/VulkanMemoryAllocator/include/vk_mem_alloc.h:11154:15: note: insert '_Nonnull' if the pointer should never be null
 11154 |     const void* pNext)
       |               ^
       |                 _Nonnull
/data/data/com.termux/files/home/ExynosTools-LSFG/external/VulkanMemoryAllocator/include/vk_mem_alloc.h:11200:25: warning: pointer is missing a nullability type specifier (_Nonnull, _Nullable, or _Null_unspecified) [-Wnullability-completeness]
 11200 |     VmaDeviceMemoryBlock* block,
       |                         ^
/data/data/com.termux/files/home/ExynosTools-LSFG/external/VulkanMemoryAllocator/include/vk_mem_alloc.h:11200:25: note: insert '_Nullable' if the pointer may be null
 11200 |     VmaDeviceMemoryBlock* block,
       |                         ^
       |                           _Nullable
/data/data/com.termux/files/home/ExynosTools-LSFG/external/VulkanMemoryAllocator/include/vk_mem_alloc.h:11200:25: note: insert '_Nonnull' if the pointer should never be null
 11200 |     VmaDeviceMemoryBlock* block,
       |                         ^
       |                           _Nonnull
/data/data/com.termux/files/home/ExynosTools-LSFG/external/VulkanMemoryAllocator/include/vk_mem_alloc.h:11201:5: warning: pointer is missing a nullability type specifier (_Nonnull, _Nullable, or _Null_unspecified) [-Wnullability-completeness]
 11201 |     VmaAllocHandle allocHandle,
       |     ^
/data/data/com.termux/files/home/ExynosTools-LSFG/external/VulkanMemoryAllocator/include/vk_mem_alloc.h:11201:5: note: insert '_Nullable' if the pointer may be null
 11201 |     VmaAllocHandle allocHandle,
       |     ^
       |                    _Nullable
/data/data/com.termux/files/home/ExynosTools-LSFG/external/VulkanMemoryAllocator/include/vk_mem_alloc.h:11201:5: note: insert '_Nonnull' if the pointer should never be null
 11201 |     VmaAllocHandle allocHandle,
       |     ^
       |                    _Nonnull
/data/data/com.termux/files/home/ExynosTools-LSFG/external/VulkanMemoryAllocator/include/vk_mem_alloc.h:11225:5: warning: pointer is missing a nullability type specifier (_Nonnull, _Nullable, or _Null_unspecified) [-Wnullability-completeness]
 11225 |     VmaAllocator allocator,
       |     ^
/data/data/com.termux/files/home/ExynosTools-LSFG/external/VulkanMemoryAllocator/include/vk_mem_alloc.h:11225:5: note: insert '_Nullable' if the pointer may be null
 11225 |     VmaAllocator allocator,
       |     ^
       |                  _Nullable
/data/data/com.termux/files/home/ExynosTools-LSFG/external/VulkanMemoryAllocator/include/vk_mem_alloc.h:11225:5: note: insert '_Nonnull' if the pointer should never be null
 11225 |     VmaAllocator allocator,
       |     ^
       |                  _Nonnull
/data/data/com.termux/files/home/ExynosTools-LSFG/external/VulkanMemoryAllocator/include/vk_mem_alloc.h:11226:5: warning: pointer is missing a nullability type specifier (_Nonnull, _Nullable, or _Null_unspecified) [-Wnullability-completeness]
 11226 |     VmaPool hParentPool,
       |     ^
/data/data/com.termux/files/home/ExynosTools-LSFG/external/VulkanMemoryAllocator/include/vk_mem_alloc.h:11226:5: note: insert '_Nullable' if the pointer may be null
 11226 |     VmaPool hParentPool,
       |     ^
       |             _Nullable
/data/data/com.termux/files/home/ExynosTools-LSFG/external/VulkanMemoryAllocator/include/vk_mem_alloc.h:11226:5: note: insert '_Nonnull' if the pointer should never be null
 11226 |     VmaPool hParentPool,
       |     ^
       |             _Nonnull
/data/data/com.termux/files/home/ExynosTools-LSFG/external/VulkanMemoryAllocator/include/vk_mem_alloc.h:11228:5: warning: pointer is missing a nullability type specifier (_Nonnull, _Nullable, or _Null_unspecified) [-Wnullability-completeness]
 11228 |     VkDeviceMemory hMemory,
       |     ^
/data/data/com.termux/files/home/ExynosTools-LSFG/external/VulkanMemoryAllocator/include/vk_mem_alloc.h:11228:5: note: insert '_Nullable' if the pointer may be null
 11228 |     VkDeviceMemory hMemory,
       |     ^
       |                    _Nullable
/data/data/com.termux/files/home/ExynosTools-LSFG/external/VulkanMemoryAllocator/include/vk_mem_alloc.h:11228:5: note: insert '_Nonnull' if the pointer should never be null
 11228 |     VkDeviceMemory hMemory,
       |     ^
       |                    _Nonnull
/data/data/com.termux/files/home/ExynosTools-LSFG/external/VulkanMemoryAllocator/include/vk_mem_alloc.h:11230:9: warning: pointer is missing a nullability type specifier (_Nonnull, _Nullable, or _Null_unspecified) [-Wnullability-completeness]
 11230 |     void* pMappedData,
       |         ^
/data/data/com.termux/files/home/ExynosTools-LSFG/external/VulkanMemoryAllocator/include/vk_mem_alloc.h:11230:9: note: insert '_Nullable' if the pointer may be null
 11230 |     void* pMappedData,
       |         ^
       |           _Nullable
/data/data/com.termux/files/home/ExynosTools-LSFG/external/VulkanMemoryAllocator/include/vk_mem_alloc.h:11230:9: note: insert '_Nonnull' if the pointer should never be null
 11230 |     void* pMappedData,
       |         ^
       |           _Nonnull
/data/data/com.termux/files/home/ExynosTools-LSFG/external/VulkanMemoryAllocator/include/vk_mem_alloc.h:11255:31: warning: pointer is missing a nullability type specifier (_Nonnull, _Nullable, or _Null_unspecified) [-Wnullability-completeness]
 11255 | void VmaAllocation_T::Destroy(VmaAllocator allocator)
       |                               ^
/data/data/com.termux/files/home/ExynosTools-LSFG/external/VulkanMemoryAllocator/include/vk_mem_alloc.h:11255:31: note: insert '_Nullable' if the pointer may be null
 11255 | void VmaAllocation_T::Destroy(VmaAllocator allocator)
       |                               ^
       |                                            _Nullable
/data/data/com.termux/files/home/ExynosTools-LSFG/external/VulkanMemoryAllocator/include/vk_mem_alloc.h:11255:31: note: insert '_Nonnull' if the pointer should never be null
 11255 | void VmaAllocation_T::Destroy(VmaAllocator allocator)
       |                               ^
       |                                            _Nonnull
/data/data/com.termux/files/home/ExynosTools-LSFG/external/VulkanMemoryAllocator/include/vk_mem_alloc.h:11265:31: warning: pointer is missing a nullability type specifier (_Nonnull, _Nullable, or _Null_unspecified) [-Wnullability-completeness]
 11265 | void VmaAllocation_T::SetName(VmaAllocator hAllocator, const char* pName)
       |                               ^
/data/data/com.termux/files/home/ExynosTools-LSFG/external/VulkanMemoryAllocator/include/vk_mem_alloc.h:11265:31: note: insert '_Nullable' if the pointer may be null
 11265 | void VmaAllocation_T::SetName(VmaAllocator hAllocator, const char* pName)
       |                               ^
       |                                            _Nullable
/data/data/com.termux/files/home/ExynosTools-LSFG/external/VulkanMemoryAllocator/include/vk_mem_alloc.h:11265:31: note: insert '_Nonnull' if the pointer should never be null
 11265 | void VmaAllocation_T::SetName(VmaAllocator hAllocator, const char* pName)
       |                               ^
       |                                            _Nonnull
/data/data/com.termux/files/home/ExynosTools-LSFG/external/VulkanMemoryAllocator/include/vk_mem_alloc.h:11265:66: warning: pointer is missing a nullability type specifier (_Nonnull, _Nullable, or _Null_unspecified) [-Wnullability-completeness]
 11265 | void VmaAllocation_T::SetName(VmaAllocator hAllocator, const char* pName)
       |                                                                  ^
/data/data/com.termux/files/home/ExynosTools-LSFG/external/VulkanMemoryAllocator/include/vk_mem_alloc.h:11265:66: note: insert '_Nullable' if the pointer may be null
 11265 | void VmaAllocation_T::SetName(VmaAllocator hAllocator, const char* pName)
       |                                                                  ^
       |                                                                    _Nullable
/data/data/com.termux/files/home/ExynosTools-LSFG/external/VulkanMemoryAllocator/include/vk_mem_alloc.h:11265:66: note: insert '_Nonnull' if the pointer should never be null
 11265 | void VmaAllocation_T::SetName(VmaAllocator hAllocator, const char* pName)
       |                                                                  ^
       |                                                                    _Nonnull
/data/data/com.termux/files/home/ExynosTools-LSFG/external/VulkanMemoryAllocator/include/vk_mem_alloc.h:11275:46: warning: pointer is missing a nullability type specifier (_Nonnull, _Nullable, or _Null_unspecified) [-Wnullability-completeness]
 11275 | uint8_t VmaAllocation_T::SwapBlockAllocation(VmaAllocator hAllocator, VmaAllocation allocation)
       |                                              ^
/data/data/com.termux/files/home/ExynosTools-LSFG/external/VulkanMemoryAllocator/include/vk_mem_alloc.h:11275:46: note: insert '_Nullable' if the pointer may be null
 11275 | uint8_t VmaAllocation_T::SwapBlockAllocation(VmaAllocator hAllocator, VmaAllocation allocation)
       |                                              ^
       |                                                           _Nullable
/data/data/com.termux/files/home/ExynosTools-LSFG/external/VulkanMemoryAllocator/include/vk_mem_alloc.h:11275:46: note: insert '_Nonnull' if the pointer should never be null
 11275 | uint8_t VmaAllocation_T::SwapBlockAllocation(VmaAllocator hAllocator, VmaAllocation allocation)
       |                                              ^
       |                                                           _Nonnull
/data/data/com.termux/files/home/ExynosTools-LSFG/external/VulkanMemoryAllocator/include/vk_mem_alloc.h:11275:71: warning: pointer is missing a nullability type specifier (_Nonnull, _Nullable, or _Null_unspecified) [-Wnullability-completeness]
 11275 | uint8_t VmaAllocation_T::SwapBlockAllocation(VmaAllocator hAllocator, VmaAllocation allocation)
       |                                                                       ^
/data/data/com.termux/files/home/ExynosTools-LSFG/external/VulkanMemoryAllocator/include/vk_mem_alloc.h:11275:71: note: insert '_Nullable' if the pointer may be null
 11275 | uint8_t VmaAllocation_T::SwapBlockAllocation(VmaAllocator hAllocator, VmaAllocation allocation)
       |                                                                       ^
       |                                                                                     _Nullable
/data/data/com.termux/files/home/ExynosTools-LSFG/external/VulkanMemoryAllocator/include/vk_mem_alloc.h:11275:71: note: insert '_Nonnull' if the pointer should never be null
 11275 | uint8_t VmaAllocation_T::SwapBlockAllocation(VmaAllocator hAllocator, VmaAllocation allocation)
       |                                                                       ^
       |                                                                                     _Nonnull
/data/data/com.termux/files/home/ExynosTools-LSFG/external/VulkanMemoryAllocator/include/vk_mem_alloc.h:11294:1: warning: pointer is missing a nullability type specifier (_Nonnull, _Nullable, or _Null_unspecified) [-Wnullability-completeness]
 11294 | VmaAllocHandle VmaAllocation_T::GetAllocHandle() const
       | ^
/data/data/com.termux/files/home/ExynosTools-LSFG/external/VulkanMemoryAllocator/include/vk_mem_alloc.h:11294:1: note: insert '_Nullable' if the pointer may be null
 11294 | VmaAllocHandle VmaAllocation_T::GetAllocHandle() const
       | ^
       |                _Nullable
/data/data/com.termux/files/home/ExynosTools-LSFG/external/VulkanMemoryAllocator/include/vk_mem_alloc.h:11294:1: note: insert '_Nonnull' if the pointer should never be null
 11294 | VmaAllocHandle VmaAllocation_T::GetAllocHandle() const
       | ^
       |                _Nonnull
/data/data/com.termux/files/home/ExynosTools-LSFG/external/VulkanMemoryAllocator/include/vk_mem_alloc.h:11322:1: warning: pointer is missing a nullability type specifier (_Nonnull, _Nullable, or _Null_unspecified) [-Wnullability-completeness]
 11322 | VmaPool VmaAllocation_T::GetParentPool() const
       | ^
/data/data/com.termux/files/home/ExynosTools-LSFG/external/VulkanMemoryAllocator/include/vk_mem_alloc.h:11322:1: note: insert '_Nullable' if the pointer may be null
 11322 | VmaPool VmaAllocation_T::GetParentPool() const
       | ^
       |         _Nullable
/data/data/com.termux/files/home/ExynosTools-LSFG/external/VulkanMemoryAllocator/include/vk_mem_alloc.h:11322:1: note: insert '_Nonnull' if the pointer should never be null
 11322 | VmaPool VmaAllocation_T::GetParentPool() const
       | ^
       |         _Nonnull
/data/data/com.termux/files/home/ExynosTools-LSFG/external/VulkanMemoryAllocator/include/vk_mem_alloc.h:11336:1: warning: pointer is missing a nullability type specifier (_Nonnull, _Nullable, or _Null_unspecified) [-Wnullability-completeness]
 11336 | VkDeviceMemory VmaAllocation_T::GetMemory() const
       | ^
/data/data/com.termux/files/home/ExynosTools-LSFG/external/VulkanMemoryAllocator/include/vk_mem_alloc.h:11336:1: note: insert '_Nullable' if the pointer may be null
 11336 | VkDeviceMemory VmaAllocation_T::GetMemory() const
       | ^
       |                _Nullable
/data/data/com.termux/files/home/ExynosTools-LSFG/external/VulkanMemoryAllocator/include/vk_mem_alloc.h:11336:1: note: insert '_Nonnull' if the pointer should never be null
 11336 | VkDeviceMemory VmaAllocation_T::GetMemory() const
       | ^
       |                _Nonnull
/data/data/com.termux/files/home/ExynosTools-LSFG/external/VulkanMemoryAllocator/include/vk_mem_alloc.h:11350:5: warning: pointer is missing a nullability type specifier (_Nonnull, _Nullable, or _Null_unspecified) [-Wnullability-completeness]
 11350 | void* VmaAllocation_T::GetMappedData() const
       |     ^
/data/data/com.termux/files/home/ExynosTools-LSFG/external/VulkanMemoryAllocator/include/vk_mem_alloc.h:11350:5: note: insert '_Nullable' if the pointer may be null
 11350 | void* VmaAllocation_T::GetMappedData() const
       |     ^
       |       _Nullable
/data/data/com.termux/files/home/ExynosTools-LSFG/external/VulkanMemoryAllocator/include/vk_mem_alloc.h:11350:5: note: insert '_Nonnull' if the pointer should never be null
 11350 | void* VmaAllocation_T::GetMappedData() const
       |     ^
       |       _Nonnull
/data/data/com.termux/files/home/ExynosTools-LSFG/external/VulkanMemoryAllocator/include/vk_mem_alloc.h:11405:45: warning: pointer is missing a nullability type specifier (_Nonnull, _Nullable, or _Null_unspecified) [-Wnullability-completeness]
 11405 | VkResult VmaAllocation_T::DedicatedAllocMap(VmaAllocator hAllocator, void** ppData)
       |                                             ^
/data/data/com.termux/files/home/ExynosTools-LSFG/external/VulkanMemoryAllocator/include/vk_mem_alloc.h:11405:45: note: insert '_Nullable' if the pointer may be null
 11405 | VkResult VmaAllocation_T::DedicatedAllocMap(VmaAllocator hAllocator, void** ppData)
       |                                             ^
       |                                                          _Nullable
/data/data/com.termux/files/home/ExynosTools-LSFG/external/VulkanMemoryAllocator/include/vk_mem_alloc.h:11405:45: note: insert '_Nonnull' if the pointer should never be null
 11405 | VkResult VmaAllocation_T::DedicatedAllocMap(VmaAllocator hAllocator, void** ppData)
       |                                             ^
       |                                                          _Nonnull
/data/data/com.termux/files/home/ExynosTools-LSFG/external/VulkanMemoryAllocator/include/vk_mem_alloc.h:11405:74: warning: pointer is missing a nullability type specifier (_Nonnull, _Nullable, or _Null_unspecified) [-Wnullability-completeness]
 11405 | VkResult VmaAllocation_T::DedicatedAllocMap(VmaAllocator hAllocator, void** ppData)
       |                                                                          ^
/data/data/com.termux/files/home/ExynosTools-LSFG/external/VulkanMemoryAllocator/include/vk_mem_alloc.h:11405:74: note: insert '_Nullable' if the pointer may be null
 11405 | VkResult VmaAllocation_T::DedicatedAllocMap(VmaAllocator hAllocator, void** ppData)
       |                                                                          ^
       |                                                                           _Nullable
/data/data/com.termux/files/home/ExynosTools-LSFG/external/VulkanMemoryAllocator/include/vk_mem_alloc.h:11405:74: note: insert '_Nonnull' if the pointer should never be null
 11405 | VkResult VmaAllocation_T::DedicatedAllocMap(VmaAllocator hAllocator, void** ppData)
       |                                                                          ^
       |                                                                           _Nonnull
/data/data/com.termux/files/home/ExynosTools-LSFG/external/VulkanMemoryAllocator/include/vk_mem_alloc.h:11405:75: warning: pointer is missing a nullability type specifier (_Nonnull, _Nullable, or _Null_unspecified) [-Wnullability-completeness]
 11405 | VkResult VmaAllocation_T::DedicatedAllocMap(VmaAllocator hAllocator, void** ppData)
       |                                                                           ^
/data/data/com.termux/files/home/ExynosTools-LSFG/external/VulkanMemoryAllocator/include/vk_mem_alloc.h:11405:75: note: insert '_Nullable' if the pointer may be null
 11405 | VkResult VmaAllocation_T::DedicatedAllocMap(VmaAllocator hAllocator, void** ppData)
       |                                                                           ^
       |                                                                             _Nullable
/data/data/com.termux/files/home/ExynosTools-LSFG/external/VulkanMemoryAllocator/include/vk_mem_alloc.h:11405:75: note: insert '_Nonnull' if the pointer should never be null
 11405 | VkResult VmaAllocation_T::DedicatedAllocMap(VmaAllocator hAllocator, void** ppData)
       |                                                                           ^
       |                                                                             _Nonnull
/data/data/com.termux/files/home/ExynosTools-LSFG/external/VulkanMemoryAllocator/include/vk_mem_alloc.h:11441:43: warning: pointer is missing a nullability type specifier (_Nonnull, _Nullable, or _Null_unspecified) [-Wnullability-completeness]
 11441 | void VmaAllocation_T::DedicatedAllocUnmap(VmaAllocator hAllocator)
       |                                           ^
/data/data/com.termux/files/home/ExynosTools-LSFG/external/VulkanMemoryAllocator/include/vk_mem_alloc.h:11441:43: note: insert '_Nullable' if the pointer may be null
 11441 | void VmaAllocation_T::DedicatedAllocUnmap(VmaAllocator hAllocator)
       |                                           ^
       |                                                        _Nullable
/data/data/com.termux/files/home/ExynosTools-LSFG/external/VulkanMemoryAllocator/include/vk_mem_alloc.h:11441:43: note: insert '_Nonnull' if the pointer should never be null
 11441 | void VmaAllocation_T::DedicatedAllocUnmap(VmaAllocator hAllocator)
       |                                           ^
       |                                                        _Nonnull
/data/data/com.termux/files/home/ExynosTools-LSFG/external/VulkanMemoryAllocator/include/vk_mem_alloc.h:11506:39: warning: pointer is missing a nullability type specifier (_Nonnull, _Nullable, or _Null_unspecified) [-Wnullability-completeness]
 11506 | void VmaAllocation_T::EnsureExtraData(VmaAllocator hAllocator)
       |                                       ^
/data/data/com.termux/files/home/ExynosTools-LSFG/external/VulkanMemoryAllocator/include/vk_mem_alloc.h:11506:39: note: insert '_Nullable' if the pointer may be null
 11506 | void VmaAllocation_T::EnsureExtraData(VmaAllocator hAllocator)
       |                                       ^
       |                                                    _Nullable
/data/data/com.termux/files/home/ExynosTools-LSFG/external/VulkanMemoryAllocator/include/vk_mem_alloc.h:11506:39: note: insert '_Nonnull' if the pointer should never be null
 11506 | void VmaAllocation_T::EnsureExtraData(VmaAllocator hAllocator)
       |                                       ^
       |                                                    _Nonnull
/data/data/com.termux/files/home/ExynosTools-LSFG/external/VulkanMemoryAllocator/include/vk_mem_alloc.h:11514:32: warning: pointer is missing a nullability type specifier (_Nonnull, _Nullable, or _Null_unspecified) [-Wnullability-completeness]
 11514 | void VmaAllocation_T::FreeName(VmaAllocator hAllocator)
       |                                ^
/data/data/com.termux/files/home/ExynosTools-LSFG/external/VulkanMemoryAllocator/include/vk_mem_alloc.h:11514:32: note: insert '_Nullable' if the pointer may be null
 11514 | void VmaAllocation_T::FreeName(VmaAllocator hAllocator)
       |                                ^
       |                                             _Nullable
/data/data/com.termux/files/home/ExynosTools-LSFG/external/VulkanMemoryAllocator/include/vk_mem_alloc.h:11514:32: note: insert '_Nonnull' if the pointer should never be null
 11514 | void VmaAllocation_T::FreeName(VmaAllocator hAllocator)
       |                                ^
       |                                             _Nonnull
/data/data/com.termux/files/home/ExynosTools-LSFG/external/VulkanMemoryAllocator/include/vk_mem_alloc.h:11526:5: warning: pointer is missing a nullability type specifier (_Nonnull, _Nullable, or _Null_unspecified) [-Wnullability-completeness]
 11526 |     VmaAllocator hAllocator,
       |     ^
/data/data/com.termux/files/home/ExynosTools-LSFG/external/VulkanMemoryAllocator/include/vk_mem_alloc.h:11526:5: note: insert '_Nullable' if the pointer may be null
 11526 |     VmaAllocator hAllocator,
       |     ^
       |                  _Nullable
/data/data/com.termux/files/home/ExynosTools-LSFG/external/VulkanMemoryAllocator/include/vk_mem_alloc.h:11526:5: note: insert '_Nonnull' if the pointer should never be null
 11526 |     VmaAllocator hAllocator,
       |     ^
       |                  _Nonnull
/data/data/com.termux/files/home/ExynosTools-LSFG/external/VulkanMemoryAllocator/include/vk_mem_alloc.h:11527:5: warning: pointer is missing a nullability type specifier (_Nonnull, _Nullable, or _Null_unspecified) [-Wnullability-completeness]
 11527 |     VmaPool hParentPool,
       |     ^
/data/data/com.termux/files/home/ExynosTools-LSFG/external/VulkanMemoryAllocator/include/vk_mem_alloc.h:11527:5: note: insert '_Nullable' if the pointer may be null
 11527 |     VmaPool hParentPool,
       |     ^
       |             _Nullable
/data/data/com.termux/files/home/ExynosTools-LSFG/external/VulkanMemoryAllocator/include/vk_mem_alloc.h:11527:5: note: insert '_Nonnull' if the pointer should never be null
 11527 |     VmaPool hParentPool,
       |     ^
       |             _Nonnull
/data/data/com.termux/files/home/ExynosTools-LSFG/external/VulkanMemoryAllocator/include/vk_mem_alloc.h:11537:9: warning: pointer is missing a nullability type specifier (_Nonnull, _Nullable, or _Null_unspecified) [-Wnullability-completeness]
 11537 |     void* pMemoryAllocateNext)
       |         ^
/data/data/com.termux/files/home/ExynosTools-LSFG/external/VulkanMemoryAllocator/include/vk_mem_alloc.h:11537:9: note: insert '_Nullable' if the pointer may be null
 11537 |     void* pMemoryAllocateNext)
       |         ^
       |           _Nullable
/data/data/com.termux/files/home/ExynosTools-LSFG/external/VulkanMemoryAllocator/include/vk_mem_alloc.h:11537:9: note: insert '_Nonnull' if the pointer should never be null
 11537 |     void* pMemoryAllocateNext)
       |         ^
       |           _Nonnull
/data/data/com.termux/files/home/ExynosTools-LSFG/external/VulkanMemoryAllocator/include/vk_mem_alloc.h:11626:5: warning: pointer is missing a nullability type specifier (_Nonnull, _Nullable, or _Null_unspecified) [-Wnullability-completeness]
 11626 |     VmaAllocation* pAllocations)
       |     ^
/data/data/com.termux/files/home/ExynosTools-LSFG/external/VulkanMemoryAllocator/include/vk_mem_alloc.h:11626:5: note: insert '_Nullable' if the pointer may be null
 11626 |     VmaAllocation* pAllocations)
       |     ^            
       |                   _Nullable 
/data/data/com.termux/files/home/ExynosTools-LSFG/external/VulkanMemoryAllocator/include/vk_mem_alloc.h:11626:5: note: insert '_Nonnull' if the pointer should never be null
 11626 |     VmaAllocation* pAllocations)
       |     ^            
       |                   _Nonnull 
/data/data/com.termux/files/home/ExynosTools-LSFG/external/VulkanMemoryAllocator/include/vk_mem_alloc.h:11626:18: warning: pointer is missing a nullability type specifier (_Nonnull, _Nullable, or _Null_unspecified) [-Wnullability-completeness]
 11626 |     VmaAllocation* pAllocations)
       |                  ^
/data/data/com.termux/files/home/ExynosTools-LSFG/external/VulkanMemoryAllocator/include/vk_mem_alloc.h:11626:18: note: insert '_Nullable' if the pointer may be null
 11626 |     VmaAllocation* pAllocations)
       |                  ^
       |                    _Nullable
/data/data/com.termux/files/home/ExynosTools-LSFG/external/VulkanMemoryAllocator/include/vk_mem_alloc.h:11626:18: note: insert '_Nonnull' if the pointer should never be null
 11626 |     VmaAllocation* pAllocations)
       |                  ^
       |                    _Nonnull
/data/data/com.termux/files/home/ExynosTools-LSFG/external/VulkanMemoryAllocator/include/vk_mem_alloc.h:11672:5: warning: pointer is missing a nullability type specifier (_Nonnull, _Nullable, or _Null_unspecified) [-Wnullability-completeness]
 11672 |     VmaAllocation* pAllocation)
       |     ^
/data/data/com.termux/files/home/ExynosTools-LSFG/external/VulkanMemoryAllocator/include/vk_mem_alloc.h:11672:5: note: insert '_Nullable' if the pointer may be null
 11672 |     VmaAllocation* pAllocation)
       |     ^            
       |                   _Nullable 
/data/data/com.termux/files/home/ExynosTools-LSFG/external/VulkanMemoryAllocator/include/vk_mem_alloc.h:11672:5: note: insert '_Nonnull' if the pointer should never be null
 11672 |     VmaAllocation* pAllocation)
       |     ^            
       |                   _Nonnull 
/data/data/com.termux/files/home/ExynosTools-LSFG/external/VulkanMemoryAllocator/include/vk_mem_alloc.h:11672:18: warning: pointer is missing a nullability type specifier (_Nonnull, _Nullable, or _Null_unspecified) [-Wnullability-completeness]
 11672 |     VmaAllocation* pAllocation)
       |                  ^
/data/data/com.termux/files/home/ExynosTools-LSFG/external/VulkanMemoryAllocator/include/vk_mem_alloc.h:11672:18: note: insert '_Nullable' if the pointer may be null
 11672 |     VmaAllocation* pAllocation)
       |                  ^
       |                    _Nullable
/data/data/com.termux/files/home/ExynosTools-LSFG/external/VulkanMemoryAllocator/include/vk_mem_alloc.h:11672:18: note: insert '_Nonnull' if the pointer should never be null
 11672 |     VmaAllocation* pAllocation)
       |                  ^
       |                    _Nonnull
/data/data/com.termux/files/home/ExynosTools-LSFG/external/VulkanMemoryAllocator/include/vk_mem_alloc.h:11869:27: warning: pointer is missing a nullability type specifier (_Nonnull, _Nullable, or _Null_unspecified) [-Wnullability-completeness]
 11869 | void VmaBlockVector::Free(VmaAllocation hAllocation)
       |                           ^
/data/data/com.termux/files/home/ExynosTools-LSFG/external/VulkanMemoryAllocator/include/vk_mem_alloc.h:11869:27: note: insert '_Nullable' if the pointer may be null
 11869 | void VmaBlockVector::Free(VmaAllocation hAllocation)
       |                           ^
       |                                         _Nullable
/data/data/com.termux/files/home/ExynosTools-LSFG/external/VulkanMemoryAllocator/include/vk_mem_alloc.h:11869:27: note: insert '_Nonnull' if the pointer should never be null
 11869 | void VmaBlockVector::Free(VmaAllocation hAllocation)
       |                           ^
       |                                         _Nonnull
/data/data/com.termux/files/home/ExynosTools-LSFG/external/VulkanMemoryAllocator/include/vk_mem_alloc.h:11960:49: warning: pointer is missing a nullability type specifier (_Nonnull, _Nullable, or _Null_unspecified) [-Wnullability-completeness]
 11960 | void VmaBlockVector::Remove(VmaDeviceMemoryBlock* pBlock)
       |                                                 ^
/data/data/com.termux/files/home/ExynosTools-LSFG/external/VulkanMemoryAllocator/include/vk_mem_alloc.h:11960:49: note: insert '_Nullable' if the pointer may be null
 11960 | void VmaBlockVector::Remove(VmaDeviceMemoryBlock* pBlock)
       |                                                 ^
       |                                                   _Nullable
/data/data/com.termux/files/home/ExynosTools-LSFG/external/VulkanMemoryAllocator/include/vk_mem_alloc.h:11960:49: note: insert '_Nonnull' if the pointer should never be null
 11960 | void VmaBlockVector::Remove(VmaDeviceMemoryBlock* pBlock)
       |                                                 ^
       |                                                   _Nonnull
/data/data/com.termux/files/home/ExynosTools-LSFG/external/VulkanMemoryAllocator/include/vk_mem_alloc.h:12001:25: warning: pointer is missing a nullability type specifier (_Nonnull, _Nullable, or _Null_unspecified) [-Wnullability-completeness]
 12001 |     VmaDeviceMemoryBlock* pBlock,
       |                         ^
/data/data/com.termux/files/home/ExynosTools-LSFG/external/VulkanMemoryAllocator/include/vk_mem_alloc.h:12001:25: note: insert '_Nullable' if the pointer may be null
 12001 |     VmaDeviceMemoryBlock* pBlock,
       |                         ^
       |                           _Nullable
/data/data/com.termux/files/home/ExynosTools-LSFG/external/VulkanMemoryAllocator/include/vk_mem_alloc.h:12001:25: note: insert '_Nonnull' if the pointer should never be null
 12001 |     VmaDeviceMemoryBlock* pBlock,
       |                         ^
       |                           _Nonnull
/data/data/com.termux/files/home/ExynosTools-LSFG/external/VulkanMemoryAllocator/include/vk_mem_alloc.h:12005:9: warning: pointer is missing a nullability type specifier (_Nonnull, _Nullable, or _Null_unspecified) [-Wnullability-completeness]
 12005 |     void* pUserData,
       |         ^
/data/data/com.termux/files/home/ExynosTools-LSFG/external/VulkanMemoryAllocator/include/vk_mem_alloc.h:12005:9: note: insert '_Nullable' if the pointer may be null
 12005 |     void* pUserData,
       |         ^
       |           _Nullable
/data/data/com.termux/files/home/ExynosTools-LSFG/external/VulkanMemoryAllocator/include/vk_mem_alloc.h:12005:9: note: insert '_Nonnull' if the pointer should never be null
 12005 |     void* pUserData,
       |         ^
       |           _Nonnull
/data/data/com.termux/files/home/ExynosTools-LSFG/external/VulkanMemoryAllocator/include/vk_mem_alloc.h:12008:5: warning: pointer is missing a nullability type specifier (_Nonnull, _Nullable, or _Null_unspecified) [-Wnullability-completeness]
 12008 |     VmaAllocation* pAllocation)
       |     ^
/data/data/com.termux/files/home/ExynosTools-LSFG/external/VulkanMemoryAllocator/include/vk_mem_alloc.h:12008:5: note: insert '_Nullable' if the pointer may be null
 12008 |     VmaAllocation* pAllocation)
       |     ^            
       |                   _Nullable 
/data/data/com.termux/files/home/ExynosTools-LSFG/external/VulkanMemoryAllocator/include/vk_mem_alloc.h:12008:5: note: insert '_Nonnull' if the pointer should never be null
 12008 |     VmaAllocation* pAllocation)
       |     ^            
       |                   _Nonnull 
/data/data/com.termux/files/home/ExynosTools-LSFG/external/VulkanMemoryAllocator/include/vk_mem_alloc.h:12008:18: warning: pointer is missing a nullability type specifier (_Nonnull, _Nullable, or _Null_unspecified) [-Wnullability-completeness]
 12008 |     VmaAllocation* pAllocation)
       |                  ^
/data/data/com.termux/files/home/ExynosTools-LSFG/external/VulkanMemoryAllocator/include/vk_mem_alloc.h:12008:18: note: insert '_Nullable' if the pointer may be null
 12008 |     VmaAllocation* pAllocation)
       |                  ^
       |                    _Nullable
/data/data/com.termux/files/home/ExynosTools-LSFG/external/VulkanMemoryAllocator/include/vk_mem_alloc.h:12008:18: note: insert '_Nonnull' if the pointer should never be null
 12008 |     VmaAllocation* pAllocation)
       |                  ^
       |                    _Nonnull
/data/data/com.termux/files/home/ExynosTools-LSFG/external/VulkanMemoryAllocator/include/vk_mem_alloc.h:12028:25: warning: pointer is missing a nullability type specifier (_Nonnull, _Nullable, or _Null_unspecified) [-Wnullability-completeness]
 12028 |     VmaDeviceMemoryBlock* pBlock,
       |                         ^
/data/data/com.termux/files/home/ExynosTools-LSFG/external/VulkanMemoryAllocator/include/vk_mem_alloc.h:12028:25: note: insert '_Nullable' if the pointer may be null
 12028 |     VmaDeviceMemoryBlock* pBlock,
       |                         ^
       |                           _Nullable
/data/data/com.termux/files/home/ExynosTools-LSFG/external/VulkanMemoryAllocator/include/vk_mem_alloc.h:12028:25: note: insert '_Nonnull' if the pointer should never be null
 12028 |     VmaDeviceMemoryBlock* pBlock,
       |                         ^
       |                           _Nonnull
/data/data/com.termux/files/home/ExynosTools-LSFG/external/VulkanMemoryAllocator/include/vk_mem_alloc.h:12031:9: warning: pointer is missing a nullability type specifier (_Nonnull, _Nullable, or _Null_unspecified) [-Wnullability-completeness]
 12031 |     void* pUserData,
       |         ^
/data/data/com.termux/files/home/ExynosTools-LSFG/external/VulkanMemoryAllocator/include/vk_mem_alloc.h:12031:9: note: insert '_Nullable' if the pointer may be null
 12031 |     void* pUserData,
       |         ^
       |           _Nullable
/data/data/com.termux/files/home/ExynosTools-LSFG/external/VulkanMemoryAllocator/include/vk_mem_alloc.h:12031:9: note: insert '_Nonnull' if the pointer should never be null
 12031 |     void* pUserData,
       |         ^
       |           _Nonnull
/data/data/com.termux/files/home/ExynosTools-LSFG/external/VulkanMemoryAllocator/include/vk_mem_alloc.h:12033:5: warning: pointer is missing a nullability type specifier (_Nonnull, _Nullable, or _Null_unspecified) [-Wnullability-completeness]
 12033 |     VmaAllocation* pAllocation)
       |     ^
/data/data/com.termux/files/home/ExynosTools-LSFG/external/VulkanMemoryAllocator/include/vk_mem_alloc.h:12033:5: note: insert '_Nullable' if the pointer may be null
 12033 |     VmaAllocation* pAllocation)
       |     ^            
       |                   _Nullable 
/data/data/com.termux/files/home/ExynosTools-LSFG/external/VulkanMemoryAllocator/include/vk_mem_alloc.h:12033:5: note: insert '_Nonnull' if the pointer should never be null
 12033 |     VmaAllocation* pAllocation)
       |     ^            
       |                   _Nonnull 
/data/data/com.termux/files/home/ExynosTools-LSFG/external/VulkanMemoryAllocator/include/vk_mem_alloc.h:12033:18: warning: pointer is missing a nullability type specifier (_Nonnull, _Nullable, or _Null_unspecified) [-Wnullability-completeness]
 12033 |     VmaAllocation* pAllocation)
       |                  ^
/data/data/com.termux/files/home/ExynosTools-LSFG/external/VulkanMemoryAllocator/include/vk_mem_alloc.h:12033:18: note: insert '_Nullable' if the pointer may be null
 12033 |     VmaAllocation* pAllocation)
       |                  ^
       |                    _Nullable
/data/data/com.termux/files/home/ExynosTools-LSFG/external/VulkanMemoryAllocator/include/vk_mem_alloc.h:12033:18: note: insert '_Nonnull' if the pointer should never be null
 12033 |     VmaAllocation* pAllocation)
       |                  ^
       |                    _Nonnull
/data/data/com.termux/files/home/ExynosTools-LSFG/external/VulkanMemoryAllocator/include/vk_mem_alloc.h:12080:68: warning: pointer is missing a nullability type specifier (_Nonnull, _Nullable, or _Null_unspecified) [-Wnullability-completeness]
 12080 | VkResult VmaBlockVector::CreateBlock(VkDeviceSize blockSize, size_t* pNewBlockIndex)
       |                                                                    ^
/data/data/com.termux/files/home/ExynosTools-LSFG/external/VulkanMemoryAllocator/include/vk_mem_alloc.h:12080:68: note: insert '_Nullable' if the pointer may be null
 12080 | VkResult VmaBlockVector::CreateBlock(VkDeviceSize blockSize, size_t* pNewBlockIndex)
       |                                                                    ^
       |                                                                      _Nullable
/data/data/com.termux/files/home/ExynosTools-LSFG/external/VulkanMemoryAllocator/include/vk_mem_alloc.h:12080:68: note: insert '_Nonnull' if the pointer should never be null
 12080 | VkResult VmaBlockVector::CreateBlock(VkDeviceSize blockSize, size_t* pNewBlockIndex)
       |                                                                    ^
       |                                                                      _Nonnull
/data/data/com.termux/files/home/ExynosTools-LSFG/external/VulkanMemoryAllocator/include/vk_mem_alloc.h:12209:5: warning: pointer is missing a nullability type specifier (_Nonnull, _Nullable, or _Null_unspecified) [-Wnullability-completeness]
 12209 |     VmaAllocator hAllocator,
       |     ^
/data/data/com.termux/files/home/ExynosTools-LSFG/external/VulkanMemoryAllocator/include/vk_mem_alloc.h:12209:5: note: insert '_Nullable' if the pointer may be null
 12209 |     VmaAllocator hAllocator,
       |     ^
       |                  _Nullable
/data/data/com.termux/files/home/ExynosTools-LSFG/external/VulkanMemoryAllocator/include/vk_mem_alloc.h:12209:5: note: insert '_Nonnull' if the pointer should never be null
 12209 |     VmaAllocator hAllocator,
       |     ^
       |                  _Nonnull
/data/data/com.termux/files/home/ExynosTools-LSFG/external/VulkanMemoryAllocator/include/vk_mem_alloc.h:12592:5: warning: pointer is missing a nullability type specifier (_Nonnull, _Nullable, or _Null_unspecified) [-Wnullability-completeness]
 12592 |     VmaAllocHandle handle, VmaBlockMetadata* metadata)
       |     ^
/data/data/com.termux/files/home/ExynosTools-LSFG/external/VulkanMemoryAllocator/include/vk_mem_alloc.h:12592:5: note: insert '_Nullable' if the pointer may be null
 12592 |     VmaAllocHandle handle, VmaBlockMetadata* metadata)
       |     ^
       |                    _Nullable
/data/data/com.termux/files/home/ExynosTools-LSFG/external/VulkanMemoryAllocator/include/vk_mem_alloc.h:12592:5: note: insert '_Nonnull' if the pointer should never be null
 12592 |     VmaAllocHandle handle, VmaBlockMetadata* metadata)
       |     ^
       |                    _Nonnull
/data/data/com.termux/files/home/ExynosTools-LSFG/external/VulkanMemoryAllocator/include/vk_mem_alloc.h:12592:44: warning: pointer is missing a nullability type specifier (_Nonnull, _Nullable, or _Null_unspecified) [-Wnullability-completeness]
 12592 |     VmaAllocHandle handle, VmaBlockMetadata* metadata)
       |                                            ^
/data/data/com.termux/files/home/ExynosTools-LSFG/external/VulkanMemoryAllocator/include/vk_mem_alloc.h:12592:44: note: insert '_Nullable' if the pointer may be null
 12592 |     VmaAllocHandle handle, VmaBlockMetadata* metadata)
       |                                            ^
       |                                              _Nullable
/data/data/com.termux/files/home/ExynosTools-LSFG/external/VulkanMemoryAllocator/include/vk_mem_alloc.h:12592:44: note: insert '_Nonnull' if the pointer should never be null
 12592 |     VmaAllocHandle handle, VmaBlockMetadata* metadata)
       |                                            ^
       |                                              _Nonnull
/data/data/com.termux/files/home/ExynosTools-LSFG/external/VulkanMemoryAllocator/include/vk_mem_alloc.h:12640:98: warning: pointer is missing a nullability type specifier (_Nonnull, _Nullable, or _Null_unspecified) [-Wnullability-completeness]
 12640 | bool VmaDefragmentationContext_T::ReallocWithinBlock(VmaBlockVector& vector, VmaDeviceMemoryBlock* block)
       |                                                                                                  ^
/data/data/com.termux/files/home/ExynosTools-LSFG/external/VulkanMemoryAllocator/include/vk_mem_alloc.h:12640:98: note: insert '_Nullable' if the pointer may be null
 12640 | bool VmaDefragmentationContext_T::ReallocWithinBlock(VmaBlockVector& vector, VmaDeviceMemoryBlock* block)
       |                                                                                                  ^
       |                                                                                                    _Nullable
/data/data/com.termux/files/home/ExynosTools-LSFG/external/VulkanMemoryAllocator/include/vk_mem_alloc.h:12640:98: note: insert '_Nonnull' if the pointer should never be null
 12640 | bool VmaDefragmentationContext_T::ReallocWithinBlock(VmaBlockVector& vector, VmaDeviceMemoryBlock* block)
       |                                                                                                  ^
       |                                                                                                    _Nonnull
/data/data/com.termux/files/home/ExynosTools-LSFG/external/VulkanMemoryAllocator/include/vk_mem_alloc.h:13191:5: warning: pointer is missing a nullability type specifier (_Nonnull, _Nullable, or _Null_unspecified) [-Wnullability-completeness]
 13191 |     VmaAllocator hAllocator,
       |     ^
/data/data/com.termux/files/home/ExynosTools-LSFG/external/VulkanMemoryAllocator/include/vk_mem_alloc.h:13191:5: note: insert '_Nullable' if the pointer may be null
 13191 |     VmaAllocator hAllocator,
       |     ^
       |                  _Nullable
/data/data/com.termux/files/home/ExynosTools-LSFG/external/VulkanMemoryAllocator/include/vk_mem_alloc.h:13191:5: note: insert '_Nonnull' if the pointer should never be null
 13191 |     VmaAllocator hAllocator,
       |     ^
       |                  _Nonnull
/data/data/com.termux/files/home/ExynosTools-LSFG/external/VulkanMemoryAllocator/include/vk_mem_alloc.h:13218:35: warning: pointer is missing a nullability type specifier (_Nonnull, _Nullable, or _Null_unspecified) [-Wnullability-completeness]
 13218 | void VmaPool_T::SetName(const char* pName)
       |                                   ^
/data/data/com.termux/files/home/ExynosTools-LSFG/external/VulkanMemoryAllocator/include/vk_mem_alloc.h:13218:35: note: insert '_Nullable' if the pointer may be null
 13218 | void VmaPool_T::SetName(const char* pName)
       |                                   ^
       |                                     _Nullable
/data/data/com.termux/files/home/ExynosTools-LSFG/external/VulkanMemoryAllocator/include/vk_mem_alloc.h:13218:35: note: insert '_Nonnull' if the pointer should never be null
 13218 | void VmaPool_T::SetName(const char* pName)
       |                                   ^
       |                                     _Nonnull
/data/data/com.termux/files/home/ExynosTools-LSFG/external/VulkanMemoryAllocator/include/vk_mem_alloc.h:13235:60: warning: pointer is missing a nullability type specifier (_Nonnull, _Nullable, or _Null_unspecified) [-Wnullability-completeness]
 13235 | VmaAllocator_T::VmaAllocator_T(const VmaAllocatorCreateInfo* pCreateInfo) :
       |                                                            ^
/data/data/com.termux/files/home/ExynosTools-LSFG/external/VulkanMemoryAllocator/include/vk_mem_alloc.h:13235:60: note: insert '_Nullable' if the pointer may be null
 13235 | VmaAllocator_T::VmaAllocator_T(const VmaAllocatorCreateInfo* pCreateInfo) :
       |                                                            ^
       |                                                              _Nullable
/data/data/com.termux/files/home/ExynosTools-LSFG/external/VulkanMemoryAllocator/include/vk_mem_alloc.h:13235:60: note: insert '_Nonnull' if the pointer should never be null
 13235 | VmaAllocator_T::VmaAllocator_T(const VmaAllocatorCreateInfo* pCreateInfo) :
       |                                                            ^
       |                                                              _Nonnull
/data/data/com.termux/files/home/ExynosTools-LSFG/external/VulkanMemoryAllocator/include/vk_mem_alloc.h:13428:59: warning: pointer is missing a nullability type specifier (_Nonnull, _Nullable, or _Null_unspecified) [-Wnullability-completeness]
 13428 | VkResult VmaAllocator_T::Init(const VmaAllocatorCreateInfo* pCreateInfo)
       |                                                           ^
/data/data/com.termux/files/home/ExynosTools-LSFG/external/VulkanMemoryAllocator/include/vk_mem_alloc.h:13428:59: note: insert '_Nullable' if the pointer may be null
 13428 | VkResult VmaAllocator_T::Init(const VmaAllocatorCreateInfo* pCreateInfo)
       |                                                           ^
       |                                                             _Nullable
/data/data/com.termux/files/home/ExynosTools-LSFG/external/VulkanMemoryAllocator/include/vk_mem_alloc.h:13428:59: note: insert '_Nonnull' if the pointer should never be null
 13428 | VkResult VmaAllocator_T::Init(const VmaAllocatorCreateInfo* pCreateInfo)
       |                                                           ^
       |                                                             _Nonnull
/data/data/com.termux/files/home/ExynosTools-LSFG/external/VulkanMemoryAllocator/include/vk_mem_alloc.h:13452:68: warning: pointer is missing a nullability type specifier (_Nonnull, _Nullable, or _Null_unspecified) [-Wnullability-completeness]
 13452 | void VmaAllocator_T::ImportVulkanFunctions(const VmaVulkanFunctions* pVulkanFunctions)
       |                                                                    ^
/data/data/com.termux/files/home/ExynosTools-LSFG/external/VulkanMemoryAllocator/include/vk_mem_alloc.h:13452:68: note: insert '_Nullable' if the pointer may be null
 13452 | void VmaAllocator_T::ImportVulkanFunctions(const VmaVulkanFunctions* pVulkanFunctions)
       |                                                                    ^
       |                                                                      _Nullable
/data/data/com.termux/files/home/ExynosTools-LSFG/external/VulkanMemoryAllocator/include/vk_mem_alloc.h:13452:68: note: insert '_Nonnull' if the pointer should never be null
 13452 | void VmaAllocator_T::ImportVulkanFunctions(const VmaVulkanFunctions* pVulkanFunctions)
       |                                                                    ^
       |                                                                      _Nonnull
/data/data/com.termux/files/home/ExynosTools-LSFG/external/VulkanMemoryAllocator/include/vk_mem_alloc.h:13524:75: warning: pointer is missing a nullability type specifier (_Nonnull, _Nullable, or _Null_unspecified) [-Wnullability-completeness]
 13524 | void VmaAllocator_T::ImportVulkanFunctions_Custom(const VmaVulkanFunctions* pVulkanFunctions)
       |                                                                           ^
/data/data/com.termux/files/home/ExynosTools-LSFG/external/VulkanMemoryAllocator/include/vk_mem_alloc.h:13524:75: note: insert '_Nullable' if the pointer may be null
 13524 | void VmaAllocator_T::ImportVulkanFunctions_Custom(const VmaVulkanFunctions* pVulkanFunctions)
       |                                                                           ^
       |                                                                             _Nullable
/data/data/com.termux/files/home/ExynosTools-LSFG/external/VulkanMemoryAllocator/include/vk_mem_alloc.h:13524:75: note: insert '_Nonnull' if the pointer should never be null
 13524 | void VmaAllocator_T::ImportVulkanFunctions_Custom(const VmaVulkanFunctions* pVulkanFunctions)
       |                                                                           ^
       |                                                                             _Nonnull
/data/data/com.termux/files/home/ExynosTools-LSFG/external/VulkanMemoryAllocator/include/vk_mem_alloc.h:13755:5: warning: pointer is missing a nullability type specifier (_Nonnull, _Nullable, or _Null_unspecified) [-Wnullability-completeness]
 13755 |     VmaPool pool,
       |     ^
/data/data/com.termux/files/home/ExynosTools-LSFG/external/VulkanMemoryAllocator/include/vk_mem_alloc.h:13755:5: note: insert '_Nullable' if the pointer may be null
 13755 |     VmaPool pool,
       |     ^
       |             _Nullable
/data/data/com.termux/files/home/ExynosTools-LSFG/external/VulkanMemoryAllocator/include/vk_mem_alloc.h:13755:5: note: insert '_Nonnull' if the pointer should never be null
 13755 |     VmaPool pool,
       |     ^
       |             _Nonnull
/data/data/com.termux/files/home/ExynosTools-LSFG/external/VulkanMemoryAllocator/include/vk_mem_alloc.h:13759:5: warning: pointer is missing a nullability type specifier (_Nonnull, _Nullable, or _Null_unspecified) [-Wnullability-completeness]
 13759 |     VkBuffer dedicatedBuffer,
       |     ^
/data/data/com.termux/files/home/ExynosTools-LSFG/external/VulkanMemoryAllocator/include/vk_mem_alloc.h:13759:5: note: insert '_Nullable' if the pointer may be null
 13759 |     VkBuffer dedicatedBuffer,
       |     ^
       |              _Nullable
/data/data/com.termux/files/home/ExynosTools-LSFG/external/VulkanMemoryAllocator/include/vk_mem_alloc.h:13759:5: note: insert '_Nonnull' if the pointer should never be null
 13759 |     VkBuffer dedicatedBuffer,
       |     ^
       |              _Nonnull
/data/data/com.termux/files/home/ExynosTools-LSFG/external/VulkanMemoryAllocator/include/vk_mem_alloc.h:13760:5: warning: pointer is missing a nullability type specifier (_Nonnull, _Nullable, or _Null_unspecified) [-Wnullability-completeness]
 13760 |     VkImage dedicatedImage,
       |     ^
/data/data/com.termux/files/home/ExynosTools-LSFG/external/VulkanMemoryAllocator/include/vk_mem_alloc.h:13760:5: note: insert '_Nullable' if the pointer may be null
 13760 |     VkImage dedicatedImage,
       |     ^
       |             _Nullable
/data/data/com.termux/files/home/ExynosTools-LSFG/external/VulkanMemoryAllocator/include/vk_mem_alloc.h:13760:5: note: insert '_Nonnull' if the pointer should never be null
 13760 |     VkImage dedicatedImage,
       |     ^
       |             _Nonnull
/data/data/com.termux/files/home/ExynosTools-LSFG/external/VulkanMemoryAllocator/include/vk_mem_alloc.h:13762:9: warning: pointer is missing a nullability type specifier (_Nonnull, _Nullable, or _Null_unspecified) [-Wnullability-completeness]
 13762 |     void* pMemoryAllocateNext,
       |         ^
/data/data/com.termux/files/home/ExynosTools-LSFG/external/VulkanMemoryAllocator/include/vk_mem_alloc.h:13762:9: note: insert '_Nullable' if the pointer may be null
 13762 |     void* pMemoryAllocateNext,
       |         ^
       |           _Nullable
/data/data/com.termux/files/home/ExynosTools-LSFG/external/VulkanMemoryAllocator/include/vk_mem_alloc.h:13762:9: note: insert '_Nonnull' if the pointer should never be null
 13762 |     void* pMemoryAllocateNext,
       |         ^
       |           _Nonnull
/data/data/com.termux/files/home/ExynosTools-LSFG/external/VulkanMemoryAllocator/include/vk_mem_alloc.h:13769:5: warning: pointer is missing a nullability type specifier (_Nonnull, _Nullable, or _Null_unspecified) [-Wnullability-completeness]
 13769 |     VmaAllocation* pAllocations)
       |     ^
/data/data/com.termux/files/home/ExynosTools-LSFG/external/VulkanMemoryAllocator/include/vk_mem_alloc.h:13769:5: note: insert '_Nullable' if the pointer may be null
 13769 |     VmaAllocation* pAllocations)
       |     ^            
       |                   _Nullable 
/data/data/com.termux/files/home/ExynosTools-LSFG/external/VulkanMemoryAllocator/include/vk_mem_alloc.h:13769:5: note: insert '_Nonnull' if the pointer should never be null
 13769 |     VmaAllocation* pAllocations)
       |     ^            
       |                   _Nonnull 
/data/data/com.termux/files/home/ExynosTools-LSFG/external/VulkanMemoryAllocator/include/vk_mem_alloc.h:13769:18: warning: pointer is missing a nullability type specifier (_Nonnull, _Nullable, or _Null_unspecified) [-Wnullability-completeness]
 13769 |     VmaAllocation* pAllocations)
       |                  ^
/data/data/com.termux/files/home/ExynosTools-LSFG/external/VulkanMemoryAllocator/include/vk_mem_alloc.h:13769:18: note: insert '_Nullable' if the pointer may be null
 13769 |     VmaAllocation* pAllocations)
       |                  ^
       |                    _Nullable
/data/data/com.termux/files/home/ExynosTools-LSFG/external/VulkanMemoryAllocator/include/vk_mem_alloc.h:13769:18: note: insert '_Nonnull' if the pointer should never be null
 13769 |     VmaAllocation* pAllocations)
       |                  ^
       |                    _Nonnull
/data/data/com.termux/files/home/ExynosTools-LSFG/external/VulkanMemoryAllocator/include/vk_mem_alloc.h:13910:5: warning: pointer is missing a nullability type specifier (_Nonnull, _Nullable, or _Null_unspecified) [-Wnullability-completeness]
 13910 |     VmaPool pool,
       |     ^
/data/data/com.termux/files/home/ExynosTools-LSFG/external/VulkanMemoryAllocator/include/vk_mem_alloc.h:13910:5: note: insert '_Nullable' if the pointer may be null
 13910 |     VmaPool pool,
       |     ^
       |             _Nullable
/data/data/com.termux/files/home/ExynosTools-LSFG/external/VulkanMemoryAllocator/include/vk_mem_alloc.h:13910:5: note: insert '_Nonnull' if the pointer should never be null
 13910 |     VmaPool pool,
       |     ^
       |             _Nonnull
/data/data/com.termux/files/home/ExynosTools-LSFG/external/VulkanMemoryAllocator/include/vk_mem_alloc.h:13919:9: warning: pointer is missing a nullability type specifier (_Nonnull, _Nullable, or _Null_unspecified) [-Wnullability-completeness]
 13919 |     void* pUserData,
       |         ^
/data/data/com.termux/files/home/ExynosTools-LSFG/external/VulkanMemoryAllocator/include/vk_mem_alloc.h:13919:9: note: insert '_Nullable' if the pointer may be null
 13919 |     void* pUserData,
       |         ^
       |           _Nullable
/data/data/com.termux/files/home/ExynosTools-LSFG/external/VulkanMemoryAllocator/include/vk_mem_alloc.h:13919:9: note: insert '_Nonnull' if the pointer should never be null
 13919 |     void* pUserData,
       |         ^
       |           _Nonnull
/data/data/com.termux/files/home/ExynosTools-LSFG/external/VulkanMemoryAllocator/include/vk_mem_alloc.h:13921:5: warning: pointer is missing a nullability type specifier (_Nonnull, _Nullable, or _Null_unspecified) [-Wnullability-completeness]
 13921 |     VkBuffer dedicatedBuffer,
       |     ^
/data/data/com.termux/files/home/ExynosTools-LSFG/external/VulkanMemoryAllocator/include/vk_mem_alloc.h:13921:5: note: insert '_Nullable' if the pointer may be null
 13921 |     VkBuffer dedicatedBuffer,
       |     ^
       |              _Nullable
/data/data/com.termux/files/home/ExynosTools-LSFG/external/VulkanMemoryAllocator/include/vk_mem_alloc.h:13921:5: note: insert '_Nonnull' if the pointer should never be null
 13921 |     VkBuffer dedicatedBuffer,
       |     ^
       |              _Nonnull
/data/data/com.termux/files/home/ExynosTools-LSFG/external/VulkanMemoryAllocator/include/vk_mem_alloc.h:13922:5: warning: pointer is missing a nullability type specifier (_Nonnull, _Nullable, or _Null_unspecified) [-Wnullability-completeness]
 13922 |     VkImage dedicatedImage,
       |     ^
/data/data/com.termux/files/home/ExynosTools-LSFG/external/VulkanMemoryAllocator/include/vk_mem_alloc.h:13922:5: note: insert '_Nullable' if the pointer may be null
 13922 |     VkImage dedicatedImage,
       |     ^
       |             _Nullable
/data/data/com.termux/files/home/ExynosTools-LSFG/external/VulkanMemoryAllocator/include/vk_mem_alloc.h:13922:5: note: insert '_Nonnull' if the pointer should never be null
 13922 |     VkImage dedicatedImage,
       |     ^
       |             _Nonnull
/data/data/com.termux/files/home/ExynosTools-LSFG/external/VulkanMemoryAllocator/include/vk_mem_alloc.h:13925:5: warning: pointer is missing a nullability type specifier (_Nonnull, _Nullable, or _Null_unspecified) [-Wnullability-completeness]
 13925 |     VmaAllocation* pAllocations,
       |     ^
/data/data/com.termux/files/home/ExynosTools-LSFG/external/VulkanMemoryAllocator/include/vk_mem_alloc.h:13925:5: note: insert '_Nullable' if the pointer may be null
 13925 |     VmaAllocation* pAllocations,
       |     ^            
       |                   _Nullable 
/data/data/com.termux/files/home/ExynosTools-LSFG/external/VulkanMemoryAllocator/include/vk_mem_alloc.h:13925:5: note: insert '_Nonnull' if the pointer should never be null
 13925 |     VmaAllocation* pAllocations,
       |     ^            
       |                   _Nonnull 
/data/data/com.termux/files/home/ExynosTools-LSFG/external/VulkanMemoryAllocator/include/vk_mem_alloc.h:13925:18: warning: pointer is missing a nullability type specifier (_Nonnull, _Nullable, or _Null_unspecified) [-Wnullability-completeness]
 13925 |     VmaAllocation* pAllocations,
       |                  ^
/data/data/com.termux/files/home/ExynosTools-LSFG/external/VulkanMemoryAllocator/include/vk_mem_alloc.h:13925:18: note: insert '_Nullable' if the pointer may be null
 13925 |     VmaAllocation* pAllocations,
       |                  ^
       |                    _Nullable
/data/data/com.termux/files/home/ExynosTools-LSFG/external/VulkanMemoryAllocator/include/vk_mem_alloc.h:13925:18: note: insert '_Nonnull' if the pointer should never be null
 13925 |     VmaAllocation* pAllocations,
       |                  ^
       |                    _Nonnull
/data/data/com.termux/files/home/ExynosTools-LSFG/external/VulkanMemoryAllocator/include/vk_mem_alloc.h:13926:15: warning: pointer is missing a nullability type specifier (_Nonnull, _Nullable, or _Null_unspecified) [-Wnullability-completeness]
 13926 |     const void* pNextChain)
       |               ^
/data/data/com.termux/files/home/ExynosTools-LSFG/external/VulkanMemoryAllocator/include/vk_mem_alloc.h:13926:15: note: insert '_Nullable' if the pointer may be null
 13926 |     const void* pNextChain)
       |               ^
       |                 _Nullable
/data/data/com.termux/files/home/ExynosTools-LSFG/external/VulkanMemoryAllocator/include/vk_mem_alloc.h:13926:15: note: insert '_Nonnull' if the pointer should never be null
 13926 |     const void* pNextChain)
       |               ^
       |                 _Nonnull
/data/data/com.termux/files/home/ExynosTools-LSFG/external/VulkanMemoryAllocator/include/vk_mem_alloc.h:14057:5: warning: pointer is missing a nullability type specifier (_Nonnull, _Nullable, or _Null_unspecified) [-Wnullability-completeness]
 14057 |     VmaPool pool,
       |     ^
/data/data/com.termux/files/home/ExynosTools-LSFG/external/VulkanMemoryAllocator/include/vk_mem_alloc.h:14057:5: note: insert '_Nullable' if the pointer may be null
 14057 |     VmaPool pool,
       |     ^
       |             _Nullable
/data/data/com.termux/files/home/ExynosTools-LSFG/external/VulkanMemoryAllocator/include/vk_mem_alloc.h:14057:5: note: insert '_Nonnull' if the pointer should never be null
 14057 |     VmaPool pool,
       |     ^
       |             _Nonnull
/data/data/com.termux/files/home/ExynosTools-LSFG/external/VulkanMemoryAllocator/include/vk_mem_alloc.h:14065:9: warning: pointer is missing a nullability type specifier (_Nonnull, _Nullable, or _Null_unspecified) [-Wnullability-completeness]
 14065 |     void* pUserData,
       |         ^
/data/data/com.termux/files/home/ExynosTools-LSFG/external/VulkanMemoryAllocator/include/vk_mem_alloc.h:14065:9: note: insert '_Nullable' if the pointer may be null
 14065 |     void* pUserData,
       |         ^
       |           _Nullable
/data/data/com.termux/files/home/ExynosTools-LSFG/external/VulkanMemoryAllocator/include/vk_mem_alloc.h:14065:9: note: insert '_Nonnull' if the pointer should never be null
 14065 |     void* pUserData,
       |         ^
       |           _Nonnull
/data/data/com.termux/files/home/ExynosTools-LSFG/external/VulkanMemoryAllocator/include/vk_mem_alloc.h:14066:5: warning: pointer is missing a nullability type specifier (_Nonnull, _Nullable, or _Null_unspecified) [-Wnullability-completeness]
 14066 |     VmaAllocation* pAllocation)
       |     ^
/data/data/com.termux/files/home/ExynosTools-LSFG/external/VulkanMemoryAllocator/include/vk_mem_alloc.h:14066:5: note: insert '_Nullable' if the pointer may be null
 14066 |     VmaAllocation* pAllocation)
       |     ^            
       |                   _Nullable 
/data/data/com.termux/files/home/ExynosTools-LSFG/external/VulkanMemoryAllocator/include/vk_mem_alloc.h:14066:5: note: insert '_Nonnull' if the pointer should never be null
 14066 |     VmaAllocation* pAllocation)
       |     ^            
       |                   _Nonnull 
/data/data/com.termux/files/home/ExynosTools-LSFG/external/VulkanMemoryAllocator/include/vk_mem_alloc.h:14066:18: warning: pointer is missing a nullability type specifier (_Nonnull, _Nullable, or _Null_unspecified) [-Wnullability-completeness]
 14066 |     VmaAllocation* pAllocation)
       |                  ^
/data/data/com.termux/files/home/ExynosTools-LSFG/external/VulkanMemoryAllocator/include/vk_mem_alloc.h:14066:18: note: insert '_Nullable' if the pointer may be null
 14066 |     VmaAllocation* pAllocation)
       |                  ^
       |                    _Nullable
/data/data/com.termux/files/home/ExynosTools-LSFG/external/VulkanMemoryAllocator/include/vk_mem_alloc.h:14066:18: note: insert '_Nonnull' if the pointer should never be null
 14066 |     VmaAllocation* pAllocation)
       |                  ^
       |                    _Nonnull
/data/data/com.termux/files/home/ExynosTools-LSFG/external/VulkanMemoryAllocator/include/vk_mem_alloc.h:14110:5: warning: pointer is missing a nullability type specifier (_Nonnull, _Nullable, or _Null_unspecified) [-Wnullability-completeness]
 14110 |     VkBuffer hBuffer,
       |     ^
/data/data/com.termux/files/home/ExynosTools-LSFG/external/VulkanMemoryAllocator/include/vk_mem_alloc.h:14110:5: note: insert '_Nullable' if the pointer may be null
 14110 |     VkBuffer hBuffer,
       |     ^
       |              _Nullable
/data/data/com.termux/files/home/ExynosTools-LSFG/external/VulkanMemoryAllocator/include/vk_mem_alloc.h:14110:5: note: insert '_Nonnull' if the pointer should never be null
 14110 |     VkBuffer hBuffer,
       |     ^
       |              _Nonnull
/data/data/com.termux/files/home/ExynosTools-LSFG/external/VulkanMemoryAllocator/include/vk_mem_alloc.h:14142:5: warning: pointer is missing a nullability type specifier (_Nonnull, _Nullable, or _Null_unspecified) [-Wnullability-completeness]
 14142 |     VkImage hImage,
       |     ^
/data/data/com.termux/files/home/ExynosTools-LSFG/external/VulkanMemoryAllocator/include/vk_mem_alloc.h:14142:5: note: insert '_Nullable' if the pointer may be null
 14142 |     VkImage hImage,
       |     ^
       |             _Nullable
/data/data/com.termux/files/home/ExynosTools-LSFG/external/VulkanMemoryAllocator/include/vk_mem_alloc.h:14142:5: note: insert '_Nonnull' if the pointer should never be null
 14142 |     VkImage hImage,
       |     ^
       |             _Nonnull
/data/data/com.termux/files/home/ExynosTools-LSFG/external/VulkanMemoryAllocator/include/vk_mem_alloc.h:14175:34: warning: pointer is missing a nullability type specifier (_Nonnull, _Nullable, or _Null_unspecified) [-Wnullability-completeness]
 14175 |     const VmaAllocationCreateInfo* pAllocationCreateInfo,
       |                                  ^
/data/data/com.termux/files/home/ExynosTools-LSFG/external/VulkanMemoryAllocator/include/vk_mem_alloc.h:14175:34: note: insert '_Nullable' if the pointer may be null
 14175 |     const VmaAllocationCreateInfo* pAllocationCreateInfo,
       |                                  ^
       |                                    _Nullable
/data/data/com.termux/files/home/ExynosTools-LSFG/external/VulkanMemoryAllocator/include/vk_mem_alloc.h:14175:34: note: insert '_Nonnull' if the pointer should never be null
 14175 |     const VmaAllocationCreateInfo* pAllocationCreateInfo,
       |                                  ^
       |                                    _Nonnull
/data/data/com.termux/files/home/ExynosTools-LSFG/external/VulkanMemoryAllocator/include/vk_mem_alloc.h:14177:13: warning: pointer is missing a nullability type specifier (_Nonnull, _Nullable, or _Null_unspecified) [-Wnullability-completeness]
 14177 |     uint32_t* pMemoryTypeIndex) const
       |             ^
/data/data/com.termux/files/home/ExynosTools-LSFG/external/VulkanMemoryAllocator/include/vk_mem_alloc.h:14177:13: note: insert '_Nullable' if the pointer may be null
 14177 |     uint32_t* pMemoryTypeIndex) const
       |             ^
       |               _Nullable
/data/data/com.termux/files/home/ExynosTools-LSFG/external/VulkanMemoryAllocator/include/vk_mem_alloc.h:14177:13: note: insert '_Nonnull' if the pointer should never be null
 14177 |     uint32_t* pMemoryTypeIndex) const
       |             ^
       |               _Nonnull
/data/data/com.termux/files/home/ExynosTools-LSFG/external/VulkanMemoryAllocator/include/vk_mem_alloc.h:14328:29: warning: pointer is missing a nullability type specifier (_Nonnull, _Nullable, or _Null_unspecified) [-Wnullability-completeness]
 14328 |     const VkBufferCreateInfo* pBufferCreateInfo,
       |                             ^
/data/data/com.termux/files/home/ExynosTools-LSFG/external/VulkanMemoryAllocator/include/vk_mem_alloc.h:14328:29: note: insert '_Nullable' if the pointer may be null
 14328 |     const VkBufferCreateInfo* pBufferCreateInfo,
       |                             ^
       |                               _Nullable
/data/data/com.termux/files/home/ExynosTools-LSFG/external/VulkanMemoryAllocator/include/vk_mem_alloc.h:14328:29: note: insert '_Nonnull' if the pointer should never be null
 14328 |     const VkBufferCreateInfo* pBufferCreateInfo,
       |                             ^
       |                               _Nonnull
/data/data/com.termux/files/home/ExynosTools-LSFG/external/VulkanMemoryAllocator/include/vk_mem_alloc.h:14329:34: warning: pointer is missing a nullability type specifier (_Nonnull, _Nullable, or _Null_unspecified) [-Wnullability-completeness]
 14329 |     const VmaAllocationCreateInfo* pAllocationCreateInfo,
       |                                  ^
/data/data/com.termux/files/home/ExynosTools-LSFG/external/VulkanMemoryAllocator/include/vk_mem_alloc.h:14329:34: note: insert '_Nullable' if the pointer may be null
 14329 |     const VmaAllocationCreateInfo* pAllocationCreateInfo,
       |                                  ^
       |                                    _Nullable
/data/data/com.termux/files/home/ExynosTools-LSFG/external/VulkanMemoryAllocator/include/vk_mem_alloc.h:14329:34: note: insert '_Nonnull' if the pointer should never be null
 14329 |     const VmaAllocationCreateInfo* pAllocationCreateInfo,
       |                                  ^
       |                                    _Nonnull
/data/data/com.termux/files/home/ExynosTools-LSFG/external/VulkanMemoryAllocator/include/vk_mem_alloc.h:14330:9: warning: pointer is missing a nullability type specifier (_Nonnull, _Nullable, or _Null_unspecified) [-Wnullability-completeness]
 14330 |     void* pMemoryAllocateNext,
       |         ^
/data/data/com.termux/files/home/ExynosTools-LSFG/external/VulkanMemoryAllocator/include/vk_mem_alloc.h:14330:9: note: insert '_Nullable' if the pointer may be null
 14330 |     void* pMemoryAllocateNext,
       |         ^
       |           _Nullable
/data/data/com.termux/files/home/ExynosTools-LSFG/external/VulkanMemoryAllocator/include/vk_mem_alloc.h:14330:9: note: insert '_Nonnull' if the pointer should never be null
 14330 |     void* pMemoryAllocateNext,
       |         ^
       |           _Nonnull
/data/data/com.termux/files/home/ExynosTools-LSFG/external/VulkanMemoryAllocator/include/vk_mem_alloc.h:14331:5: warning: pointer is missing a nullability type specifier (_Nonnull, _Nullable, or _Null_unspecified) [-Wnullability-completeness]
 14331 |     VkBuffer* pBuffer,
       |     ^
/data/data/com.termux/files/home/ExynosTools-LSFG/external/VulkanMemoryAllocator/include/vk_mem_alloc.h:14331:5: note: insert '_Nullable' if the pointer may be null
 14331 |     VkBuffer* pBuffer,
       |     ^       
       |              _Nullable 
/data/data/com.termux/files/home/ExynosTools-LSFG/external/VulkanMemoryAllocator/include/vk_mem_alloc.h:14331:5: note: insert '_Nonnull' if the pointer should never be null
 14331 |     VkBuffer* pBuffer,
       |     ^       
       |              _Nonnull 
/data/data/com.termux/files/home/ExynosTools-LSFG/external/VulkanMemoryAllocator/include/vk_mem_alloc.h:14331:13: warning: pointer is missing a nullability type specifier (_Nonnull, _Nullable, or _Null_unspecified) [-Wnullability-completeness]
 14331 |     VkBuffer* pBuffer,
       |             ^
/data/data/com.termux/files/home/ExynosTools-LSFG/external/VulkanMemoryAllocator/include/vk_mem_alloc.h:14331:13: note: insert '_Nullable' if the pointer may be null
 14331 |     VkBuffer* pBuffer,
       |             ^
       |               _Nullable
/data/data/com.termux/files/home/ExynosTools-LSFG/external/VulkanMemoryAllocator/include/vk_mem_alloc.h:14331:13: note: insert '_Nonnull' if the pointer should never be null
 14331 |     VkBuffer* pBuffer,
       |             ^
       |               _Nonnull
/data/data/com.termux/files/home/ExynosTools-LSFG/external/VulkanMemoryAllocator/include/vk_mem_alloc.h:14332:5: warning: pointer is missing a nullability type specifier (_Nonnull, _Nullable, or _Null_unspecified) [-Wnullability-completeness]
 14332 |     VmaAllocation* pAllocation,
       |     ^
/data/data/com.termux/files/home/ExynosTools-LSFG/external/VulkanMemoryAllocator/include/vk_mem_alloc.h:14332:5: note: insert '_Nullable' if the pointer may be null
 14332 |     VmaAllocation* pAllocation,
       |     ^            
       |                   _Nullable 
/data/data/com.termux/files/home/ExynosTools-LSFG/external/VulkanMemoryAllocator/include/vk_mem_alloc.h:14332:5: note: insert '_Nonnull' if the pointer should never be null
 14332 |     VmaAllocation* pAllocation,
       |     ^            
       |                   _Nonnull 
/data/data/com.termux/files/home/ExynosTools-LSFG/external/VulkanMemoryAllocator/include/vk_mem_alloc.h:14332:18: warning: pointer is missing a nullability type specifier (_Nonnull, _Nullable, or _Null_unspecified) [-Wnullability-completeness]
 14332 |     VmaAllocation* pAllocation,
       |                  ^
/data/data/com.termux/files/home/ExynosTools-LSFG/external/VulkanMemoryAllocator/include/vk_mem_alloc.h:14332:18: note: insert '_Nullable' if the pointer may be null
 14332 |     VmaAllocation* pAllocation,
       |                  ^
       |                    _Nullable
/data/data/com.termux/files/home/ExynosTools-LSFG/external/VulkanMemoryAllocator/include/vk_mem_alloc.h:14332:18: note: insert '_Nonnull' if the pointer should never be null
 14332 |     VmaAllocation* pAllocation,
       |                  ^
       |                    _Nonnull
/data/data/com.termux/files/home/ExynosTools-LSFG/external/VulkanMemoryAllocator/include/vk_mem_alloc.h:14333:22: warning: pointer is missing a nullability type specifier (_Nonnull, _Nullable, or _Null_unspecified) [-Wnullability-completeness]
 14333 |     VmaAllocationInfo* pAllocationInfo)
       |                      ^
/data/data/com.termux/files/home/ExynosTools-LSFG/external/VulkanMemoryAllocator/include/vk_mem_alloc.h:14333:22: note: insert '_Nullable' if the pointer may be null
 14333 |     VmaAllocationInfo* pAllocationInfo)
       |                      ^
       |                        _Nullable
/data/data/com.termux/files/home/ExynosTools-LSFG/external/VulkanMemoryAllocator/include/vk_mem_alloc.h:14333:22: note: insert '_Nonnull' if the pointer should never be null
 14333 |     VmaAllocationInfo* pAllocationInfo)
       |                      ^
       |                        _Nonnull
/data/data/com.termux/files/home/ExynosTools-LSFG/external/VulkanMemoryAllocator/include/vk_mem_alloc.h:14408:28: warning: pointer is missing a nullability type specifier (_Nonnull, _Nullable, or _Null_unspecified) [-Wnullability-completeness]
 14408 |     const VkImageCreateInfo* pImageCreateInfo,
       |                            ^
/data/data/com.termux/files/home/ExynosTools-LSFG/external/VulkanMemoryAllocator/include/vk_mem_alloc.h:14408:28: note: insert '_Nullable' if the pointer may be null
 14408 |     const VkImageCreateInfo* pImageCreateInfo,
       |                            ^
       |                              _Nullable
/data/data/com.termux/files/home/ExynosTools-LSFG/external/VulkanMemoryAllocator/include/vk_mem_alloc.h:14408:28: note: insert '_Nonnull' if the pointer should never be null
 14408 |     const VkImageCreateInfo* pImageCreateInfo,
       |                            ^
       |                              _Nonnull
/data/data/com.termux/files/home/ExynosTools-LSFG/external/VulkanMemoryAllocator/include/vk_mem_alloc.h:14409:34: warning: pointer is missing a nullability type specifier (_Nonnull, _Nullable, or _Null_unspecified) [-Wnullability-completeness]
 14409 |     const VmaAllocationCreateInfo* pAllocationCreateInfo,
       |                                  ^
/data/data/com.termux/files/home/ExynosTools-LSFG/external/VulkanMemoryAllocator/include/vk_mem_alloc.h:14409:34: note: insert '_Nullable' if the pointer may be null
 14409 |     const VmaAllocationCreateInfo* pAllocationCreateInfo,
       |                                  ^
       |                                    _Nullable
/data/data/com.termux/files/home/ExynosTools-LSFG/external/VulkanMemoryAllocator/include/vk_mem_alloc.h:14409:34: note: insert '_Nonnull' if the pointer should never be null
 14409 |     const VmaAllocationCreateInfo* pAllocationCreateInfo,
       |                                  ^
       |                                    _Nonnull
/data/data/com.termux/files/home/ExynosTools-LSFG/external/VulkanMemoryAllocator/include/vk_mem_alloc.h:14410:9: warning: pointer is missing a nullability type specifier (_Nonnull, _Nullable, or _Null_unspecified) [-Wnullability-completeness]
 14410 |     void* pMemoryAllocateNext,
       |         ^
/data/data/com.termux/files/home/ExynosTools-LSFG/external/VulkanMemoryAllocator/include/vk_mem_alloc.h:14410:9: note: insert '_Nullable' if the pointer may be null
 14410 |     void* pMemoryAllocateNext,
       |         ^
       |           _Nullable
/data/data/com.termux/files/home/ExynosTools-LSFG/external/VulkanMemoryAllocator/include/vk_mem_alloc.h:14410:9: note: insert '_Nonnull' if the pointer should never be null
 14410 |     void* pMemoryAllocateNext,
       |         ^
       |           _Nonnull
/data/data/com.termux/files/home/ExynosTools-LSFG/external/VulkanMemoryAllocator/include/vk_mem_alloc.h:14411:5: warning: pointer is missing a nullability type specifier (_Nonnull, _Nullable, or _Null_unspecified) [-Wnullability-completeness]
 14411 |     VkImage* pImage,
       |     ^
/data/data/com.termux/files/home/ExynosTools-LSFG/external/VulkanMemoryAllocator/include/vk_mem_alloc.h:14411:5: note: insert '_Nullable' if the pointer may be null
 14411 |     VkImage* pImage,
       |     ^      
       |             _Nullable 
/data/data/com.termux/files/home/ExynosTools-LSFG/external/VulkanMemoryAllocator/include/vk_mem_alloc.h:14411:5: note: insert '_Nonnull' if the pointer should never be null
 14411 |     VkImage* pImage,
       |     ^      
       |             _Nonnull 
/data/data/com.termux/files/home/ExynosTools-LSFG/external/VulkanMemoryAllocator/include/vk_mem_alloc.h:14411:12: warning: pointer is missing a nullability type specifier (_Nonnull, _Nullable, or _Null_unspecified) [-Wnullability-completeness]
 14411 |     VkImage* pImage,
       |            ^
/data/data/com.termux/files/home/ExynosTools-LSFG/external/VulkanMemoryAllocator/include/vk_mem_alloc.h:14411:12: note: insert '_Nullable' if the pointer may be null
 14411 |     VkImage* pImage,
       |            ^
       |              _Nullable
/data/data/com.termux/files/home/ExynosTools-LSFG/external/VulkanMemoryAllocator/include/vk_mem_alloc.h:14411:12: note: insert '_Nonnull' if the pointer should never be null
 14411 |     VkImage* pImage,
       |            ^
       |              _Nonnull
/data/data/com.termux/files/home/ExynosTools-LSFG/external/VulkanMemoryAllocator/include/vk_mem_alloc.h:14412:5: warning: pointer is missing a nullability type specifier (_Nonnull, _Nullable, or _Null_unspecified) [-Wnullability-completeness]
 14412 |     VmaAllocation* pAllocation,
       |     ^
/data/data/com.termux/files/home/ExynosTools-LSFG/external/VulkanMemoryAllocator/include/vk_mem_alloc.h:14412:5: note: insert '_Nullable' if the pointer may be null
 14412 |     VmaAllocation* pAllocation,
       |     ^            
       |                   _Nullable 
/data/data/com.termux/files/home/ExynosTools-LSFG/external/VulkanMemoryAllocator/include/vk_mem_alloc.h:14412:5: note: insert '_Nonnull' if the pointer should never be null
 14412 |     VmaAllocation* pAllocation,
       |     ^            
       |                   _Nonnull 
/data/data/com.termux/files/home/ExynosTools-LSFG/external/VulkanMemoryAllocator/include/vk_mem_alloc.h:14412:18: warning: pointer is missing a nullability type specifier (_Nonnull, _Nullable, or _Null_unspecified) [-Wnullability-completeness]
 14412 |     VmaAllocation* pAllocation,
       |                  ^
/data/data/com.termux/files/home/ExynosTools-LSFG/external/VulkanMemoryAllocator/include/vk_mem_alloc.h:14412:18: note: insert '_Nullable' if the pointer may be null
 14412 |     VmaAllocation* pAllocation,
       |                  ^
       |                    _Nullable
/data/data/com.termux/files/home/ExynosTools-LSFG/external/VulkanMemoryAllocator/include/vk_mem_alloc.h:14412:18: note: insert '_Nonnull' if the pointer should never be null
 14412 |     VmaAllocation* pAllocation,
       |                  ^
       |                    _Nonnull
/data/data/com.termux/files/home/ExynosTools-LSFG/external/VulkanMemoryAllocator/include/vk_mem_alloc.h:14413:22: warning: pointer is missing a nullability type specifier (_Nonnull, _Nullable, or _Null_unspecified) [-Wnullability-completeness]
 14413 |     VmaAllocationInfo* pAllocationInfo)
       |                      ^
/data/data/com.termux/files/home/ExynosTools-LSFG/external/VulkanMemoryAllocator/include/vk_mem_alloc.h:14413:22: note: insert '_Nullable' if the pointer may be null
 14413 |     VmaAllocationInfo* pAllocationInfo)
       |                      ^
       |                        _Nullable
/data/data/com.termux/files/home/ExynosTools-LSFG/external/VulkanMemoryAllocator/include/vk_mem_alloc.h:14413:22: note: insert '_Nonnull' if the pointer should never be null
 14413 |     VmaAllocationInfo* pAllocationInfo)
       |                      ^
       |                        _Nonnull
/data/data/com.termux/files/home/ExynosTools-LSFG/external/VulkanMemoryAllocator/include/vk_mem_alloc.h:14492:5: warning: pointer is missing a nullability type specifier (_Nonnull, _Nullable, or _Null_unspecified) [-Wnullability-completeness]
 14492 |     VkBuffer dedicatedBuffer,
       |     ^
/data/data/com.termux/files/home/ExynosTools-LSFG/external/VulkanMemoryAllocator/include/vk_mem_alloc.h:14492:5: note: insert '_Nullable' if the pointer may be null
 14492 |     VkBuffer dedicatedBuffer,
       |     ^
       |              _Nullable
/data/data/com.termux/files/home/ExynosTools-LSFG/external/VulkanMemoryAllocator/include/vk_mem_alloc.h:14492:5: note: insert '_Nonnull' if the pointer should never be null
 14492 |     VkBuffer dedicatedBuffer,
       |     ^
       |              _Nonnull
/data/data/com.termux/files/home/ExynosTools-LSFG/external/VulkanMemoryAllocator/include/vk_mem_alloc.h:14493:5: warning: pointer is missing a nullability type specifier (_Nonnull, _Nullable, or _Null_unspecified) [-Wnullability-completeness]
 14493 |     VkImage dedicatedImage,
       |     ^
/data/data/com.termux/files/home/ExynosTools-LSFG/external/VulkanMemoryAllocator/include/vk_mem_alloc.h:14493:5: note: insert '_Nullable' if the pointer may be null
 14493 |     VkImage dedicatedImage,
       |     ^
       |             _Nullable
/data/data/com.termux/files/home/ExynosTools-LSFG/external/VulkanMemoryAllocator/include/vk_mem_alloc.h:14493:5: note: insert '_Nonnull' if the pointer should never be null
 14493 |     VkImage dedicatedImage,
       |     ^
       |             _Nonnull
/data/data/com.termux/files/home/ExynosTools-LSFG/external/VulkanMemoryAllocator/include/vk_mem_alloc.h:14496:9: warning: pointer is missing a nullability type specifier (_Nonnull, _Nullable, or _Null_unspecified) [-Wnullability-completeness]
 14496 |     void* pMemoryAllocateNext,
       |         ^
/data/data/com.termux/files/home/ExynosTools-LSFG/external/VulkanMemoryAllocator/include/vk_mem_alloc.h:14496:9: note: insert '_Nullable' if the pointer may be null
 14496 |     void* pMemoryAllocateNext,
       |         ^
       |           _Nullable
/data/data/com.termux/files/home/ExynosTools-LSFG/external/VulkanMemoryAllocator/include/vk_mem_alloc.h:14496:9: note: insert '_Nonnull' if the pointer should never be null
 14496 |     void* pMemoryAllocateNext,
       |         ^
       |           _Nonnull
/data/data/com.termux/files/home/ExynosTools-LSFG/external/VulkanMemoryAllocator/include/vk_mem_alloc.h:14500:5: warning: pointer is missing a nullability type specifier (_Nonnull, _Nullable, or _Null_unspecified) [-Wnullability-completeness]
 14500 |     VmaAllocation* pAllocations)
       |     ^
/data/data/com.termux/files/home/ExynosTools-LSFG/external/VulkanMemoryAllocator/include/vk_mem_alloc.h:14500:5: note: insert '_Nullable' if the pointer may be null
 14500 |     VmaAllocation* pAllocations)
       |     ^            
       |                   _Nullable 
/data/data/com.termux/files/home/ExynosTools-LSFG/external/VulkanMemoryAllocator/include/vk_mem_alloc.h:14500:5: note: insert '_Nonnull' if the pointer should never be null
 14500 |     VmaAllocation* pAllocations)
       |     ^            
       |                   _Nonnull 
/data/data/com.termux/files/home/ExynosTools-LSFG/external/VulkanMemoryAllocator/include/vk_mem_alloc.h:14500:18: warning: pointer is missing a nullability type specifier (_Nonnull, _Nullable, or _Null_unspecified) [-Wnullability-completeness]
 14500 |     VmaAllocation* pAllocations)
       |                  ^
/data/data/com.termux/files/home/ExynosTools-LSFG/external/VulkanMemoryAllocator/include/vk_mem_alloc.h:14500:18: note: insert '_Nullable' if the pointer may be null
 14500 |     VmaAllocation* pAllocations)
       |                  ^
       |                    _Nullable
/data/data/com.termux/files/home/ExynosTools-LSFG/external/VulkanMemoryAllocator/include/vk_mem_alloc.h:14500:18: note: insert '_Nonnull' if the pointer should never be null
 14500 |     VmaAllocation* pAllocations)
       |                  ^
       |                    _Nonnull
/data/data/com.termux/files/home/ExynosTools-LSFG/external/VulkanMemoryAllocator/include/vk_mem_alloc.h:14589:11: warning: pointer is missing a nullability type specifier (_Nonnull, _Nullable, or _Null_unspecified) [-Wnullability-completeness]
 14589 |     const VmaAllocation* pAllocations)
       |           ^
/data/data/com.termux/files/home/ExynosTools-LSFG/external/VulkanMemoryAllocator/include/vk_mem_alloc.h:14589:11: note: insert '_Nullable' if the pointer may be null
 14589 |     const VmaAllocation* pAllocations)
       |           ^            
       |                         _Nullable 
/data/data/com.termux/files/home/ExynosTools-LSFG/external/VulkanMemoryAllocator/include/vk_mem_alloc.h:14589:11: note: insert '_Nonnull' if the pointer should never be null
 14589 |     const VmaAllocation* pAllocations)
       |           ^            
       |                         _Nonnull 
/data/data/com.termux/files/home/ExynosTools-LSFG/external/VulkanMemoryAllocator/include/vk_mem_alloc.h:14589:24: warning: pointer is missing a nullability type specifier (_Nonnull, _Nullable, or _Null_unspecified) [-Wnullability-completeness]
 14589 |     const VmaAllocation* pAllocations)
       |                        ^
/data/data/com.termux/files/home/ExynosTools-LSFG/external/VulkanMemoryAllocator/include/vk_mem_alloc.h:14589:24: note: insert '_Nullable' if the pointer may be null
 14589 |     const VmaAllocation* pAllocations)
       |                        ^
       |                          _Nullable
/data/data/com.termux/files/home/ExynosTools-LSFG/external/VulkanMemoryAllocator/include/vk_mem_alloc.h:14589:24: note: insert '_Nonnull' if the pointer should never be null
 14589 |     const VmaAllocation* pAllocations)
       |                        ^
       |                          _Nonnull
/data/data/com.termux/files/home/ExynosTools-LSFG/external/VulkanMemoryAllocator/include/vk_mem_alloc.h:14632:60: warning: pointer is missing a nullability type specifier (_Nonnull, _Nullable, or _Null_unspecified) [-Wnullability-completeness]
 14632 | void VmaAllocator_T::CalculateStatistics(VmaTotalStatistics* pStats)
       |                                                            ^
/data/data/com.termux/files/home/ExynosTools-LSFG/external/VulkanMemoryAllocator/include/vk_mem_alloc.h:14632:60: note: insert '_Nullable' if the pointer may be null
 14632 | void VmaAllocator_T::CalculateStatistics(VmaTotalStatistics* pStats)
       |                                                            ^
       |                                                              _Nullable
/data/data/com.termux/files/home/ExynosTools-LSFG/external/VulkanMemoryAllocator/include/vk_mem_alloc.h:14632:60: note: insert '_Nonnull' if the pointer should never be null
 14632 | void VmaAllocator_T::CalculateStatistics(VmaTotalStatistics* pStats)
       |                                                            ^
       |                                                              _Nonnull
/data/data/com.termux/files/home/ExynosTools-LSFG/external/VulkanMemoryAllocator/include/vk_mem_alloc.h:14684:46: warning: pointer is missing a nullability type specifier (_Nonnull, _Nullable, or _Null_unspecified) [-Wnullability-completeness]
 14684 | void VmaAllocator_T::GetHeapBudgets(VmaBudget* outBudgets, uint32_t firstHeap, uint32_t heapCount)
       |                                              ^
/data/data/com.termux/files/home/ExynosTools-LSFG/external/VulkanMemoryAllocator/include/vk_mem_alloc.h:14684:46: note: insert '_Nullable' if the pointer may be null
 14684 | void VmaAllocator_T::GetHeapBudgets(VmaBudget* outBudgets, uint32_t firstHeap, uint32_t heapCount)
       |                                              ^
       |                                                _Nullable
/data/data/com.termux/files/home/ExynosTools-LSFG/external/VulkanMemoryAllocator/include/vk_mem_alloc.h:14684:46: note: insert '_Nonnull' if the pointer should never be null
 14684 | void VmaAllocator_T::GetHeapBudgets(VmaBudget* outBudgets, uint32_t firstHeap, uint32_t heapCount)
       |                                              ^
       |                                                _Nonnull
/data/data/com.termux/files/home/ExynosTools-LSFG/external/VulkanMemoryAllocator/include/vk_mem_alloc.h:14740:40: warning: pointer is missing a nullability type specifier (_Nonnull, _Nullable, or _Null_unspecified) [-Wnullability-completeness]
 14740 | void VmaAllocator_T::GetAllocationInfo(VmaAllocation hAllocation, VmaAllocationInfo* pAllocationInfo)
       |                                        ^
/data/data/com.termux/files/home/ExynosTools-LSFG/external/VulkanMemoryAllocator/include/vk_mem_alloc.h:14740:40: note: insert '_Nullable' if the pointer may be null
 14740 | void VmaAllocator_T::GetAllocationInfo(VmaAllocation hAllocation, VmaAllocationInfo* pAllocationInfo)
       |                                        ^
       |                                                      _Nullable
/data/data/com.termux/files/home/ExynosTools-LSFG/external/VulkanMemoryAllocator/include/vk_mem_alloc.h:14740:40: note: insert '_Nonnull' if the pointer should never be null
 14740 | void VmaAllocator_T::GetAllocationInfo(VmaAllocation hAllocation, VmaAllocationInfo* pAllocationInfo)
       |                                        ^
       |                                                      _Nonnull
/data/data/com.termux/files/home/ExynosTools-LSFG/external/VulkanMemoryAllocator/include/vk_mem_alloc.h:14740:84: warning: pointer is missing a nullability type specifier (_Nonnull, _Nullable, or _Null_unspecified) [-Wnullability-completeness]
 14740 | void VmaAllocator_T::GetAllocationInfo(VmaAllocation hAllocation, VmaAllocationInfo* pAllocationInfo)
       |                                                                                    ^
/data/data/com.termux/files/home/ExynosTools-LSFG/external/VulkanMemoryAllocator/include/vk_mem_alloc.h:14740:84: note: insert '_Nullable' if the pointer may be null
 14740 | void VmaAllocator_T::GetAllocationInfo(VmaAllocation hAllocation, VmaAllocationInfo* pAllocationInfo)
       |                                                                                    ^
       |                                                                                      _Nullable
/data/data/com.termux/files/home/ExynosTools-LSFG/external/VulkanMemoryAllocator/include/vk_mem_alloc.h:14740:84: note: insert '_Nonnull' if the pointer should never be null
 14740 | void VmaAllocator_T::GetAllocationInfo(VmaAllocation hAllocation, VmaAllocationInfo* pAllocationInfo)
       |                                                                                    ^
       |                                                                                      _Nonnull
/data/data/com.termux/files/home/ExynosTools-LSFG/external/VulkanMemoryAllocator/include/vk_mem_alloc.h:14751:41: warning: pointer is missing a nullability type specifier (_Nonnull, _Nullable, or _Null_unspecified) [-Wnullability-completeness]
 14751 | void VmaAllocator_T::GetAllocationInfo2(VmaAllocation hAllocation, VmaAllocationInfo2* pAllocationInfo)
       |                                         ^
/data/data/com.termux/files/home/ExynosTools-LSFG/external/VulkanMemoryAllocator/include/vk_mem_alloc.h:14751:41: note: insert '_Nullable' if the pointer may be null
 14751 | void VmaAllocator_T::GetAllocationInfo2(VmaAllocation hAllocation, VmaAllocationInfo2* pAllocationInfo)
       |                                         ^
       |                                                       _Nullable
/data/data/com.termux/files/home/ExynosTools-LSFG/external/VulkanMemoryAllocator/include/vk_mem_alloc.h:14751:41: note: insert '_Nonnull' if the pointer should never be null
 14751 | void VmaAllocator_T::GetAllocationInfo2(VmaAllocation hAllocation, VmaAllocationInfo2* pAllocationInfo)
       |                                         ^
       |                                                       _Nonnull
/data/data/com.termux/files/home/ExynosTools-LSFG/external/VulkanMemoryAllocator/include/vk_mem_alloc.h:14751:86: warning: pointer is missing a nullability type specifier (_Nonnull, _Nullable, or _Null_unspecified) [-Wnullability-completeness]
 14751 | void VmaAllocator_T::GetAllocationInfo2(VmaAllocation hAllocation, VmaAllocationInfo2* pAllocationInfo)
       |                                                                                      ^
/data/data/com.termux/files/home/ExynosTools-LSFG/external/VulkanMemoryAllocator/include/vk_mem_alloc.h:14751:86: note: insert '_Nullable' if the pointer may be null
 14751 | void VmaAllocator_T::GetAllocationInfo2(VmaAllocation hAllocation, VmaAllocationInfo2* pAllocationInfo)
       |                                                                                      ^
       |                                                                                        _Nullable
/data/data/com.termux/files/home/ExynosTools-LSFG/external/VulkanMemoryAllocator/include/vk_mem_alloc.h:14751:86: note: insert '_Nonnull' if the pointer should never be null
 14751 | void VmaAllocator_T::GetAllocationInfo2(VmaAllocation hAllocation, VmaAllocationInfo2* pAllocationInfo)
       |                                                                                      ^
       |                                                                                        _Nonnull
/data/data/com.termux/files/home/ExynosTools-LSFG/external/VulkanMemoryAllocator/include/vk_mem_alloc.h:14770:60: warning: pointer is missing a nullability type specifier (_Nonnull, _Nullable, or _Null_unspecified) [-Wnullability-completeness]
 14770 | VkResult VmaAllocator_T::CreatePool(const VmaPoolCreateInfo* pCreateInfo, VmaPool* pPool)
       |                                                            ^
/data/data/com.termux/files/home/ExynosTools-LSFG/external/VulkanMemoryAllocator/include/vk_mem_alloc.h:14770:60: note: insert '_Nullable' if the pointer may be null
 14770 | VkResult VmaAllocator_T::CreatePool(const VmaPoolCreateInfo* pCreateInfo, VmaPool* pPool)
       |                                                            ^
       |                                                              _Nullable
/data/data/com.termux/files/home/ExynosTools-LSFG/external/VulkanMemoryAllocator/include/vk_mem_alloc.h:14770:60: note: insert '_Nonnull' if the pointer should never be null
 14770 | VkResult VmaAllocator_T::CreatePool(const VmaPoolCreateInfo* pCreateInfo, VmaPool* pPool)
       |                                                            ^
       |                                                              _Nonnull
/data/data/com.termux/files/home/ExynosTools-LSFG/external/VulkanMemoryAllocator/include/vk_mem_alloc.h:14770:75: warning: pointer is missing a nullability type specifier (_Nonnull, _Nullable, or _Null_unspecified) [-Wnullability-completeness]
 14770 | VkResult VmaAllocator_T::CreatePool(const VmaPoolCreateInfo* pCreateInfo, VmaPool* pPool)
       |                                                                           ^
/data/data/com.termux/files/home/ExynosTools-LSFG/external/VulkanMemoryAllocator/include/vk_mem_alloc.h:14770:75: note: insert '_Nullable' if the pointer may be null
 14770 | VkResult VmaAllocator_T::CreatePool(const VmaPoolCreateInfo* pCreateInfo, VmaPool* pPool)
       |                                                                           ^      
       |                                                                                   _Nullable 
/data/data/com.termux/files/home/ExynosTools-LSFG/external/VulkanMemoryAllocator/include/vk_mem_alloc.h:14770:75: note: insert '_Nonnull' if the pointer should never be null
 14770 | VkResult VmaAllocator_T::CreatePool(const VmaPoolCreateInfo* pCreateInfo, VmaPool* pPool)
       |                                                                           ^      
       |                                                                                   _Nonnull 
/data/data/com.termux/files/home/ExynosTools-LSFG/external/VulkanMemoryAllocator/include/vk_mem_alloc.h:14770:82: warning: pointer is missing a nullability type specifier (_Nonnull, _Nullable, or _Null_unspecified) [-Wnullability-completeness]
 14770 | VkResult VmaAllocator_T::CreatePool(const VmaPoolCreateInfo* pCreateInfo, VmaPool* pPool)
       |                                                                                  ^
/data/data/com.termux/files/home/ExynosTools-LSFG/external/VulkanMemoryAllocator/include/vk_mem_alloc.h:14770:82: note: insert '_Nullable' if the pointer may be null
 14770 | VkResult VmaAllocator_T::CreatePool(const VmaPoolCreateInfo* pCreateInfo, VmaPool* pPool)
       |                                                                                  ^
       |                                                                                    _Nullable
/data/data/com.termux/files/home/ExynosTools-LSFG/external/VulkanMemoryAllocator/include/vk_mem_alloc.h:14770:82: note: insert '_Nonnull' if the pointer should never be null
 14770 | VkResult VmaAllocator_T::CreatePool(const VmaPoolCreateInfo* pCreateInfo, VmaPool* pPool)
       |                                                                                  ^
       |                                                                                    _Nonnull
/data/data/com.termux/files/home/ExynosTools-LSFG/external/VulkanMemoryAllocator/include/vk_mem_alloc.h:14823:34: warning: pointer is missing a nullability type specifier (_Nonnull, _Nullable, or _Null_unspecified) [-Wnullability-completeness]
 14823 | void VmaAllocator_T::DestroyPool(VmaPool pool)
       |                                  ^
/data/data/com.termux/files/home/ExynosTools-LSFG/external/VulkanMemoryAllocator/include/vk_mem_alloc.h:14823:34: note: insert '_Nullable' if the pointer may be null
 14823 | void VmaAllocator_T::DestroyPool(VmaPool pool)
       |                                  ^
       |                                          _Nullable
/data/data/com.termux/files/home/ExynosTools-LSFG/external/VulkanMemoryAllocator/include/vk_mem_alloc.h:14823:34: note: insert '_Nonnull' if the pointer should never be null
 14823 | void VmaAllocator_T::DestroyPool(VmaPool pool)
       |                                  ^
       |                                          _Nonnull
/data/data/com.termux/files/home/ExynosTools-LSFG/external/VulkanMemoryAllocator/include/vk_mem_alloc.h:14834:40: warning: pointer is missing a nullability type specifier (_Nonnull, _Nullable, or _Null_unspecified) [-Wnullability-completeness]
 14834 | void VmaAllocator_T::GetPoolStatistics(VmaPool pool, VmaStatistics* pPoolStats)
       |                                        ^
/data/data/com.termux/files/home/ExynosTools-LSFG/external/VulkanMemoryAllocator/include/vk_mem_alloc.h:14834:40: note: insert '_Nullable' if the pointer may be null
 14834 | void VmaAllocator_T::GetPoolStatistics(VmaPool pool, VmaStatistics* pPoolStats)
       |                                        ^
       |                                                _Nullable
/data/data/com.termux/files/home/ExynosTools-LSFG/external/VulkanMemoryAllocator/include/vk_mem_alloc.h:14834:40: note: insert '_Nonnull' if the pointer should never be null
 14834 | void VmaAllocator_T::GetPoolStatistics(VmaPool pool, VmaStatistics* pPoolStats)
       |                                        ^
       |                                                _Nonnull
/data/data/com.termux/files/home/ExynosTools-LSFG/external/VulkanMemoryAllocator/include/vk_mem_alloc.h:14834:67: warning: pointer is missing a nullability type specifier (_Nonnull, _Nullable, or _Null_unspecified) [-Wnullability-completeness]
 14834 | void VmaAllocator_T::GetPoolStatistics(VmaPool pool, VmaStatistics* pPoolStats)
       |                                                                   ^
/data/data/com.termux/files/home/ExynosTools-LSFG/external/VulkanMemoryAllocator/include/vk_mem_alloc.h:14834:67: note: insert '_Nullable' if the pointer may be null
 14834 | void VmaAllocator_T::GetPoolStatistics(VmaPool pool, VmaStatistics* pPoolStats)
       |                                                                   ^
       |                                                                     _Nullable
/data/data/com.termux/files/home/ExynosTools-LSFG/external/VulkanMemoryAllocator/include/vk_mem_alloc.h:14834:67: note: insert '_Nonnull' if the pointer should never be null
 14834 | void VmaAllocator_T::GetPoolStatistics(VmaPool pool, VmaStatistics* pPoolStats)
       |                                                                   ^
       |                                                                     _Nonnull
/data/data/com.termux/files/home/ExynosTools-LSFG/external/VulkanMemoryAllocator/include/vk_mem_alloc.h:14841:46: warning: pointer is missing a nullability type specifier (_Nonnull, _Nullable, or _Null_unspecified) [-Wnullability-completeness]
 14841 | void VmaAllocator_T::CalculatePoolStatistics(VmaPool pool, VmaDetailedStatistics* pPoolStats)
       |                                              ^
/data/data/com.termux/files/home/ExynosTools-LSFG/external/VulkanMemoryAllocator/include/vk_mem_alloc.h:14841:46: note: insert '_Nullable' if the pointer may be null
 14841 | void VmaAllocator_T::CalculatePoolStatistics(VmaPool pool, VmaDetailedStatistics* pPoolStats)
       |                                              ^
       |                                                      _Nullable
/data/data/com.termux/files/home/ExynosTools-LSFG/external/VulkanMemoryAllocator/include/vk_mem_alloc.h:14841:46: note: insert '_Nonnull' if the pointer should never be null
 14841 | void VmaAllocator_T::CalculatePoolStatistics(VmaPool pool, VmaDetailedStatistics* pPoolStats)
       |                                              ^
       |                                                      _Nonnull
/data/data/com.termux/files/home/ExynosTools-LSFG/external/VulkanMemoryAllocator/include/vk_mem_alloc.h:14841:81: warning: pointer is missing a nullability type specifier (_Nonnull, _Nullable, or _Null_unspecified) [-Wnullability-completeness]
 14841 | void VmaAllocator_T::CalculatePoolStatistics(VmaPool pool, VmaDetailedStatistics* pPoolStats)
       |                                                                                 ^
/data/data/com.termux/files/home/ExynosTools-LSFG/external/VulkanMemoryAllocator/include/vk_mem_alloc.h:14841:81: note: insert '_Nullable' if the pointer may be null
 14841 | void VmaAllocator_T::CalculatePoolStatistics(VmaPool pool, VmaDetailedStatistics* pPoolStats)
       |                                                                                 ^
       |                                                                                   _Nullable
/data/data/com.termux/files/home/ExynosTools-LSFG/external/VulkanMemoryAllocator/include/vk_mem_alloc.h:14841:81: note: insert '_Nonnull' if the pointer should never be null
 14841 | void VmaAllocator_T::CalculatePoolStatistics(VmaPool pool, VmaDetailedStatistics* pPoolStats)
       |                                                                                 ^
       |                                                                                   _Nonnull
/data/data/com.termux/files/home/ExynosTools-LSFG/external/VulkanMemoryAllocator/include/vk_mem_alloc.h:14860:46: warning: pointer is missing a nullability type specifier (_Nonnull, _Nullable, or _Null_unspecified) [-Wnullability-completeness]
 14860 | VkResult VmaAllocator_T::CheckPoolCorruption(VmaPool hPool)
       |                                              ^
/data/data/com.termux/files/home/ExynosTools-LSFG/external/VulkanMemoryAllocator/include/vk_mem_alloc.h:14860:46: note: insert '_Nullable' if the pointer may be null
 14860 | VkResult VmaAllocator_T::CheckPoolCorruption(VmaPool hPool)
       |                                              ^
       |                                                      _Nullable
/data/data/com.termux/files/home/ExynosTools-LSFG/external/VulkanMemoryAllocator/include/vk_mem_alloc.h:14860:46: note: insert '_Nonnull' if the pointer should never be null
 14860 | VkResult VmaAllocator_T::CheckPoolCorruption(VmaPool hPool)
       |                                              ^
       |                                                      _Nonnull
/data/data/com.termux/files/home/ExynosTools-LSFG/external/VulkanMemoryAllocator/include/vk_mem_alloc.h:14914:73: warning: pointer is missing a nullability type specifier (_Nonnull, _Nullable, or _Null_unspecified) [-Wnullability-completeness]
 14914 | VkResult VmaAllocator_T::AllocateVulkanMemory(const VkMemoryAllocateInfo* pAllocateInfo, VkDeviceMemory* pMemory)
       |                                                                         ^
/data/data/com.termux/files/home/ExynosTools-LSFG/external/VulkanMemoryAllocator/include/vk_mem_alloc.h:14914:73: note: insert '_Nullable' if the pointer may be null
 14914 | VkResult VmaAllocator_T::AllocateVulkanMemory(const VkMemoryAllocateInfo* pAllocateInfo, VkDeviceMemory* pMemory)
       |                                                                         ^
       |                                                                           _Nullable
/data/data/com.termux/files/home/ExynosTools-LSFG/external/VulkanMemoryAllocator/include/vk_mem_alloc.h:14914:73: note: insert '_Nonnull' if the pointer should never be null
 14914 | VkResult VmaAllocator_T::AllocateVulkanMemory(const VkMemoryAllocateInfo* pAllocateInfo, VkDeviceMemory* pMemory)
       |                                                                         ^
       |                                                                           _Nonnull
/data/data/com.termux/files/home/ExynosTools-LSFG/external/VulkanMemoryAllocator/include/vk_mem_alloc.h:14914:90: warning: pointer is missing a nullability type specifier (_Nonnull, _Nullable, or _Null_unspecified) [-Wnullability-completeness]
 14914 | VkResult VmaAllocator_T::AllocateVulkanMemory(const VkMemoryAllocateInfo* pAllocateInfo, VkDeviceMemory* pMemory)
       |                                                                                          ^
/data/data/com.termux/files/home/ExynosTools-LSFG/external/VulkanMemoryAllocator/include/vk_mem_alloc.h:14914:90: note: insert '_Nullable' if the pointer may be null
 14914 | VkResult VmaAllocator_T::AllocateVulkanMemory(const VkMemoryAllocateInfo* pAllocateInfo, VkDeviceMemory* pMemory)
       |                                                                                          ^             
       |                                                                                                         _Nullable 
/data/data/com.termux/files/home/ExynosTools-LSFG/external/VulkanMemoryAllocator/include/vk_mem_alloc.h:14914:90: note: insert '_Nonnull' if the pointer should never be null
 14914 | VkResult VmaAllocator_T::AllocateVulkanMemory(const VkMemoryAllocateInfo* pAllocateInfo, VkDeviceMemory* pMemory)
       |                                                                                          ^             
       |                                                                                                         _Nonnull 
/data/data/com.termux/files/home/ExynosTools-LSFG/external/VulkanMemoryAllocator/include/vk_mem_alloc.h:14914:104: warning: pointer is missing a nullability type specifier (_Nonnull, _Nullable, or _Null_unspecified) [-Wnullability-completeness]
 14914 | VkResult VmaAllocator_T::AllocateVulkanMemory(const VkMemoryAllocateInfo* pAllocateInfo, VkDeviceMemory* pMemory)
       |                                                                                                        ^
/data/data/com.termux/files/home/ExynosTools-LSFG/external/VulkanMemoryAllocator/include/vk_mem_alloc.h:14914:104: note: insert '_Nullable' if the pointer may be null
 14914 | VkResult VmaAllocator_T::AllocateVulkanMemory(const VkMemoryAllocateInfo* pAllocateInfo, VkDeviceMemory* pMemory)
       |                                                                                                        ^
       |                                                                                                          _Nullable
/data/data/com.termux/files/home/ExynosTools-LSFG/external/VulkanMemoryAllocator/include/vk_mem_alloc.h:14914:104: note: insert '_Nonnull' if the pointer should never be null
 14914 | VkResult VmaAllocator_T::AllocateVulkanMemory(const VkMemoryAllocateInfo* pAllocateInfo, VkDeviceMemory* pMemory)
       |                                                                                                        ^
       |                                                                                                          _Nonnull
/data/data/com.termux/files/home/ExynosTools-LSFG/external/VulkanMemoryAllocator/include/vk_mem_alloc.h:14984:79: warning: pointer is missing a nullability type specifier (_Nonnull, _Nullable, or _Null_unspecified) [-Wnullability-completeness]
 14984 | void VmaAllocator_T::FreeVulkanMemory(uint32_t memoryType, VkDeviceSize size, VkDeviceMemory hMemory)
       |                                                                               ^
/data/data/com.termux/files/home/ExynosTools-LSFG/external/VulkanMemoryAllocator/include/vk_mem_alloc.h:14984:79: note: insert '_Nullable' if the pointer may be null
 14984 | void VmaAllocator_T::FreeVulkanMemory(uint32_t memoryType, VkDeviceSize size, VkDeviceMemory hMemory)
       |                                                                               ^
       |                                                                                              _Nullable
/data/data/com.termux/files/home/ExynosTools-LSFG/external/VulkanMemoryAllocator/include/vk_mem_alloc.h:14984:79: note: insert '_Nonnull' if the pointer should never be null
 14984 | void VmaAllocator_T::FreeVulkanMemory(uint32_t memoryType, VkDeviceSize size, VkDeviceMemory hMemory)
       |                                                                               ^
       |                                                                                              _Nonnull
/data/data/com.termux/files/home/ExynosTools-LSFG/external/VulkanMemoryAllocator/include/vk_mem_alloc.h:15003:5: warning: pointer is missing a nullability type specifier (_Nonnull, _Nullable, or _Null_unspecified) [-Wnullability-completeness]
 15003 |     VkDeviceMemory memory,
       |     ^
/data/data/com.termux/files/home/ExynosTools-LSFG/external/VulkanMemoryAllocator/include/vk_mem_alloc.h:15003:5: note: insert '_Nullable' if the pointer may be null
 15003 |     VkDeviceMemory memory,
       |     ^
       |                    _Nullable
/data/data/com.termux/files/home/ExynosTools-LSFG/external/VulkanMemoryAllocator/include/vk_mem_alloc.h:15003:5: note: insert '_Nonnull' if the pointer should never be null
 15003 |     VkDeviceMemory memory,
       |     ^
       |                    _Nonnull
/data/data/com.termux/files/home/ExynosTools-LSFG/external/VulkanMemoryAllocator/include/vk_mem_alloc.h:15005:5: warning: pointer is missing a nullability type specifier (_Nonnull, _Nullable, or _Null_unspecified) [-Wnullability-completeness]
 15005 |     VkBuffer buffer,
       |     ^
/data/data/com.termux/files/home/ExynosTools-LSFG/external/VulkanMemoryAllocator/include/vk_mem_alloc.h:15005:5: note: insert '_Nullable' if the pointer may be null
 15005 |     VkBuffer buffer,
       |     ^
       |              _Nullable
/data/data/com.termux/files/home/ExynosTools-LSFG/external/VulkanMemoryAllocator/include/vk_mem_alloc.h:15005:5: note: insert '_Nonnull' if the pointer should never be null
 15005 |     VkBuffer buffer,
       |     ^
       |              _Nonnull
/data/data/com.termux/files/home/ExynosTools-LSFG/external/VulkanMemoryAllocator/include/vk_mem_alloc.h:15006:15: warning: pointer is missing a nullability type specifier (_Nonnull, _Nullable, or _Null_unspecified) [-Wnullability-completeness]
 15006 |     const void* pNext) const
       |               ^
/data/data/com.termux/files/home/ExynosTools-LSFG/external/VulkanMemoryAllocator/include/vk_mem_alloc.h:15006:15: note: insert '_Nullable' if the pointer may be null
 15006 |     const void* pNext) const
       |               ^
       |                 _Nullable
/data/data/com.termux/files/home/ExynosTools-LSFG/external/VulkanMemoryAllocator/include/vk_mem_alloc.h:15006:15: note: insert '_Nonnull' if the pointer should never be null
 15006 |     const void* pNext) const
       |               ^
       |                 _Nonnull
/data/data/com.termux/files/home/ExynosTools-LSFG/external/VulkanMemoryAllocator/include/vk_mem_alloc.h:15032:5: warning: pointer is missing a nullability type specifier (_Nonnull, _Nullable, or _Null_unspecified) [-Wnullability-completeness]
 15032 |     VkDeviceMemory memory,
       |     ^
/data/data/com.termux/files/home/ExynosTools-LSFG/external/VulkanMemoryAllocator/include/vk_mem_alloc.h:15032:5: note: insert '_Nullable' if the pointer may be null
 15032 |     VkDeviceMemory memory,
       |     ^
       |                    _Nullable
/data/data/com.termux/files/home/ExynosTools-LSFG/external/VulkanMemoryAllocator/include/vk_mem_alloc.h:15032:5: note: insert '_Nonnull' if the pointer should never be null
 15032 |     VkDeviceMemory memory,
       |     ^
       |                    _Nonnull
/data/data/com.termux/files/home/ExynosTools-LSFG/external/VulkanMemoryAllocator/include/vk_mem_alloc.h:15034:5: warning: pointer is missing a nullability type specifier (_Nonnull, _Nullable, or _Null_unspecified) [-Wnullability-completeness]
 15034 |     VkImage image,
       |     ^
/data/data/com.termux/files/home/ExynosTools-LSFG/external/VulkanMemoryAllocator/include/vk_mem_alloc.h:15034:5: note: insert '_Nullable' if the pointer may be null
 15034 |     VkImage image,
       |     ^
       |             _Nullable
/data/data/com.termux/files/home/ExynosTools-LSFG/external/VulkanMemoryAllocator/include/vk_mem_alloc.h:15034:5: note: insert '_Nonnull' if the pointer should never be null
 15034 |     VkImage image,
       |     ^
       |             _Nonnull
/data/data/com.termux/files/home/ExynosTools-LSFG/external/VulkanMemoryAllocator/include/vk_mem_alloc.h:15035:15: warning: pointer is missing a nullability type specifier (_Nonnull, _Nullable, or _Null_unspecified) [-Wnullability-completeness]
 15035 |     const void* pNext) const
       |               ^
/data/data/com.termux/files/home/ExynosTools-LSFG/external/VulkanMemoryAllocator/include/vk_mem_alloc.h:15035:15: note: insert '_Nullable' if the pointer may be null
 15035 |     const void* pNext) const
       |               ^
       |                 _Nullable
/data/data/com.termux/files/home/ExynosTools-LSFG/external/VulkanMemoryAllocator/include/vk_mem_alloc.h:15035:15: note: insert '_Nonnull' if the pointer should never be null
 15035 |     const void* pNext) const
       |               ^
       |                 _Nonnull
/data/data/com.termux/files/home/ExynosTools-LSFG/external/VulkanMemoryAllocator/include/vk_mem_alloc.h:15058:30: warning: pointer is missing a nullability type specifier (_Nonnull, _Nullable, or _Null_unspecified) [-Wnullability-completeness]
 15058 | VkResult VmaAllocator_T::Map(VmaAllocation hAllocation, void** ppData)
       |                              ^
/data/data/com.termux/files/home/ExynosTools-LSFG/external/VulkanMemoryAllocator/include/vk_mem_alloc.h:15058:30: note: insert '_Nullable' if the pointer may be null
 15058 | VkResult VmaAllocator_T::Map(VmaAllocation hAllocation, void** ppData)
       |                              ^
       |                                            _Nullable
/data/data/com.termux/files/home/ExynosTools-LSFG/external/VulkanMemoryAllocator/include/vk_mem_alloc.h:15058:30: note: insert '_Nonnull' if the pointer should never be null
 15058 | VkResult VmaAllocator_T::Map(VmaAllocation hAllocation, void** ppData)
       |                              ^
       |                                            _Nonnull
/data/data/com.termux/files/home/ExynosTools-LSFG/external/VulkanMemoryAllocator/include/vk_mem_alloc.h:15058:61: warning: pointer is missing a nullability type specifier (_Nonnull, _Nullable, or _Null_unspecified) [-Wnullability-completeness]
 15058 | VkResult VmaAllocator_T::Map(VmaAllocation hAllocation, void** ppData)
       |                                                             ^
/data/data/com.termux/files/home/ExynosTools-LSFG/external/VulkanMemoryAllocator/include/vk_mem_alloc.h:15058:61: note: insert '_Nullable' if the pointer may be null
 15058 | VkResult VmaAllocator_T::Map(VmaAllocation hAllocation, void** ppData)
       |                                                             ^
       |                                                              _Nullable
/data/data/com.termux/files/home/ExynosTools-LSFG/external/VulkanMemoryAllocator/include/vk_mem_alloc.h:15058:61: note: insert '_Nonnull' if the pointer should never be null
 15058 | VkResult VmaAllocator_T::Map(VmaAllocation hAllocation, void** ppData)
       |                                                             ^
       |                                                              _Nonnull
/data/data/com.termux/files/home/ExynosTools-LSFG/external/VulkanMemoryAllocator/include/vk_mem_alloc.h:15058:62: warning: pointer is missing a nullability type specifier (_Nonnull, _Nullable, or _Null_unspecified) [-Wnullability-completeness]
 15058 | VkResult VmaAllocator_T::Map(VmaAllocation hAllocation, void** ppData)
       |                                                              ^
/data/data/com.termux/files/home/ExynosTools-LSFG/external/VulkanMemoryAllocator/include/vk_mem_alloc.h:15058:62: note: insert '_Nullable' if the pointer may be null
 15058 | VkResult VmaAllocator_T::Map(VmaAllocation hAllocation, void** ppData)
       |                                                              ^
       |                                                                _Nullable
/data/data/com.termux/files/home/ExynosTools-LSFG/external/VulkanMemoryAllocator/include/vk_mem_alloc.h:15058:62: note: insert '_Nonnull' if the pointer should never be null
 15058 | VkResult VmaAllocator_T::Map(VmaAllocation hAllocation, void** ppData)
       |                                                              ^
       |                                                                _Nonnull
/data/data/com.termux/files/home/ExynosTools-LSFG/external/VulkanMemoryAllocator/include/vk_mem_alloc.h:15082:28: warning: pointer is missing a nullability type specifier (_Nonnull, _Nullable, or _Null_unspecified) [-Wnullability-completeness]
 15082 | void VmaAllocator_T::Unmap(VmaAllocation hAllocation)
       |                            ^
/data/data/com.termux/files/home/ExynosTools-LSFG/external/VulkanMemoryAllocator/include/vk_mem_alloc.h:15082:28: note: insert '_Nullable' if the pointer may be null
 15082 | void VmaAllocator_T::Unmap(VmaAllocation hAllocation)
       |                            ^
       |                                          _Nullable
/data/data/com.termux/files/home/ExynosTools-LSFG/external/VulkanMemoryAllocator/include/vk_mem_alloc.h:15082:28: note: insert '_Nonnull' if the pointer should never be null
 15082 | void VmaAllocator_T::Unmap(VmaAllocation hAllocation)
       |                            ^
       |                                          _Nonnull
/data/data/com.termux/files/home/ExynosTools-LSFG/external/VulkanMemoryAllocator/include/vk_mem_alloc.h:15102:5: warning: pointer is missing a nullability type specifier (_Nonnull, _Nullable, or _Null_unspecified) [-Wnullability-completeness]
 15102 |     VmaAllocation hAllocation,
       |     ^
/data/data/com.termux/files/home/ExynosTools-LSFG/external/VulkanMemoryAllocator/include/vk_mem_alloc.h:15102:5: note: insert '_Nullable' if the pointer may be null
 15102 |     VmaAllocation hAllocation,
       |     ^
       |                   _Nullable
/data/data/com.termux/files/home/ExynosTools-LSFG/external/VulkanMemoryAllocator/include/vk_mem_alloc.h:15102:5: note: insert '_Nonnull' if the pointer should never be null
 15102 |     VmaAllocation hAllocation,
       |     ^
       |                   _Nonnull
/data/data/com.termux/files/home/ExynosTools-LSFG/external/VulkanMemoryAllocator/include/vk_mem_alloc.h:15104:5: warning: pointer is missing a nullability type specifier (_Nonnull, _Nullable, or _Null_unspecified) [-Wnullability-completeness]
 15104 |     VkBuffer hBuffer,
       |     ^
/data/data/com.termux/files/home/ExynosTools-LSFG/external/VulkanMemoryAllocator/include/vk_mem_alloc.h:15104:5: note: insert '_Nullable' if the pointer may be null
 15104 |     VkBuffer hBuffer,
       |     ^
       |              _Nullable
/data/data/com.termux/files/home/ExynosTools-LSFG/external/VulkanMemoryAllocator/include/vk_mem_alloc.h:15104:5: note: insert '_Nonnull' if the pointer should never be null
 15104 |     VkBuffer hBuffer,
       |     ^
       |              _Nonnull
/data/data/com.termux/files/home/ExynosTools-LSFG/external/VulkanMemoryAllocator/include/vk_mem_alloc.h:15105:15: warning: pointer is missing a nullability type specifier (_Nonnull, _Nullable, or _Null_unspecified) [-Wnullability-completeness]
 15105 |     const void* pNext)
       |               ^
/data/data/com.termux/files/home/ExynosTools-LSFG/external/VulkanMemoryAllocator/include/vk_mem_alloc.h:15105:15: note: insert '_Nullable' if the pointer may be null
 15105 |     const void* pNext)
       |               ^
       |                 _Nullable
/data/data/com.termux/files/home/ExynosTools-LSFG/external/VulkanMemoryAllocator/include/vk_mem_alloc.h:15105:15: note: insert '_Nonnull' if the pointer should never be null
 15105 |     const void* pNext)
       |               ^
       |                 _Nonnull
/data/data/com.termux/files/home/ExynosTools-LSFG/external/VulkanMemoryAllocator/include/vk_mem_alloc.h:15127:5: warning: pointer is missing a nullability type specifier (_Nonnull, _Nullable, or _Null_unspecified) [-Wnullability-completeness]
 15127 |     VmaAllocation hAllocation,
       |     ^
/data/data/com.termux/files/home/ExynosTools-LSFG/external/VulkanMemoryAllocator/include/vk_mem_alloc.h:15127:5: note: insert '_Nullable' if the pointer may be null
 15127 |     VmaAllocation hAllocation,
       |     ^
       |                   _Nullable
/data/data/com.termux/files/home/ExynosTools-LSFG/external/VulkanMemoryAllocator/include/vk_mem_alloc.h:15127:5: note: insert '_Nonnull' if the pointer should never be null
 15127 |     VmaAllocation hAllocation,
       |     ^
       |                   _Nonnull
/data/data/com.termux/files/home/ExynosTools-LSFG/external/VulkanMemoryAllocator/include/vk_mem_alloc.h:15129:5: warning: pointer is missing a nullability type specifier (_Nonnull, _Nullable, or _Null_unspecified) [-Wnullability-completeness]
 15129 |     VkImage hImage,
       |     ^
/data/data/com.termux/files/home/ExynosTools-LSFG/external/VulkanMemoryAllocator/include/vk_mem_alloc.h:15129:5: note: insert '_Nullable' if the pointer may be null
 15129 |     VkImage hImage,
       |     ^
       |             _Nullable
/data/data/com.termux/files/home/ExynosTools-LSFG/external/VulkanMemoryAllocator/include/vk_mem_alloc.h:15129:5: note: insert '_Nonnull' if the pointer should never be null
 15129 |     VkImage hImage,
       |     ^
       |             _Nonnull
/data/data/com.termux/files/home/ExynosTools-LSFG/external/VulkanMemoryAllocator/include/vk_mem_alloc.h:15130:15: warning: pointer is missing a nullability type specifier (_Nonnull, _Nullable, or _Null_unspecified) [-Wnullability-completeness]
 15130 |     const void* pNext)
       |               ^
/data/data/com.termux/files/home/ExynosTools-LSFG/external/VulkanMemoryAllocator/include/vk_mem_alloc.h:15130:15: note: insert '_Nullable' if the pointer may be null
 15130 |     const void* pNext)
       |               ^
       |                 _Nullable
/data/data/com.termux/files/home/ExynosTools-LSFG/external/VulkanMemoryAllocator/include/vk_mem_alloc.h:15130:15: note: insert '_Nonnull' if the pointer should never be null
 15130 |     const void* pNext)
       |               ^
       |                 _Nonnull
/data/data/com.termux/files/home/ExynosTools-LSFG/external/VulkanMemoryAllocator/include/vk_mem_alloc.h:15152:5: warning: pointer is missing a nullability type specifier (_Nonnull, _Nullable, or _Null_unspecified) [-Wnullability-completeness]
 15152 |     VmaAllocation hAllocation,
       |     ^
/data/data/com.termux/files/home/ExynosTools-LSFG/external/VulkanMemoryAllocator/include/vk_mem_alloc.h:15152:5: note: insert '_Nullable' if the pointer may be null
 15152 |     VmaAllocation hAllocation,
       |     ^
       |                   _Nullable
/data/data/com.termux/files/home/ExynosTools-LSFG/external/VulkanMemoryAllocator/include/vk_mem_alloc.h:15152:5: note: insert '_Nonnull' if the pointer should never be null
 15152 |     VmaAllocation hAllocation,
       |     ^
       |                   _Nonnull
/data/data/com.termux/files/home/ExynosTools-LSFG/external/VulkanMemoryAllocator/include/vk_mem_alloc.h:15179:11: warning: pointer is missing a nullability type specifier (_Nonnull, _Nullable, or _Null_unspecified) [-Wnullability-completeness]
 15179 |     const VmaAllocation* allocations,
       |           ^
/data/data/com.termux/files/home/ExynosTools-LSFG/external/VulkanMemoryAllocator/include/vk_mem_alloc.h:15179:11: note: insert '_Nullable' if the pointer may be null
 15179 |     const VmaAllocation* allocations,
       |           ^            
       |                         _Nullable 
/data/data/com.termux/files/home/ExynosTools-LSFG/external/VulkanMemoryAllocator/include/vk_mem_alloc.h:15179:11: note: insert '_Nonnull' if the pointer should never be null
 15179 |     const VmaAllocation* allocations,
       |           ^            
       |                         _Nonnull 
/data/data/com.termux/files/home/ExynosTools-LSFG/external/VulkanMemoryAllocator/include/vk_mem_alloc.h:15179:24: warning: pointer is missing a nullability type specifier (_Nonnull, _Nullable, or _Null_unspecified) [-Wnullability-completeness]
 15179 |     const VmaAllocation* allocations,
       |                        ^
/data/data/com.termux/files/home/ExynosTools-LSFG/external/VulkanMemoryAllocator/include/vk_mem_alloc.h:15179:24: note: insert '_Nullable' if the pointer may be null
 15179 |     const VmaAllocation* allocations,
       |                        ^
       |                          _Nullable
/data/data/com.termux/files/home/ExynosTools-LSFG/external/VulkanMemoryAllocator/include/vk_mem_alloc.h:15179:24: note: insert '_Nonnull' if the pointer should never be null
 15179 |     const VmaAllocation* allocations,
       |                        ^
       |                          _Nonnull
/data/data/com.termux/files/home/ExynosTools-LSFG/external/VulkanMemoryAllocator/include/vk_mem_alloc.h:15180:23: warning: pointer is missing a nullability type specifier (_Nonnull, _Nullable, or _Null_unspecified) [-Wnullability-completeness]
 15180 |     const VkDeviceSize* offsets, const VkDeviceSize* sizes,
       |                       ^
/data/data/com.termux/files/home/ExynosTools-LSFG/external/VulkanMemoryAllocator/include/vk_mem_alloc.h:15180:23: note: insert '_Nullable' if the pointer may be null
 15180 |     const VkDeviceSize* offsets, const VkDeviceSize* sizes,
       |                       ^
       |                         _Nullable
/data/data/com.termux/files/home/ExynosTools-LSFG/external/VulkanMemoryAllocator/include/vk_mem_alloc.h:15180:23: note: insert '_Nonnull' if the pointer should never be null
 15180 |     const VkDeviceSize* offsets, const VkDeviceSize* sizes,
       |                       ^
       |                         _Nonnull
/data/data/com.termux/files/home/ExynosTools-LSFG/external/VulkanMemoryAllocator/include/vk_mem_alloc.h:15180:52: warning: pointer is missing a nullability type specifier (_Nonnull, _Nullable, or _Null_unspecified) [-Wnullability-completeness]
 15180 |     const VkDeviceSize* offsets, const VkDeviceSize* sizes,
       |                                                    ^
/data/data/com.termux/files/home/ExynosTools-LSFG/external/VulkanMemoryAllocator/include/vk_mem_alloc.h:15180:52: note: insert '_Nullable' if the pointer may be null
 15180 |     const VkDeviceSize* offsets, const VkDeviceSize* sizes,
       |                                                    ^
       |                                                      _Nullable
/data/data/com.termux/files/home/ExynosTools-LSFG/external/VulkanMemoryAllocator/include/vk_mem_alloc.h:15180:52: note: insert '_Nonnull' if the pointer should never be null
 15180 |     const VkDeviceSize* offsets, const VkDeviceSize* sizes,
       |                                                    ^
       |                                                      _Nonnull
/data/data/com.termux/files/home/ExynosTools-LSFG/external/VulkanMemoryAllocator/include/vk_mem_alloc.h:15219:15: warning: pointer is missing a nullability type specifier (_Nonnull, _Nullable, or _Null_unspecified) [-Wnullability-completeness]
 15219 |     const void* pSrcHostPointer,
       |               ^
/data/data/com.termux/files/home/ExynosTools-LSFG/external/VulkanMemoryAllocator/include/vk_mem_alloc.h:15219:15: note: insert '_Nullable' if the pointer may be null
 15219 |     const void* pSrcHostPointer,
       |               ^
       |                 _Nullable
/data/data/com.termux/files/home/ExynosTools-LSFG/external/VulkanMemoryAllocator/include/vk_mem_alloc.h:15219:15: note: insert '_Nonnull' if the pointer should never be null
 15219 |     const void* pSrcHostPointer,
       |               ^
       |                 _Nonnull
/data/data/com.termux/files/home/ExynosTools-LSFG/external/VulkanMemoryAllocator/include/vk_mem_alloc.h:15220:5: warning: pointer is missing a nullability type specifier (_Nonnull, _Nullable, or _Null_unspecified) [-Wnullability-completeness]
 15220 |     VmaAllocation dstAllocation,
       |     ^
/data/data/com.termux/files/home/ExynosTools-LSFG/external/VulkanMemoryAllocator/include/vk_mem_alloc.h:15220:5: note: insert '_Nullable' if the pointer may be null
 15220 |     VmaAllocation dstAllocation,
       |     ^
       |                   _Nullable
/data/data/com.termux/files/home/ExynosTools-LSFG/external/VulkanMemoryAllocator/include/vk_mem_alloc.h:15220:5: note: insert '_Nonnull' if the pointer should never be null
 15220 |     VmaAllocation dstAllocation,
       |     ^
       |                   _Nonnull
/data/data/com.termux/files/home/ExynosTools-LSFG/external/VulkanMemoryAllocator/include/vk_mem_alloc.h:15236:5: warning: pointer is missing a nullability type specifier (_Nonnull, _Nullable, or _Null_unspecified) [-Wnullability-completeness]
 15236 |     VmaAllocation srcAllocation,
       |     ^
/data/data/com.termux/files/home/ExynosTools-LSFG/external/VulkanMemoryAllocator/include/vk_mem_alloc.h:15236:5: note: insert '_Nullable' if the pointer may be null
 15236 |     VmaAllocation srcAllocation,
       |     ^
       |                   _Nullable
/data/data/com.termux/files/home/ExynosTools-LSFG/external/VulkanMemoryAllocator/include/vk_mem_alloc.h:15236:5: note: insert '_Nonnull' if the pointer should never be null
 15236 |     VmaAllocation srcAllocation,
       |     ^
       |                   _Nonnull
/data/data/com.termux/files/home/ExynosTools-LSFG/external/VulkanMemoryAllocator/include/vk_mem_alloc.h:15238:9: warning: pointer is missing a nullability type specifier (_Nonnull, _Nullable, or _Null_unspecified) [-Wnullability-completeness]
 15238 |     void* pDstHostPointer,
       |         ^
/data/data/com.termux/files/home/ExynosTools-LSFG/external/VulkanMemoryAllocator/include/vk_mem_alloc.h:15238:9: note: insert '_Nullable' if the pointer may be null
 15238 |     void* pDstHostPointer,
       |         ^
       |           _Nullable
/data/data/com.termux/files/home/ExynosTools-LSFG/external/VulkanMemoryAllocator/include/vk_mem_alloc.h:15238:9: note: insert '_Nonnull' if the pointer should never be null
 15238 |     void* pDstHostPointer,
       |         ^
       |           _Nonnull
/data/data/com.termux/files/home/ExynosTools-LSFG/external/VulkanMemoryAllocator/include/vk_mem_alloc.h:15255:42: warning: pointer is missing a nullability type specifier (_Nonnull, _Nullable, or _Null_unspecified) [-Wnullability-completeness]
 15255 | void VmaAllocator_T::FreeDedicatedMemory(VmaAllocation allocation)
       |                                          ^
/data/data/com.termux/files/home/ExynosTools-LSFG/external/VulkanMemoryAllocator/include/vk_mem_alloc.h:15255:42: note: insert '_Nullable' if the pointer may be null
 15255 | void VmaAllocator_T::FreeDedicatedMemory(VmaAllocation allocation)
       |                                          ^
       |                                                        _Nullable
/data/data/com.termux/files/home/ExynosTools-LSFG/external/VulkanMemoryAllocator/include/vk_mem_alloc.h:15255:42: note: insert '_Nonnull' if the pointer should never be null
 15255 | void VmaAllocator_T::FreeDedicatedMemory(VmaAllocation allocation)
       |                                          ^
       |                                                        _Nonnull
/data/data/com.termux/files/home/ExynosTools-LSFG/external/VulkanMemoryAllocator/include/vk_mem_alloc.h:15341:5: warning: pointer is missing a nullability type specifier (_Nonnull, _Nullable, or _Null_unspecified) [-Wnullability-completeness]
 15341 |     VmaAllocation allocation,
       |     ^
/data/data/com.termux/files/home/ExynosTools-LSFG/external/VulkanMemoryAllocator/include/vk_mem_alloc.h:15341:5: note: insert '_Nullable' if the pointer may be null
 15341 |     VmaAllocation allocation,
       |     ^
       |                   _Nullable
/data/data/com.termux/files/home/ExynosTools-LSFG/external/VulkanMemoryAllocator/include/vk_mem_alloc.h:15341:5: note: insert '_Nonnull' if the pointer should never be null
 15341 |     VmaAllocation allocation,
       |     ^
       |                   _Nonnull
/data/data/com.termux/files/home/ExynosTools-LSFG/external/VulkanMemoryAllocator/include/vk_mem_alloc.h:15443:37: warning: pointer is missing a nullability type specifier (_Nonnull, _Nullable, or _Null_unspecified) [-Wnullability-completeness]
 15443 | void VmaAllocator_T::FillAllocation(VmaAllocation hAllocation, uint8_t pattern)
       |                                     ^
/data/data/com.termux/files/home/ExynosTools-LSFG/external/VulkanMemoryAllocator/include/vk_mem_alloc.h:15443:37: note: insert '_Nullable' if the pointer may be null
 15443 | void VmaAllocator_T::FillAllocation(VmaAllocation hAllocation, uint8_t pattern)
       |                                     ^
       |                                                   _Nullable
/data/data/com.termux/files/home/ExynosTools-LSFG/external/VulkanMemoryAllocator/include/vk_mem_alloc.h:15443:37: note: insert '_Nonnull' if the pointer should never be null
 15443 | void VmaAllocator_T::FillAllocation(VmaAllocation hAllocation, uint8_t pattern)
       |                                     ^
       |                                                   _Nonnull
/data/data/com.termux/files/home/ExynosTools-LSFG/external/VulkanMemoryAllocator/include/vk_mem_alloc.h:15667:33: warning: pointer is missing a nullability type specifier (_Nonnull, _Nullable, or _Null_unspecified) [-Wnullability-completeness]
 15667 |     const VmaAllocatorCreateInfo* pCreateInfo,
       |                                 ^
/data/data/com.termux/files/home/ExynosTools-LSFG/external/VulkanMemoryAllocator/include/vk_mem_alloc.h:15667:33: note: insert '_Nullable' if the pointer may be null
 15667 |     const VmaAllocatorCreateInfo* pCreateInfo,
       |                                 ^
       |                                   _Nullable
/data/data/com.termux/files/home/ExynosTools-LSFG/external/VulkanMemoryAllocator/include/vk_mem_alloc.h:15667:33: note: insert '_Nonnull' if the pointer should never be null
 15667 |     const VmaAllocatorCreateInfo* pCreateInfo,
       |                                 ^
       |                                   _Nonnull
/data/data/com.termux/files/home/ExynosTools-LSFG/external/VulkanMemoryAllocator/include/vk_mem_alloc.h:15668:5: warning: pointer is missing a nullability type specifier (_Nonnull, _Nullable, or _Null_unspecified) [-Wnullability-completeness]
 15668 |     VmaAllocator* pAllocator)
       |     ^
/data/data/com.termux/files/home/ExynosTools-LSFG/external/VulkanMemoryAllocator/include/vk_mem_alloc.h:15668:5: note: insert '_Nullable' if the pointer may be null
 15668 |     VmaAllocator* pAllocator)
       |     ^           
       |                  _Nullable 
/data/data/com.termux/files/home/ExynosTools-LSFG/external/VulkanMemoryAllocator/include/vk_mem_alloc.h:15668:5: note: insert '_Nonnull' if the pointer should never be null
 15668 |     VmaAllocator* pAllocator)
       |     ^           
       |                  _Nonnull 
/data/data/com.termux/files/home/ExynosTools-LSFG/external/VulkanMemoryAllocator/include/vk_mem_alloc.h:15668:17: warning: pointer is missing a nullability type specifier (_Nonnull, _Nullable, or _Null_unspecified) [-Wnullability-completeness]
 15668 |     VmaAllocator* pAllocator)
       |                 ^
/data/data/com.termux/files/home/ExynosTools-LSFG/external/VulkanMemoryAllocator/include/vk_mem_alloc.h:15668:17: note: insert '_Nullable' if the pointer may be null
 15668 |     VmaAllocator* pAllocator)
       |                 ^
       |                   _Nullable
/data/data/com.termux/files/home/ExynosTools-LSFG/external/VulkanMemoryAllocator/include/vk_mem_alloc.h:15668:17: note: insert '_Nonnull' if the pointer should never be null
 15668 |     VmaAllocator* pAllocator)
       |                 ^
       |                   _Nonnull
/data/data/com.termux/files/home/ExynosTools-LSFG/external/VulkanMemoryAllocator/include/vk_mem_alloc.h:15685:5: warning: pointer is missing a nullability type specifier (_Nonnull, _Nullable, or _Null_unspecified) [-Wnullability-completeness]
 15685 |     VmaAllocator allocator)
       |     ^
/data/data/com.termux/files/home/ExynosTools-LSFG/external/VulkanMemoryAllocator/include/vk_mem_alloc.h:15685:5: note: insert '_Nullable' if the pointer may be null
 15685 |     VmaAllocator allocator)
       |     ^
       |                  _Nullable
/data/data/com.termux/files/home/ExynosTools-LSFG/external/VulkanMemoryAllocator/include/vk_mem_alloc.h:15685:5: note: insert '_Nonnull' if the pointer should never be null
 15685 |     VmaAllocator allocator)
       |     ^
       |                  _Nonnull
/data/data/com.termux/files/home/ExynosTools-LSFG/external/VulkanMemoryAllocator/include/vk_mem_alloc.h:15695:53: warning: pointer is missing a nullability type specifier (_Nonnull, _Nullable, or _Null_unspecified) [-Wnullability-completeness]
 15695 | VMA_CALL_PRE void VMA_CALL_POST vmaGetAllocatorInfo(VmaAllocator allocator, VmaAllocatorInfo* pAllocatorInfo)
       |                                                     ^
/data/data/com.termux/files/home/ExynosTools-LSFG/external/VulkanMemoryAllocator/include/vk_mem_alloc.h:15695:53: note: insert '_Nullable' if the pointer may be null
 15695 | VMA_CALL_PRE void VMA_CALL_POST vmaGetAllocatorInfo(VmaAllocator allocator, VmaAllocatorInfo* pAllocatorInfo)
       |                                                     ^
       |                                                                  _Nullable
/data/data/com.termux/files/home/ExynosTools-LSFG/external/VulkanMemoryAllocator/include/vk_mem_alloc.h:15695:53: note: insert '_Nonnull' if the pointer should never be null
 15695 | VMA_CALL_PRE void VMA_CALL_POST vmaGetAllocatorInfo(VmaAllocator allocator, VmaAllocatorInfo* pAllocatorInfo)
       |                                                     ^
       |                                                                  _Nonnull
/data/data/com.termux/files/home/ExynosTools-LSFG/external/VulkanMemoryAllocator/include/vk_mem_alloc.h:15695:93: warning: pointer is missing a nullability type specifier (_Nonnull, _Nullable, or _Null_unspecified) [-Wnullability-completeness]
 15695 | VMA_CALL_PRE void VMA_CALL_POST vmaGetAllocatorInfo(VmaAllocator allocator, VmaAllocatorInfo* pAllocatorInfo)
       |                                                                                             ^
/data/data/com.termux/files/home/ExynosTools-LSFG/external/VulkanMemoryAllocator/include/vk_mem_alloc.h:15695:93: note: insert '_Nullable' if the pointer may be null
 15695 | VMA_CALL_PRE void VMA_CALL_POST vmaGetAllocatorInfo(VmaAllocator allocator, VmaAllocatorInfo* pAllocatorInfo)
       |                                                                                             ^
       |                                                                                               _Nullable
/data/data/com.termux/files/home/ExynosTools-LSFG/external/VulkanMemoryAllocator/include/vk_mem_alloc.h:15695:93: note: insert '_Nonnull' if the pointer should never be null
 15695 | VMA_CALL_PRE void VMA_CALL_POST vmaGetAllocatorInfo(VmaAllocator allocator, VmaAllocatorInfo* pAllocatorInfo)
       |                                                                                             ^
       |                                                                                               _Nonnull
/data/data/com.termux/files/home/ExynosTools-LSFG/external/VulkanMemoryAllocator/include/vk_mem_alloc.h:15704:5: warning: pointer is missing a nullability type specifier (_Nonnull, _Nullable, or _Null_unspecified) [-Wnullability-completeness]
 15704 |     VmaAllocator allocator,
       |     ^
/data/data/com.termux/files/home/ExynosTools-LSFG/external/VulkanMemoryAllocator/include/vk_mem_alloc.h:15704:5: note: insert '_Nullable' if the pointer may be null
 15704 |     VmaAllocator allocator,
       |     ^
       |                  _Nullable
/data/data/com.termux/files/home/ExynosTools-LSFG/external/VulkanMemoryAllocator/include/vk_mem_alloc.h:15704:5: note: insert '_Nonnull' if the pointer should never be null
 15704 |     VmaAllocator allocator,
       |     ^
       |                  _Nonnull
/data/data/com.termux/files/home/ExynosTools-LSFG/external/VulkanMemoryAllocator/include/vk_mem_alloc.h:15705:38: warning: pointer is missing a nullability type specifier (_Nonnull, _Nullable, or _Null_unspecified) [-Wnullability-completeness]
 15705 |     const VkPhysicalDeviceProperties **ppPhysicalDeviceProperties)
       |                                      ^
/data/data/com.termux/files/home/ExynosTools-LSFG/external/VulkanMemoryAllocator/include/vk_mem_alloc.h:15705:38: note: insert '_Nullable' if the pointer may be null
 15705 |     const VkPhysicalDeviceProperties **ppPhysicalDeviceProperties)
       |                                      ^
       |                                       _Nullable
/data/data/com.termux/files/home/ExynosTools-LSFG/external/VulkanMemoryAllocator/include/vk_mem_alloc.h:15705:38: note: insert '_Nonnull' if the pointer should never be null
 15705 |     const VkPhysicalDeviceProperties **ppPhysicalDeviceProperties)
       |                                      ^
       |                                       _Nonnull
/data/data/com.termux/files/home/ExynosTools-LSFG/external/VulkanMemoryAllocator/include/vk_mem_alloc.h:15705:39: warning: pointer is missing a nullability type specifier (_Nonnull, _Nullable, or _Null_unspecified) [-Wnullability-completeness]
 15705 |     const VkPhysicalDeviceProperties **ppPhysicalDeviceProperties)
       |                                       ^
/data/data/com.termux/files/home/ExynosTools-LSFG/external/VulkanMemoryAllocator/include/vk_mem_alloc.h:15705:39: note: insert '_Nullable' if the pointer may be null
 15705 |     const VkPhysicalDeviceProperties **ppPhysicalDeviceProperties)
       |                                       ^
       |                                         _Nullable 
/data/data/com.termux/files/home/ExynosTools-LSFG/external/VulkanMemoryAllocator/include/vk_mem_alloc.h:15705:39: note: insert '_Nonnull' if the pointer should never be null
 15705 |     const VkPhysicalDeviceProperties **ppPhysicalDeviceProperties)
       |                                       ^
       |                                         _Nonnull 
/data/data/com.termux/files/home/ExynosTools-LSFG/external/VulkanMemoryAllocator/include/vk_mem_alloc.h:15712:5: warning: pointer is missing a nullability type specifier (_Nonnull, _Nullable, or _Null_unspecified) [-Wnullability-completeness]
 15712 | [ 68%] Building CXX object CMakeFiles/VkLayer_VortekXclipse.dir/src/layer/layer_command_buffer_ownership.cpp.o
    VmaAllocator allocator,
       |     ^
/data/data/com.termux/files/home/ExynosTools-LSFG/external/VulkanMemoryAllocator/include/vk_mem_alloc.h:15712:5: note: insert '_Nullable' if the pointer may be null
 15712 |     VmaAllocator allocator,
       |     ^
       |                  _Nullable
/data/data/com.termux/files/home/ExynosTools-LSFG/external/VulkanMemoryAllocator/include/vk_mem_alloc.h:15712:5: note: insert '_Nonnull' if the pointer should never be null
 15712 |     VmaAllocator allocator,
       |     ^
       |                  _Nonnull
/data/data/com.termux/files/home/ExynosTools-LSFG/external/VulkanMemoryAllocator/include/vk_mem_alloc.h:15713:43: warning: pointer is missing a nullability type specifier (_Nonnull, _Nullable, or _Null_unspecified) [-Wnullability-completeness]
 15713 |     const VkPhysicalDeviceMemoryProperties** ppPhysicalDeviceMemoryProperties)
       |                                           ^
/data/data/com.termux/files/home/ExynosTools-LSFG/external/VulkanMemoryAllocator/include/vk_mem_alloc.h:15713:43: note: insert '_Nullable' if the pointer may be null
 15713 |     const VkPhysicalDeviceMemoryProperties** ppPhysicalDeviceMemoryProperties)
       |                                           ^
       |                                            _Nullable
/data/data/com.termux/files/home/ExynosTools-LSFG/external/VulkanMemoryAllocator/include/vk_mem_alloc.h:15713:43: note: insert '_Nonnull' if the pointer should never be null
 15713 |     const VkPhysicalDeviceMemoryProperties** ppPhysicalDeviceMemoryProperties)
       |                                           ^
       |                                            _Nonnull
/data/data/com.termux/files/home/ExynosTools-LSFG/external/VulkanMemoryAllocator/include/vk_mem_alloc.h:15713:44: warning: pointer is missing a nullability type specifier (_Nonnull, _Nullable, or _Null_unspecified) [-Wnullability-completeness]
 15713 |     const VkPhysicalDeviceMemoryProperties** ppPhysicalDeviceMemoryProperties)
       |                                            ^
/data/data/com.termux/files/home/ExynosTools-LSFG/external/VulkanMemoryAllocator/include/vk_mem_alloc.h:15713:44: note: insert '_Nullable' if the pointer may be null
 15713 |     const VkPhysicalDeviceMemoryProperties** ppPhysicalDeviceMemoryProperties)
       |                                            ^
       |                                              _Nullable
/data/data/com.termux/files/home/ExynosTools-LSFG/external/VulkanMemoryAllocator/include/vk_mem_alloc.h:15713:44: note: insert '_Nonnull' if the pointer should never be null
 15713 |     const VkPhysicalDeviceMemoryProperties** ppPhysicalDeviceMemoryProperties)
       |                                            ^
       |                                              _Nonnull
/data/data/com.termux/files/home/ExynosTools-LSFG/external/VulkanMemoryAllocator/include/vk_mem_alloc.h:15720:5: warning: pointer is missing a nullability type specifier (_Nonnull, _Nullable, or _Null_unspecified) [-Wnullability-completeness]
 15720 |     VmaAllocator allocator,
       |     ^
/data/data/com.termux/files/home/ExynosTools-LSFG/external/VulkanMemoryAllocator/include/vk_mem_alloc.h:15720:5: note: insert '_Nullable' if the pointer may be null
 15720 |     VmaAllocator allocator,
       |     ^
       |                  _Nullable
/data/data/com.termux/files/home/ExynosTools-LSFG/external/VulkanMemoryAllocator/include/vk_mem_alloc.h:15720:5: note: insert '_Nonnull' if the pointer should never be null
 15720 |     VmaAllocator allocator,
       |     ^
       |                  _Nonnull
/data/data/com.termux/files/home/ExynosTools-LSFG/external/VulkanMemoryAllocator/include/vk_mem_alloc.h:15722:26: warning: pointer is missing a nullability type specifier (_Nonnull, _Nullable, or _Null_unspecified) [-Wnullability-completeness]
 15722 |     VkMemoryPropertyFlags* pFlags)
       |                          ^
/data/data/com.termux/files/home/ExynosTools-LSFG/external/VulkanMemoryAllocator/include/vk_mem_alloc.h:15722:26: note: insert '_Nullable' if the pointer may be null
 15722 |     VkMemoryPropertyFlags* pFlags/data/data/com.termux/files/usr/bin/clang++ --target=aarch64-linux-android26 --sysroot=/data/data/com.termux/files/home/android-ndk-r27c/toolchains/llvm/prebuilt/linux-x86_64/sysroot -DVkLayer_VortekXclipse_EXPORTS -I/data/data/com.termux/files/home/ExynosTools-LSFG/include -I/data/data/com.termux/files/home/ExynosTools-LSFG/third_party/bcdec -I/data/data/com.termux/files/home/Vulkan-Headers/include -I/data/data/com.termux/files/home/Vulkan-Utility-Libraries/include -I/data/data/com.termux/files/home/ExynosTools-LSFG/external/VulkanMemoryAllocator/include -I/data/data/com.termux/files/home/ExynosTools-LSFG/build-lsfg-termux/generated -stdlib=libc++ -O3 -DNDEBUG -std=c++17 -fPIC -fvisibility=hidden -fvisibility-inlines-hidden -MD -MT CMakeFiles/VkLayer_VortekXclipse.dir/src/layer/layer_command_buffer_ownership.cpp.o -MF CMakeFiles/VkLayer_VortekXclipse.dir/src/layer/layer_command_buffer_ownership.cpp.o.d -o CMakeFiles/VkLayer_VortekXclipse.dir/src/layer/layer_command_buffer_ownership.cpp.o -c /data/data/com.te)
       |                          ^
       |                            _Nullable
rmux/files/home/ExynosTools-LSFG/src/layer/layer_command_buffer_ownership.cpp
/data/data/com.termux/files/home/ExynosTools-LSFG/external/VulkanMemoryAllocator/include/vk_mem_alloc.h:15722:26: note: insert '_Nonnull' if the pointer should never be null
 15722 |     VkMemoryPropertyFlags* pFlags)
       |                          ^
       |                            _Nonnull
/data/data/com.termux/files/home/ExynosTools-LSFG/external/VulkanMemoryAllocator/include/vk_mem_alloc.h:15730:5: warning: pointer is missing a nullability type specifier (_Nonnull, _Nullable, or _Null_unspecified) [-Wnullability-completeness]
 15730 |     VmaAllocator allocator,
       |     ^
/data/data/com.termux/files/home/ExynosTools-LSFG/external/VulkanMemoryAllocator/include/vk_mem_alloc.h:15730:5: note: insert '_Nullable' if the pointer may be null
 15730 |     VmaAllocator allocator,
       |     ^
       |                  _Nullable
/data/data/com.termux/files/home/ExynosTools-LSFG/external/VulkanMemoryAllocator/include/vk_mem_alloc.h:15730:5: note: insert '_Nonnull' if the pointer should never be null
 15730 |     VmaAllocator allocator,
       |     ^
       |                  _Nonnull
/data/data/com.termux/files/home/ExynosTools-LSFG/external/VulkanMemoryAllocator/include/vk_mem_alloc.h:15741:5: warning: pointer is missing a nullability type specifier (_Nonnull, _Nullable, or _Null_unspecified) [-Wnullability-completeness]
 15741 |     VmaAllocator allocator,
       |     ^
/data/data/com.termux/files/home/ExynosTools-LSFG/external/VulkanMemoryAllocator/include/vk_mem_alloc.h:15741:5: note: insert '_Nullable' if the pointer may be null
 15741 |     VmaAllocator allocator,
       |     ^
       |                  _Nullable
/data/data/com.termux/files/home/ExynosTools-LSFG/external/VulkanMemoryAllocator/include/vk_mem_alloc.h:15741:5: note: insert '_Nonnull' if the pointer should never be null
 15741 |     VmaAllocator allocator,
       |     ^
       |                  _Nonnull
/data/data/com.termux/files/home/ExynosTools-LSFG/external/VulkanMemoryAllocator/include/vk_mem_alloc.h:15742:23: warning: pointer is missing a nullability type specifier (_Nonnull, _Nullable, or _Null_unspecified) [-Wnullability-completeness]
 15742 |     VmaTotalStatistics* pStats)
       |                       ^
/data/data/com.termux/files/home/ExynosTools-LSFG/external/VulkanMemoryAllocator/include/vk_mem_alloc.h:15742:23: note: insert '_Nullable' if the pointer may be null
 15742 |     VmaTotalStatistics* pStats)
       |                       ^
       |                         _Nullable
/data/data/com.termux/files/home/ExynosTools-LSFG/external/VulkanMemoryAllocator/include/vk_mem_alloc.h:15742:23: note: insert '_Nonnull' if the pointer should never be null
 15742 |     VmaTotalStatistics* pStats)
       |                       ^
       |                         _Nonnull
/data/data/com.termux/files/home/ExynosTools-LSFG/external/VulkanMemoryAllocator/include/vk_mem_alloc.h:15750:5: warning: pointer is missing a nullability type specifier (_Nonnull, _Nullable, or _Null_unspecified) [-Wnullability-completeness]
 15750 |     VmaAllocator allocator,
       |     ^
/data/data/com.termux/files/home/ExynosTools-LSFG/external/VulkanMemoryAllocator/include/vk_mem_alloc.h:15750:5: note: insert '_Nullable' if the pointer may be null
 15750 |     VmaAllocator allocator,
       |     ^
       |                  _Nullable
/data/data/com.termux/files/home/ExynosTools-LSFG/external/VulkanMemoryAllocator/include/vk_mem_alloc.h:15750:5: note: insert '_Nonnull' if the pointer should never be null
 15750 |     VmaAllocator allocator,
       |     ^
       |                  _Nonnull
/data/data/com.termux/files/home/ExynosTools-LSFG/external/VulkanMemoryAllocator/include/vk_mem_alloc.h:15751:14: warning: pointer is missing a nullability type specifier (_Nonnull, _Nullable, or _Null_unspecified) [-Wnullability-completeness]
 15751 |     VmaBudget* pBudgets)
       |              ^
/data/data/com.termux/files/home/ExynosTools-LSFG/external/VulkanMemoryAllocator/include/vk_mem_alloc.h:15751:14: note: insert '_Nullable' if the pointer may be null
 15751 |     VmaBudget* pBudgets)
       |              ^
       |                _Nullable
/data/data/com.termux/files/home/ExynosTools-LSFG/external/VulkanMemoryAllocator/include/vk_mem_alloc.h:15751:14: note: insert '_Nonnull' if the pointer should never be null
 15751 |     VmaBudget* pBudgets)
       |              ^
       |                _Nonnull
/data/data/com.termux/files/home/ExynosTools-LSFG/external/VulkanMemoryAllocator/include/vk_mem_alloc.h:15761:5: warning: pointer is missing a nullability type specifier (_Nonnull, _Nullable, or _Null_unspecified) [-Wnullability-completeness]
 15761 |     VmaAllocator allocator,
       |     ^
/data/data/com.termux/files/home/ExynosTools-LSFG/external/VulkanMemoryAllocator/include/vk_mem_alloc.h:15761:5: note: insert '_Nullable' if the pointer may be null
 15761 |     VmaAllocator allocator,
       |     ^
       |                  _Nullable
/data/data/com.termux/files/home/ExynosTools-LSFG/external/VulkanMemoryAllocator/include/vk_mem_alloc.h:15761:5: note: insert '_Nonnull' if the pointer should never be null
 15761 |     VmaAllocator allocator,
       |     ^
       |                  _Nonnull
/data/data/com.termux/files/home/ExynosTools-LSFG/external/VulkanMemoryAllocator/include/vk_mem_alloc.h:15762:9: warning: pointer is missing a nullability type specifier (_Nonnull, _Nullable, or _Null_unspecified) [-Wnullability-completeness]
 15762 |     char** ppStatsString,
       |         ^
/data/data/com.termux/files/home/ExynosTools-LSFG/external/VulkanMemoryAllocator/include/vk_mem_alloc.h:15762:9: note: insert '_Nullable' if the pointer may be null
 15762 |     char** ppStatsString,
       |         ^
       |          _Nullable
/data/data/com.termux/files/home/ExynosTools-LSFG/external/VulkanMemoryAllocator/include/vk_mem_alloc.h:15762:9: note: insert '_Nonnull' if the pointer should never be null
 15762 |     char** ppStatsString,
       |         ^
       |          _Nonnull
/data/data/com.termux/files/home/ExynosTools-LSFG/external/VulkanMemoryAllocator/include/vk_mem_alloc.h:15762:10: warning: pointer is missing a nullability type specifier (_Nonnull, _Nullable, or _Null_unspecified) [-Wnullability-completeness]
 15762 |     char** ppStatsString,
       |          ^
/data/data/com.termux/files/home/ExynosTools-LSFG/external/VulkanMemoryAllocator/include/vk_mem_alloc.h:15762:10: note: insert '_Nullable' if the pointer may be null
 15762 |     char** ppStatsString,
       |          ^
       |            _Nullable
/data/data/com.termux/files/home/ExynosTools-LSFG/external/VulkanMemoryAllocator/include/vk_mem_alloc.h:15762:10: note: insert '_Nonnull' if the pointer should never be null
 15762 |     char** ppStatsString,
       |          ^
       |            _Nonnull
/data/data/com.termux/files/home/ExynosTools-LSFG/external/VulkanMemoryAllocator/include/vk_mem_alloc.h:15948:5: warning: pointer is missing a nullability type specifier (_Nonnull, _Nullable, or _Null_unspecified) [-Wnullability-completeness]
 15948 |     VmaAllocator allocator,
       |     ^
/data/data/com.termux/files/home/ExynosTools-LSFG/external/VulkanMemoryAllocator/include/vk_mem_alloc.h:15948:5: note: insert '_Nullable' if the pointer may be null
 15948 |     VmaAllocator allocator,
       |     ^
       |                  _Nullable
/data/data/com.termux/files/home/ExynosTools-LSFG/external/VulkanMemoryAllocator/include/vk_mem_alloc.h:15948:5: note: insert '_Nonnull' if the pointer should never be null
 15948 |     VmaAllocator allocator,
       |     ^
       |                  _Nonnull
/data/data/com.termux/files/home/ExynosTools-LSFG/external/VulkanMemoryAllocator/include/vk_mem_alloc.h:15949:9: warning: pointer is missing a nullability type specifier (_Nonnull, _Nullable, or _Null_unspecified) [-Wnullability-completeness]
 15949 |     char* pStatsString)
       |         ^
/data/data/com.termux/files/home/ExynosTools-LSFG/external/VulkanMemoryAllocator/include/vk_mem_alloc.h:15949:9: note: insert '_Nullable' if the pointer may be null
 15949 |     char* pStatsString)
       |         ^
       |           _Nullable
/data/data/com.termux/files/home/ExynosTools-LSFG/external/VulkanMemoryAllocator/include/vk_mem_alloc.h:15949:9: note: insert '_Nonnull' if the pointer should never be null
 15949 |     char* pStatsString)
       |         ^
       |           _Nonnull
/data/data/com.termux/files/home/ExynosTools-LSFG/external/VulkanMemoryAllocator/include/vk_mem_alloc.h:15964:5: warning: pointer is missing a nullability type specifier (_Nonnull, _Nullable, or _Null_unspecified) [-Wnullability-completeness]
 15964 |     VmaAllocator allocator,
       |     ^
/data/data/com.termux/files/home/ExynosTools-LSFG/external/VulkanMemoryAllocator/include/vk_mem_alloc.h:15964:5: note: insert '_Nullable' if the pointer may be null
 15964 |     VmaAllocator allocator,
       |     ^
       |                  _Nullable
/data/data/com.termux/files/home/ExynosTools-LSFG/external/VulkanMemoryAllocator/include/vk_mem_alloc.h:15964:5: note: insert '_Nonnull' if the pointer should never be null
 15964 |     VmaAllocator allocator,
       |     ^
       |                  _Nonnull
/data/data/com.termux/files/home/ExynosTools-LSFG/external/VulkanMemoryAllocator/include/vk_mem_alloc.h:15966:34: warning: pointer is missing a nullability type specifier (_Nonnull, _Nullable, or _Null_unspecified) [-Wnullability-completeness]
 15966 |     const VmaAllocationCreateInfo* pAllocationCreateInfo,
       |                                  ^
/data/data/com.termux/files/home/ExynosTools-LSFG/external/VulkanMemoryAllocator/include/vk_mem_alloc.h:15966:34: note: insert '_Nullable' if the pointer may be null
 15966 |     const VmaAllocationCreateInfo* pAllocationCreateInfo,
       |                                  ^
       |                                    _Nullable
/data/data/com.termux/files/home/ExynosTools-LSFG/external/VulkanMemoryAllocator/include/vk_mem_alloc.h:15966:34: note: insert '_Nonnull' if the pointer should never be null
 15966 |     const VmaAllocationCreateInfo* pAllocationCreateInfo,
       |                                  ^
       |                                    _Nonnull
/data/data/com.termux/files/home/ExynosTools-LSFG/external/VulkanMemoryAllocator/include/vk_mem_alloc.h:15967:13: warning: pointer is missing a nullability type specifier (_Nonnull, _Nullable, or _Null_unspecified) [-Wnullability-completeness]
 15967 |     uint32_t* pMemoryTypeIndex)
       |             ^
/data/data/com.termux/files/home/ExynosTools-LSFG/external/VulkanMemoryAllocator/include/vk_mem_alloc.h:15967:13: note: insert '_Nullable' if the pointer may be null
 15967 |     uint32_t* pMemoryTypeIndex)
       |             ^
       |               _Nullable
/data/data/com.termux/files/home/ExynosTools-LSFG/external/VulkanMemoryAllocator/include/vk_mem_alloc.h:15967:13: note: insert '_Nonnull' if the pointer should never be null
 15967 |     uint32_t* pMemoryTypeIndex)
       |             ^
       |               _Nonnull
/data/data/com.termux/files/home/ExynosTools-LSFG/external/VulkanMemoryAllocator/include/vk_mem_alloc.h:15977:5: warning: pointer is missing a nullability type specifier (_Nonnull, _Nullable, or _Null_unspecified) [-Wnullability-completeness]
 15977 |     VmaAllocator allocator,
       |     ^
/data/data/com.termux/files/home/ExynosTools-LSFG/external/VulkanMemoryAllocator/include/vk_mem_alloc.h:15977:5: note: insert '_Nullable' if the pointer may be null
 15977 |     VmaAllocator allocator,
       |     ^
       |                  _Nullable
/data/data/com.termux/files/home/ExynosTools-LSFG/external/VulkanMemoryAllocator/include/vk_mem_alloc.h:15977:5: note: insert '_Nonnull' if the pointer should never be null
 15977 |     VmaAllocator allocator,
       |     ^
       |                  _Nonnull
/data/data/com.termux/files/home/ExynosTools-LSFG/external/VulkanMemoryAllocator/include/vk_mem_alloc.h:15978:29: warning: pointer is missing a nullability type specifier (_Nonnull, _Nullable, or _Null_unspecified) [-Wnullability-completeness]
 15978 |     const VkBufferCreateInfo* pBufferCreateInfo,
       |                             ^
/data/data/com.termux/files/home/ExynosTools-LSFG/external/VulkanMemoryAllocator/include/vk_mem_alloc.h:15978:29: note: insert '_Nullable' if the pointer may be null
 15978 |     const VkBufferCreateInfo* pBufferCreateInfo,
       |                             ^
       |                               _Nullable
/data/data/com.termux/files/home/ExynosTools-LSFG/external/VulkanMemoryAllocator/include/vk_mem_alloc.h:15978:29: note: insert '_Nonnull' if the pointer should never be null
 15978 |     const VkBufferCreateInfo* pBufferCreateInfo,
       |                             ^
       |                               _Nonnull
/data/data/com.termux/files/home/ExynosTools-LSFG/external/VulkanMemoryAllocator/include/vk_mem_alloc.h:15979:34: warning: pointer is missing a nullability type specifier (_Nonnull, _Nullable, or _Null_unspecified) [-Wnullability-completeness]
 15979 |     const VmaAllocationCreateInfo* pAllocationCreateInfo,
       |                                  ^
/data/data/com.termux/files/home/ExynosTools-LSFG/external/VulkanMemoryAllocator/include/vk_mem_alloc.h:15979:34: note: insert '_Nullable' if the pointer may be null
 15979 |     const VmaAllocationCreateInfo* pAllocationCreateInfo,
       |                                  ^
       |                                    _Nullable
/data/data/com.termux/files/home/ExynosTools-LSFG/external/VulkanMemoryAllocator/include/vk_mem_alloc.h:15979:34: note: insert '_Nonnull' if the pointer should never be null
 15979 |     const VmaAllocationCreateInfo* pAllocationCreateInfo,
       |                                  ^
       |                                    _Nonnull
/data/data/com.termux/files/home/ExynosTools-LSFG/external/VulkanMemoryAllocator/include/vk_mem_alloc.h:15980:13: warning: pointer is missing a nullability type specifier (_Nonnull, _Nullable, or _Null_unspecified) [-Wnullability-completeness]
 15980 |     uint32_t* pMemoryTypeIndex)
       |             ^
/data/data/com.termux/files/home/ExynosTools-LSFG/external/VulkanMemoryAllocator/include/vk_mem_alloc.h:15980:13: note: insert '_Nullable' if the pointer may be null
 15980 |     uint32_t* pMemoryTypeIndex)
       |             ^
       |               _Nullable
/data/data/com.termux/files/home/ExynosTools-LSFG/external/VulkanMemoryAllocator/include/vk_mem_alloc.h:15980:13: note: insert '_Nonnull' if the pointer should never be null
 15980 |     uint32_t* pMemoryTypeIndex)
       |             ^
       |               _Nonnull
/data/data/com.termux/files/home/ExynosTools-LSFG/external/VulkanMemoryAllocator/include/vk_mem_alloc.h:16028:5: warning: pointer is missing a nullability type specifier (_Nonnull, _Nullable, or _Null_unspecified) [-Wnullability-completeness]
 16028 |     VmaAllocator allocator,
       |     ^
/data/data/com.termux/files/home/ExynosTools-LSFG/external/VulkanMemoryAllocator/include/vk_mem_alloc.h:16028:5: note: insert '_Nullable' if the pointer may be null
 16028 |     VmaAllocator allocator,
       |     ^
       |                  _Nullable
/data/data/com.termux/files/home/ExynosTools-LSFG/external/VulkanMemoryAllocator/include/vk_mem_alloc.h:16028:5: note: insert '_Nonnull' if the pointer should never be null
 16028 |     VmaAllocator allocator,
       |     ^
       |                  _Nonnull
/data/data/com.termux/files/home/ExynosTools-LSFG/external/VulkanMemoryAllocator/include/vk_mem_alloc.h:16029:28: warning: pointer is missing a nullability type specifier (_Nonnull, _Nullable, or _Null_unspecified) [-Wnullability-completeness]
 16029 |     const VkImageCreateInfo* pImageCreateInfo,
       |                            ^
/data/data/com.termux/files/home/ExynosTools-LSFG/external/VulkanMemoryAllocator/include/vk_mem_alloc.h:16029:28: note: insert '_Nullable' if the pointer may be null
 16029 |     const VkImageCreateInfo* pImageCreateInfo,
       |                            ^
       |                              _Nullable
/data/data/com.termux/files/home/ExynosTools-LSFG/external/VulkanMemoryAllocator/include/vk_mem_alloc.h:16029:28: note: insert '_Nonnull' if the pointer should never be null
 16029 |     const VkImageCreateInfo* pImageCreateInfo,
       |                            ^
       |                              _Nonnull
/data/data/com.termux/files/home/ExynosTools-LSFG/external/VulkanMemoryAllocator/include/vk_mem_alloc.h:16030:34: warning: pointer is missing a nullability type specifier (_Nonnull, _Nullable, or _Null_unspecified) [-Wnullability-completeness]
 16030 |     const VmaAllocationCreateInfo* pAllocationCreateInfo,
       |                                  ^
/data/data/com.termux/files/home/ExynosTools-LSFG/external/VulkanMemoryAllocator/include/vk_mem_alloc.h:16030:34: note: insert '_Nullable' if the pointer may be null
 16030 |     const VmaAllocationCreateInfo* pAllocationCreateInfo,
       |                                  ^
       |                                    _Nullable
/data/data/com.termux/files/home/ExynosTools-LSFG/external/VulkanMemoryAllocator/include/vk_mem_alloc.h:16030:34: note: insert '_Nonnull' if the pointer should never be null
 16030 |     const VmaAllocationCreateInfo* pAllocationCreateInfo,
       |                                  ^
       |                                    _Nonnull
/data/data/com.termux/files/home/ExynosTools-LSFG/external/VulkanMemoryAllocator/include/vk_mem_alloc.h:16031:13: warning: pointer is missing a nullability type specifier (_Nonnull, _Nullable, or _Null_unspecified) [-Wnullability-completeness]
 16031 |     uint32_t* pMemoryTypeIndex)
       |             ^
/data/data/com.termux/files/home/ExynosTools-LSFG/external/VulkanMemoryAllocator/include/vk_mem_alloc.h:16031:13: note: insert '_Nullable' if the pointer may be null
 16031 |     uint32_t* pMemoryTypeIndex)
       |             ^
       |               _Nullable
/data/data/com.termux/files/home/ExynosTools-LSFG/external/VulkanMemoryAllocator/include/vk_mem_alloc.h:16031:13: note: insert '_Nonnull' if the pointer should never be null
 16031 |     uint32_t* pMemoryTypeIndex)
       |             ^
       |               _Nonnull
/data/data/com.termux/files/home/ExynosTools-LSFG/external/VulkanMemoryAllocator/include/vk_mem_alloc.h:16081:5: warning: pointer is missing a nullability type specifier (_Nonnull, _Nullable, or _Null_unspecified) [-Wnullability-completeness]
 16081 |     VmaAllocator allocator,
       |     ^
/data/data/com.termux/files/home/ExynosTools-LSFG/external/VulkanMemoryAllocator/include/vk_mem_alloc.h:16081:5: note: insert '_Nullable' if the pointer may be null
 16081 |     VmaAllocator allocator,
       |     ^
       |                  _Nullable
/data/data/com.termux/files/home/ExynosTools-LSFG/external/VulkanMemoryAllocator/include/vk_mem_alloc.h:16081:5: note: insert '_Nonnull' if the pointer should never be null
 16081 |     VmaAllocator allocator,
       |     ^
       |                  _Nonnull
/data/data/com.termux/files/home/ExynosTools-LSFG/external/VulkanMemoryAllocator/include/vk_mem_alloc.h:16082:28: warning: pointer is missing a nullability type specifier (_Nonnull, _Nullable, or _Null_unspecified) [-Wnullability-completeness]
 16082 |     const VmaPoolCreateInfo* pCreateInfo,
       |                            ^
/data/data/com.termux/files/home/ExynosTools-LSFG/external/VulkanMemoryAllocator/include/vk_mem_alloc.h:16082:28: note: insert '_Nullable' if the pointer may be null
 16082 |     const VmaPoolCreateInfo* pCreateInfo,
       |                            ^
       |                              _Nullable
/data/data/com.termux/files/home/ExynosTools-LSFG/external/VulkanMemoryAllocator/include/vk_mem_alloc.h:16082:28: note: insert '_Nonnull' if the pointer should never be null
 16082 |     const VmaPoolCreateInfo* pCreateInfo,
       |                            ^
       |                              _Nonnull
/data/data/com.termux/files/home/ExynosTools-LSFG/external/VulkanMemoryAllocator/include/vk_mem_alloc.h:16083:5: warning: pointer is missing a nullability type specifier (_Nonnull, _Nullable, or _Null_unspecified) [-Wnullability-completeness]
 16083 |     VmaPool* pPool)
       |     ^
/data/data/com.termux/files/home/ExynosTools-LSFG/external/VulkanMemoryAllocator/include/vk_mem_alloc.h:16083:5: note: insert '_Nullable' if the pointer may be null
 16083 |     VmaPool* pPool)
       |     ^      
       |             _Nullable 
/data/data/com.termux/files/home/ExynosTools-LSFG/external/VulkanMemoryAllocator/include/vk_mem_alloc.h:16083:5: note: insert '_Nonnull' if the pointer should never be null
 16083 |     VmaPool* pPool)
       |     ^      
       |             _Nonnull 
/data/data/com.termux/files/home/ExynosTools-LSFG/external/VulkanMemoryAllocator/include/vk_mem_alloc.h:16083:12: warning: pointer is missing a nullability type specifier (_Nonnull, _Nullable, or _Null_unspecified) [-Wnullability-completeness]
 16083 |     VmaPool* pPool)
       |            ^
/data/data/com.termux/files/home/ExynosTools-LSFG/external/VulkanMemoryAllocator/include/vk_mem_alloc.h:16083:12: note: insert '_Nullable' if the pointer may be null
 16083 |     VmaPool* pPool)
       |            ^
       |              _Nullable
/data/data/com.termux/files/home/ExynosTools-LSFG/external/VulkanMemoryAllocator/include/vk_mem_alloc.h:16083:12: note: insert '_Nonnull' if the pointer should never be null
 16083 |     VmaPool* pPool)
       |            ^
       |              _Nonnull
/data/data/com.termux/files/home/ExynosTools-LSFG/external/VulkanMemoryAllocator/include/vk_mem_alloc.h:16095:5: warning: pointer is missing a nullability type specifier (_Nonnull, _Nullable, or _Null_unspecified) [-Wnullability-completeness]
 16095 |     VmaAllocator allocator,
       |     ^
/data/data/com.termux/files/home/ExynosTools-LSFG/external/VulkanMemoryAllocator/include/vk_mem_alloc.h:16095:5: note: insert '_Nullable' if the pointer may be null
 16095 |     VmaAllocator allocator,
       |     ^
       |                  _Nullable
/data/data/com.termux/files/home/ExynosTools-LSFG/external/VulkanMemoryAllocator/include/vk_mem_alloc.h:16095:5: note: insert '_Nonnull' if the pointer should never be null
 16095 |     VmaAllocator allocator,
       |     ^
       |                  _Nonnull
/data/data/com.termux/files/home/ExynosTools-LSFG/external/VulkanMemoryAllocator/include/vk_mem_alloc.h:16096:5: warning: pointer is missing a nullability type specifier (_Nonnull, _Nullable, or _Null_unspecified) [-Wnullability-completeness]
 16096 |     VmaPool pool)
       |     ^
/data/data/com.termux/files/home/ExynosTools-LSFG/external/VulkanMemoryAllocator/include/vk_mem_alloc.h:16096:5: note: insert '_Nullable' if the pointer may be null
 16096 |     VmaPool pool)
       |     ^
       |             _Nullable
/data/data/com.termux/files/home/ExynosTools-LSFG/external/VulkanMemoryAllocator/include/vk_mem_alloc.h:16096:5: note: insert '_Nonnull' if the pointer should never be null
 16096 |     VmaPool pool)
       |     ^
       |             _Nonnull
/data/data/com.termux/files/home/ExynosTools-LSFG/external/VulkanMemoryAllocator/include/vk_mem_alloc.h:16113:5: warning: pointer is missing a nullability type specifier (_Nonnull, _Nullable, or _Null_unspecified) [-Wnullability-completeness]
 16113 |     VmaAllocator allocator,
       |     ^
/data/data/com.termux/files/home/ExynosTools-LSFG/external/VulkanMemoryAllocator/include/vk_mem_alloc.h:16113:5: note: insert '_Nullable' if the pointer may be null
 16113 |     VmaAllocator allocator,
       |     ^
       |                  _Nullable
/data/data/com.termux/files/home/ExynosTools-LSFG/external/VulkanMemoryAllocator/include/vk_mem_alloc.h:16113:5: note: insert '_Nonnull' if the pointer should never be null
 16113 |     VmaAllocator allocator,
       |     ^
       |                  _Nonnull
/data/data/com.termux/files/home/ExynosTools-LSFG/external/VulkanMemoryAllocator/include/vk_mem_alloc.h:16114:5: warning: pointer is missing a nullability type specifier (_Nonnull, _Nullable, or _Null_unspecified) [-Wnullability-completeness]
 16114 |     VmaPool pool,
       |     ^
/data/data/com.termux/files/home/ExynosTools-LSFG/external/VulkanMemoryAllocator/include/vk_mem_alloc.h:16114:5: note: insert '_Nullable' if the pointer may be null
 16114 |     VmaPool pool,
       |     ^
       |             _Nullable
/data/data/com.termux/files/home/ExynosTools-LSFG/external/VulkanMemoryAllocator/include/vk_mem_alloc.h:16114:5: note: insert '_Nonnull' if the pointer should never be null
 16114 |     VmaPool pool,
       |     ^
       |             _Nonnull
/data/data/com.termux/files/home/ExynosTools-LSFG/external/VulkanMemoryAllocator/include/vk_mem_alloc.h:16115:18: warning: pointer is missing a nullability type specifier (_Nonnull, _Nullable, or _Null_unspecified) [-Wnullability-completeness]
 16115 |     VmaStatistics* pPoolStats)
       |                  ^
/data/data/com.termux/files/home/ExynosTools-LSFG/external/VulkanMemoryAllocator/include/vk_mem_alloc.h:16115:18: note: insert '_Nullable' if the pointer may be null
 16115 |     VmaStatistics* pPoolStats)
       |                  ^
       |                    _Nullable
/data/data/com.termux/files/home/ExynosTools-LSFG/external/VulkanMemoryAllocator/include/vk_mem_alloc.h:16115:18: note: insert '_Nonnull' if the pointer should never be null
 16115 |     VmaStatistics* pPoolStats)
       |                  ^
       |                    _Nonnull
/data/data/com.termux/files/home/ExynosTools-LSFG/external/VulkanMemoryAllocator/include/vk_mem_alloc.h:16125:5: warning: pointer is missing a nullability type specifier (_Nonnull, _Nullable, or _Null_unspecified) [-Wnullability-completeness]
 16125 |     VmaAllocator allocator,
       |     ^
/data/data/com.termux/files/home/ExynosTools-LSFG/external/VulkanMemoryAllocator/include/vk_mem_alloc.h:16125:5: note: insert '_Nullable' if the pointer may be null
 16125 |     VmaAllocator allocator,
       |     ^
       |                  _Nullable
/data/data/com.termux/files/home/ExynosTools-LSFG/external/VulkanMemoryAllocator/include/vk_mem_alloc.h:16125:5: note: insert '_Nonnull' if the pointer should never be null
 16125 |     VmaAllocator allocator,
       |     ^
       |                  _Nonnull
/data/data/com.termux/files/home/ExynosTools-LSFG/external/VulkanMemoryAllocator/include/vk_mem_alloc.h:16126:5: warning: pointer is missing a nullability type specifier (_Nonnull, _Nullable, or _Null_unspecified) [-Wnullability-completeness]
 16126 |     VmaPool pool,
       |     ^
/data/data/com.termux/files/home/ExynosTools-LSFG/external/VulkanMemoryAllocator/include/vk_mem_alloc.h:16126:5: note: insert '_Nullable' if the pointer may be null
 16126 |     VmaPool pool,
       |     ^
       |             _Nullable
/data/data/com.termux/files/home/ExynosTools-LSFG/external/VulkanMemoryAllocator/include/vk_mem_alloc.h:16126:5: note: insert '_Nonnull' if the pointer should never be null
 16126 |     VmaPool pool,
       |     ^
       |             _Nonnull
/data/data/com.termux/files/home/ExynosTools-LSFG/external/VulkanMemoryAllocator/include/vk_mem_alloc.h:16127:26: warning: pointer is missing a nullability type specifier (_Nonnull, _Nullable, or _Null_unspecified) [-Wnullability-completeness]
 16127 |     VmaDetailedStatistics* pPoolStats)
       |                          ^
/data/data/com.termux/files/home/ExynosTools-LSFG/external/VulkanMemoryAllocator/include/vk_mem_alloc.h:16127:26: note: insert '_Nullable' if the pointer may be null
 16127 |     VmaDetailedStatistics* pPoolStats)
       |                          ^
       |                            _Nullable
/data/data/com.termux/files/home/ExynosTools-LSFG/external/VulkanMemoryAllocator/include/vk_mem_alloc.h:16127:26: note: insert '_Nonnull' if the pointer should never be null
 16127 |     VmaDetailedStatistics* pPoolStats)
       |                          ^
       |                            _Nonnull
/data/data/com.termux/files/home/ExynosTools-LSFG/external/VulkanMemoryAllocator/include/vk_mem_alloc.h:16136:60: warning: pointer is missing a nullability type specifier (_Nonnull, _Nullable, or _Null_unspecified) [-Wnullability-completeness]
 16136 | VMA_CALL_PRE VkResult VMA_CALL_POST vmaCheckPoolCorruption(VmaAllocator allocator, VmaPool pool)
       |                                                            ^
/data/data/com.termux/files/home/ExynosTools-LSFG/external/VulkanMemoryAllocator/include/vk_mem_alloc.h:16136:60: note: insert '_Nullable' if the pointer may be null
 16136 | VMA_CALL_PRE VkResult VMA_CALL_POST vmaCheckPoolCorruption(VmaAllocator allocator, VmaPool pool)
       |                                                            ^
       |                                                                         _Nullable
/data/data/com.termux/files/home/ExynosTools-LSFG/external/VulkanMemoryAllocator/include/vk_mem_alloc.h:16136:60: note: insert '_Nonnull' if the pointer should never be null
 16136 | VMA_CALL_PRE VkResult VMA_CALL_POST vmaCheckPoolCorruption(VmaAllocator allocator, VmaPool pool)
       |                                                            ^
       |                                                                         _Nonnull
/data/data/com.termux/files/home/ExynosTools-LSFG/external/VulkanMemoryAllocator/include/vk_mem_alloc.h:16136:84: warning: pointer is missing a nullability type specifier (_Nonnull, _Nullable, or _Null_unspecified) [-Wnullability-completeness]
 16136 | VMA_CALL_PRE VkResult VMA_CALL_POST vmaCheckPoolCorruption(VmaAllocator allocator, VmaPool pool)
       |                                                                                    ^
/data/data/com.termux/files/home/ExynosTools-LSFG/external/VulkanMemoryAllocator/include/vk_mem_alloc.h:16136:84: note: insert '_Nullable' if the pointer may be null
 16136 | VMA_CALL_PRE VkResult VMA_CALL_POST vmaCheckPoolCorruption(VmaAllocator allocator, VmaPool pool)
       |                                                                                    ^
       |                                                                                            _Nullable
/data/data/com.termux/files/home/ExynosTools-LSFG/external/VulkanMemoryAllocator/include/vk_mem_alloc.h:16136:84: note: insert '_Nonnull' if the pointer should never be null
 16136 | VMA_CALL_PRE VkResult VMA_CALL_POST vmaCheckPoolCorruption(VmaAllocator allocator, VmaPool pool)
       |                                                                                    ^
       |                                                                                            _Nonnull
/data/data/com.termux/files/home/ExynosTools-LSFG/external/VulkanMemoryAllocator/include/vk_mem_alloc.h:16148:5: warning: pointer is missing a nullability type specifier (_Nonnull, _Nullable, or _Null_unspecified) [-Wnullability-completeness]
 16148 |     VmaAllocator allocator,
       |     ^
/data/data/com.termux/files/home/ExynosTools-LSFG/external/VulkanMemoryAllocator/include/vk_mem_alloc.h:16148:5: note: insert '_Nullable' if the pointer may be null
 16148 |     VmaAllocator allocator,
       |     ^
       |                  _Nullable
/data/data/com.termux/files/home/ExynosTools-LSFG/external/VulkanMemoryAllocator/include/vk_mem_alloc.h:16148:5: note: insert '_Nonnull' if the pointer should never be null
 16148 |     VmaAllocator allocator,
       |     ^
       |                  _Nonnull
/data/data/com.termux/files/home/ExynosTools-LSFG/external/VulkanMemoryAllocator/include/vk_mem_alloc.h:16149:5: warning: pointer is missing a nullability type specifier (_Nonnull, _Nullable, or _Null_unspecified) [-Wnullability-completeness]
 16149 |     VmaPool pool,
       |     ^
/data/data/com.termux/files/home/ExynosTools-LSFG/external/VulkanMemoryAllocator/include/vk_mem_alloc.h:16149:5: note: insert '_Nullable' if the pointer may be null
 16149 |     VmaPool pool,
       |     ^
       |             _Nullable
/data/data/com.termux/files/home/ExynosTools-LSFG/external/VulkanMemoryAllocator/include/vk_mem_alloc.h:16149:5: note: insert '_Nonnull' if the pointer should never be null
 16149 |     VmaPool pool,
       |     ^
       |             _Nonnull
/data/data/com.termux/files/home/ExynosTools-LSFG/external/VulkanMemoryAllocator/include/vk_mem_alloc.h:16150:15: warning: pointer is missing a nullability type specifier (_Nonnull, _Nullable, or _Null_unspecified) [-Wnullability-completeness]
 16150 |     const char** ppName)
       |               ^
/data/data/com.termux/files/home/ExynosTools-LSFG/external/VulkanMemoryAllocator/include/vk_mem_alloc.h:16150:15: note: insert '_Nullable' if the pointer may be null
 16150 |     const char** ppName)
       |               ^
       |                _Nullable
/data/data/com.termux/files/home/ExynosTools-LSFG/external/VulkanMemoryAllocator/include/vk_mem_alloc.h:16150:15: note: insert '_Nonnull' if the pointer should never be null
 16150 |     const char** ppName)
       |               ^
       |                _Nonnull
/data/data/com.termux/files/home/ExynosTools-LSFG/external/VulkanMemoryAllocator/include/vk_mem_alloc.h:16150:16: warning: pointer is missing a nullability type specifier (_Nonnull, _Nullable, or _Null_unspecified) [-Wnullability-completeness]
 16150 |     const char** ppName)
       |                ^
/data/data/com.termux/files/home/ExynosTools-LSFG/external/VulkanMemoryAllocator/include/vk_mem_alloc.h:16150:16: note: insert '_Nullable' if the pointer may be null
 16150 |     const char** ppName)
       |                ^
       |                  _Nullable
/data/data/com.termux/files/home/ExynosTools-LSFG/external/VulkanMemoryAllocator/include/vk_mem_alloc.h:16150:16: note: insert '_Nonnull' if the pointer should never be null
 16150 |     const char** ppName)
       |                ^
       |                  _Nonnull
/data/data/com.termux/files/home/ExynosTools-LSFG/external/VulkanMemoryAllocator/include/vk_mem_alloc.h:16162:5: warning: pointer is missing a nullability type specifier (_Nonnull, _Nullable, or _Null_unspecified) [-Wnullability-completeness]
 16162 |     VmaAllocator allocator,
       |     ^
/data/data/com.termux/files/home/ExynosTools-LSFG/external/VulkanMemoryAllocator/include/vk_mem_alloc.h:16162:5: note: insert '_Nullable' if the pointer may be null
 16162 |     VmaAllocator allocator,
       |     ^
       |                  _Nullable
/data/data/com.termux/files/home/ExynosTools-LSFG/external/VulkanMemoryAllocator/include/vk_mem_alloc.h:16162:5: note: insert '_Nonnull' if the pointer should never be null
 16162 |     VmaAllocator allocator,
       |     ^
       |                  _Nonnull
/data/data/com.termux/files/home/ExynosTools-LSFG/external/VulkanMemoryAllocator/include/vk_mem_alloc.h:16163:5: warning: pointer is missing a nullability type specifier (_Nonnull, _Nullable, or _Null_unspecified) [-Wnullability-completeness]
 16163 |     VmaPool pool,
       |     ^
/data/data/com.termux/files/home/ExynosTools-LSFG/external/VulkanMemoryAllocator/include/vk_mem_alloc.h:16163:5: note: insert '_Nullable' if the pointer may be null
 16163 |     VmaPool pool,
       |     ^
       |             _Nullable
/data/data/com.termux/files/home/ExynosTools-LSFG/external/VulkanMemoryAllocator/include/vk_mem_alloc.h:16163:5: note: insert '_Nonnull' if the pointer should never be null
 16163 |     VmaPool pool,
       |     ^
       |             _Nonnull
/data/data/com.termux/files/home/ExynosTools-LSFG/external/VulkanMemoryAllocator/include/vk_mem_alloc.h:16164:15: warning: pointer is missing a nullability type specifier (_Nonnull, _Nullable, or _Null_unspecified) [-Wnullability-completeness]
 16164 |     const char* pName)
       |               ^
/data/data/com.termux/files/home/ExynosTools-LSFG/external/VulkanMemoryAllocator/include/vk_mem_alloc.h:16164:15: note: insert '_Nullable' if the pointer may be null
 16164 |     const char* pName)
       |               ^
       |                 _Nullable
/data/data/com.termux/files/home/ExynosTools-LSFG/external/VulkanMemoryAllocator/include/vk_mem_alloc.h:16164:15: note: insert '_Nonnull' if the pointer should never be null
 16164 |     const char* pName)
       |               ^
       |                 _Nonnull
/data/data/com.termux/files/home/ExynosTools-LSFG/external/VulkanMemoryAllocator/include/vk_mem_alloc.h:16176:5: warning: pointer is missing a nullability type specifier (_Nonnull, _Nullable, or _Null_unspecified) [-Wnullability-completeness]
 16176 |     VmaAllocator allocator,
       |     ^
/data/data/com.termux/files/home/ExynosTools-LSFG/external/VulkanMemoryAllocator/include/vk_mem_alloc.h:16176:5: note: insert '_Nullable' if the pointer may be null
 16176 |     VmaAllocator allocator,
       |     ^
       |                  _Nullable
/data/data/com.termux/files/home/ExynosTools-LSFG/external/VulkanMemoryAllocator/include/vk_mem_alloc.h:16176:5: note: insert '_Nonnull' if the pointer should never be null
 16176 |     VmaAllocator allocator,
       |     ^
       |                  _Nonnull
/data/data/com.termux/files/home/ExynosTools-LSFG/external/VulkanMemoryAllocator/include/vk_mem_alloc.h:16177:31: warning: pointer is missing a nullability type specifier (_Nonnull, _Nullable, or _Null_unspecified) [-Wnullability-completeness]
 16177 |     const VkMemoryRequirements* pVkMemoryRequirements,
       |                               ^
/data/data/com.termux/files/home/ExynosTools-LSFG/external/VulkanMemoryAllocator/include/vk_mem_alloc.h:16177:31: note: insert '_Nullable' if the pointer may be null
 16177 |     const VkMemoryRequirements* pVkMemoryRequirements,
       |                               ^
       |                                 _Nullable
/data/data/com.termux/files/home/ExynosTools-LSFG/external/VulkanMemoryAllocator/include/vk_mem_alloc.h:16177:31: note: insert '_Nonnull' if the pointer should never be null
 16177 |     const VkMemoryRequirements* pVkMemoryRequirements,
       |                               ^
       |                                 _Nonnull
/data/data/com.termux/files/home/ExynosTools-LSFG/external/VulkanMemoryAllocator/include/vk_mem_alloc.h:16178:34: warning: pointer is missing a nullability type specifier (_Nonnull, _Nullable, or _Null_unspecified) [-Wnullability-completeness]
 16178 |     const VmaAllocationCreateInfo* pCreateInfo,
       |                                  ^
/data/data/com.termux/files/home/ExynosTools-LSFG/external/VulkanMemoryAllocator/include/vk_mem_alloc.h:16178:34: note: insert '_Nullable' if the pointer may be null
 16178 |     const VmaAllocationCreateInfo* pCreateInfo,
       |                                  ^
       |                                    _Nullable
/data/data/com.termux/files/home/ExynosTools-LSFG/external/VulkanMemoryAllocator/include/vk_mem_alloc.h:16178:34: note: insert '_Nonnull' if the pointer should never be null
 16178 |     const VmaAllocationCreateInfo* pCreateInfo,
       |                                  ^
       |                                    _Nonnull
/data/data/com.termux/files/home/ExynosTools-LSFG/external/VulkanMemoryAllocator/include/vk_mem_alloc.h:16179:5: warning: pointer is missing a nullability type specifier (_Nonnull, _Nullable, or _Null_unspecified) [-Wnullability-completeness]
 16179 |     VmaAllocation* pAllocation,
       |     ^
/data/data/com.termux/files/home/ExynosTools-LSFG/external/VulkanMemoryAllocator/include/vk_mem_alloc.h:16179:5: note: insert '_Nullable' if the pointer may be null
 16179 |     VmaAllocation* pAllocation,
       |     ^            
       |                   _Nullable 
/data/data/com.termux/files/home/ExynosTools-LSFG/external/VulkanMemoryAllocator/include/vk_mem_alloc.h:16179:5: note: insert '_Nonnull' if the pointer should never be null
 16179 |     VmaAllocation* pAllocation,
       |     ^            
       |                   _Nonnull 
/data/data/com.termux/files/home/ExynosTools-LSFG/external/VulkanMemoryAllocator/include/vk_mem_alloc.h:16179:18: warning: pointer is missing a nullability type specifier (_Nonnull, _Nullable, or _Null_unspecified) [-Wnullability-completeness]
 16179 |     VmaAllocation* pAllocation,
       |                  ^
/data/data/com.termux/files/home/ExynosTools-LSFG/external/VulkanMemoryAllocator/include/vk_mem_alloc.h:16179:18: note: insert '_Nullable' if the pointer may be null
 16179 |     VmaAllocation* pAllocation,
       |                  ^
       |                    _Nullable
/data/data/com.termux/files/home/ExynosTools-LSFG/external/VulkanMemoryAllocator/include/vk_mem_alloc.h:16179:18: note: insert '_Nonnull' if the pointer should never be null
 16179 |     VmaAllocation* pAllocation,
       |                  ^
       |                    _Nonnull
/data/data/com.termux/files/home/ExynosTools-LSFG/external/VulkanMemoryAllocator/include/vk_mem_alloc.h:16180:22: warning: pointer is missing a nullability type specifier (_Nonnull, _Nullable, or _Null_unspecified) [-Wnullability-completeness]
 16180 |     VmaAllocationInfo* pAllocationInfo)
       |                      ^
/data/data/com.termux/files/home/ExynosTools-LSFG/external/VulkanMemoryAllocator/include/vk_mem_alloc.h:16180:22: note: insert '_Nullable' if the pointer may be null
 16180 |     VmaAllocationInfo* pAllocationInfo)
       |                      ^
       |                        _Nullable
/data/data/com.termux/files/home/ExynosTools-LSFG/external/VulkanMemoryAllocator/include/vk_mem_alloc.h:16180:22: note: insert '_Nonnull' if the pointer should never be null
 16180 |     VmaAllocationInfo* pAllocationInfo)
       |                      ^
       |                        _Nonnull
/data/data/com.termux/files/home/ExynosTools-LSFG/external/VulkanMemoryAllocator/include/vk_mem_alloc.h:16210:5: warning: pointer is missing a nullability type specifier (_Nonnull, _Nullable, or _Null_unspecified) [-Wnullability-completeness]
 16210 |     VmaAllocator allocator,
       |     ^
/data/data/com.termux/files/home/ExynosTools-LSFG/external/VulkanMemoryAllocator/include/vk_mem_alloc.h:16210:5: note: insert '_Nullable' if the pointer may be null
 16210 |     VmaAllocator allocator,
       |     ^
       |                  _Nullable
/data/data/com.termux/files/home/ExynosTools-LSFG/external/VulkanMemoryAllocator/include/vk_mem_alloc.h:16210:5: note: insert '_Nonnull' if the pointer should never be null
 16210 |     VmaAllocator allocator,
       |     ^
       |                  _Nonnull
/data/data/com.termux/files/home/ExynosTools-LSFG/external/VulkanMemoryAllocator/include/vk_mem_alloc.h:16211:31: warning: pointer is missing a nullability type specifier (_Nonnull, _Nullable, or _Null_unspecified) [-Wnullability-completeness]
 16211 |     const VkMemoryRequirements* pVkMemoryRequirements,
       |                               ^
/data/data/com.termux/files/home/ExynosTools-LSFG/external/VulkanMemoryAllocator/include/vk_mem_alloc.h:16211:31: note: insert '_Nullable' if the pointer may be null
 16211 |     const VkMemoryRequirements* pVkMemoryRequirements,
       |                               ^
       |                                 _Nullable
/data/data/com.termux/files/home/ExynosTools-LSFG/external/VulkanMemoryAllocator/include/vk_mem_alloc.h:16211:31: note: insert '_Nonnull' if the pointer should never be null
 16211 |     const VkMemoryRequirements* pVkMemoryRequirements,
       |                               ^
       |                                 _Nonnull
/data/data/com.termux/files/home/ExynosTools-LSFG/external/VulkanMemoryAllocator/include/vk_mem_alloc.h:16212:34: warning: pointer is missing a nullability type specifier (_Nonnull, _Nullable, or _Null_unspecified) [-Wnullability-completeness]
 16212 |     const VmaAllocationCreateInfo* pCreateInfo,
       |                                  ^
/data/data/com.termux/files/home/ExynosTools-LSFG/external/VulkanMemoryAllocator/include/vk_mem_alloc.h:16212:34: note: insert '_Nullable' if the pointer may be null
 16212 |     const VmaAllocationCreateInfo* pCreateInfo,
       |                                  ^
       |                                    _Nullable
/data/data/com.termux/files/home/ExynosTools-LSFG/external/VulkanMemoryAllocator/include/vk_mem_alloc.h:16212:34: note: insert '_Nonnull' if the pointer should never be null
 16212 |     const VmaAllocationCreateInfo* pCreateInfo,
       |                                  ^
       |                                    _Nonnull
/data/data/com.termux/files/home/ExynosTools-LSFG/external/VulkanMemoryAllocator/include/vk_mem_alloc.h:16213:9: warning: pointer is missing a nullability type specifier (_Nonnull, _Nullable, or _Null_unspecified) [-Wnullability-completeness]
 16213 |     void* pMemoryAllocateNext,
       |         ^
/data/data/com.termux/files/home/ExynosTools-LSFG/external/VulkanMemoryAllocator/include/vk_mem_alloc.h:16213:9: note: insert '_Nullable' if the pointer may be null
 16213 |     void* pMemoryAllocateNext,
       |         ^
       |           _Nullable
/data/data/com.termux/files/home/ExynosTools-LSFG/external/VulkanMemoryAllocator/include/vk_mem_alloc.h:16213:9: note: insert '_Nonnull' if the pointer should never be null
 16213 |     void* pMemoryAllocateNext,
       |         ^
       |           _Nonnull
/data/data/com.termux/files/home/ExynosTools-LSFG/external/VulkanMemoryAllocator/include/vk_mem_alloc.h:16214:5: warning: pointer is missing a nullability type specifier (_Nonnull, _Nullable, or _Null_unspecified) [-Wnullability-completeness]
 16214 |     VmaAllocation* pAllocation,
       |     ^
/data/data/com.termux/files/home/ExynosTools-LSFG/external/VulkanMemoryAllocator/include/vk_mem_alloc.h:16214:5: note: insert '_Nullable' if the pointer may be null
 16214 |     VmaAllocation* pAllocation,
       |     ^            
       |                   _Nullable 
/data/data/com.termux/files/home/ExynosTools-LSFG/external/VulkanMemoryAllocator/include/vk_mem_alloc.h:16214:5: note: insert '_Nonnull' if the pointer should never be null
 16214 |     VmaAllocation* pAllocation,
       |     ^            
       |                   _Nonnull 
/data/data/com.termux/files/home/ExynosTools-LSFG/external/VulkanMemoryAllocator/include/vk_mem_alloc.h:16214:18: warning: pointer is missing a nullability type specifier (_Nonnull, _Nullable, or _Null_unspecified) [-Wnullability-completeness]
 16214 |     VmaAllocation* pAllocation,
       |                  ^
/data/data/com.termux/files/home/ExynosTools-LSFG/external/VulkanMemoryAllocator/include/vk_mem_alloc.h:16214:18: note: insert '_Nullable' if the pointer may be null
 16214 |     VmaAllocation* pAllocation,
       |                  ^
       |                    _Nullable
/data/data/com.termux/files/home/ExynosTools-LSFG/external/VulkanMemoryAllocator/include/vk_mem_alloc.h:16214:18: note: insert '_Nonnull' if the pointer should never be null
 16214 |     VmaAllocation* pAllocation,
       |                  ^
       |                    _Nonnull
/data/data/com.termux/files/home/ExynosTools-LSFG/external/VulkanMemoryAllocator/include/vk_mem_alloc.h:16215:22: warning: pointer is missing a nullability type specifier (_Nonnull, _Nullable, or _Null_unspecified) [-Wnullability-completeness]
 16215 |     VmaAllocationInfo* pAllocationInfo)
       |                      ^
/data/data/com.termux/files/home/ExynosTools-LSFG/external/VulkanMemoryAllocator/include/vk_mem_alloc.h:16215:22: note: insert '_Nullable' if the pointer may be null
 16215 |     VmaAllocationInfo* pAllocationInfo)
       |                      ^
       |                        _Nullable
/data/data/com.termux/files/home/ExynosTools-LSFG/external/VulkanMemoryAllocator/include/vk_mem_alloc.h:16215:22: note: insert '_Nonnull' if the pointer should never be null
 16215 |     VmaAllocationInfo* pAllocationInfo)
       |                      ^
       |                        _Nonnull
/data/data/com.termux/files/home/ExynosTools-LSFG/external/VulkanMemoryAllocator/include/vk_mem_alloc.h:16245:5: warning: pointer is missing a nullability type specifier (_Nonnull, _Nullable, or _Null_unspecified) [-Wnullability-completeness]
 16245 |     VmaAllocator allocator,
       |     ^
/data/data/com.termux/files/home/ExynosTools-LSFG/external/VulkanMemoryAllocator/include/vk_mem_alloc.h:16245:5: note: insert '_Nullable' if the pointer may be null
 16245 |     VmaAllocator allocator,
       |     ^
       |                  _Nullable
/data/data/com.termux/files/home/ExynosTools-LSFG/external/VulkanMemoryAllocator/include/vk_mem_alloc.h:16245:5: note: insert '_Nonnull' if the pointer should never be null
 16245 |     VmaAllocator allocator,
       |     ^
       |                  _Nonnull
/data/data/com.termux/files/home/ExynosTools-LSFG/external/VulkanMemoryAllocator/include/vk_mem_alloc.h:16246:31: warning: pointer is missing a nullability type specifier (_Nonnull, _Nullable, or _Null_unspecified) [-Wnullability-completeness]
 16246 |     const VkMemoryRequirements* pVkMemoryRequirements,
       |                               ^
/data/data/com.termux/files/home/ExynosTools-LSFG/external/VulkanMemoryAllocator/include/vk_mem_alloc.h:16246:31: note: insert '_Nullable' if the pointer may be null
 16246 |     const VkMemoryRequirements* pVkMemoryRequirements,
       |                               ^
       |                                 _Nullable
/data/data/com.termux/files/home/ExynosTools-LSFG/external/VulkanMemoryAllocator/include/vk_mem_alloc.h:16246:31: note: insert '_Nonnull' if the pointer should never be null
 16246 |     const VkMemoryRequirements* pVkMemoryRequirements,
       |                               ^
       |                                 _Nonnull
/data/data/com.termux/files/home/ExynosTools-LSFG/external/VulkanMemoryAllocator/include/vk_mem_alloc.h:16247:34: warning: pointer is missing a nullability type specifier (_Nonnull, _Nullable, or _Null_unspecified) [-Wnullability-completeness]
 16247 |     const VmaAllocationCreateInfo* pCreateInfo,
       |                                  ^
/data/data/com.termux/files/home/ExynosTools-LSFG/external/VulkanMemoryAllocator/include/vk_mem_alloc.h:16247:34: note: insert '_Nullable' if the pointer may be null
 16247 |     const VmaAllocationCreateInfo* pCreateInfo,
       |                                  ^
       |                                    _Nullable
/data/data/com.termux/files/home/ExynosTools-LSFG/external/VulkanMemoryAllocator/include/vk_mem_alloc.h:16247:34: note: insert '_Nonnull' if the pointer should never be null
 16247 |     const VmaAllocationCreateInfo* pCreateInfo,
       |                                  ^
       |                                    _Nonnull
/data/data/com.termux/files/home/ExynosTools-LSFG/external/VulkanMemoryAllocator/include/vk_mem_alloc.h:16249:5: warning: pointer is missing a nullability type specifier (_Nonnull, _Nullable, or _Null_unspecified) [-Wnullability-completeness]
 16249 |     VmaAllocation* pAllocations,
       |     ^
/data/data/com.termux/files/home/ExynosTools-LSFG/external/VulkanMemoryAllocator/include/vk_mem_alloc.h:16249:5: note: insert '_Nullable' if the pointer may be null
 16249 |     VmaAllocation* pAllocations,
       |     ^            
       |                   _Nullable 
/data/data/com.termux/files/home/ExynosTools-LSFG/external/VulkanMemoryAllocator/include/vk_mem_alloc.h:16249:5: note: insert '_Nonnull' if the pointer should never be null
 16249 |     VmaAllocation* pAllocations,
       |     ^            
       |                   _Nonnull 
/data/data/com.termux/files/home/ExynosTools-LSFG/external/VulkanMemoryAllocator/include/vk_mem_alloc.h:16249:18: warning: pointer is missing a nullability type specifier (_Nonnull, _Nullable, or _Null_unspecified) [-Wnullability-completeness]
 16249 |     VmaAllocation* pAllocations,
       |                  ^
/data/data/com.termux/files/home/ExynosTools-LSFG/external/VulkanMemoryAllocator/include/vk_mem_alloc.h:16249:18: note: insert '_Nullable' if the pointer may be null
 16249 |     VmaAllocation* pAllocations,
       |                  ^
       |                    _Nullable
/data/data/com.termux/files/home/ExynosTools-LSFG/external/VulkanMemoryAllocator/include/vk_mem_alloc.h:16249:18: note: insert '_Nonnull' if the pointer should never be null
 16249 |     VmaAllocation* pAllocations,
       |                  ^
       |                    _Nonnull
/data/data/com.termux/files/home/ExynosTools-LSFG/external/VulkanMemoryAllocator/include/vk_mem_alloc.h:16250:22: warning: pointer is missing a nullability type specifier (_Nonnull, _Nullable, or _Null_unspecified) [-Wnullability-completeness]
 16250 |     VmaAllocationInfo* pAllocationInfo)
       |                      ^
/data/data/com.termux/files/home/ExynosTools-LSFG/external/VulkanMemoryAllocator/include/vk_mem_alloc.h:16250:22: note: insert '_Nullable' if the pointer may be null
 16250 |     VmaAllocationInfo* pAllocationInfo)
       |                      ^
       |                        _Nullable
/data/data/com.termux/files/home/ExynosTools-LSFG/external/VulkanMemoryAllocator/include/vk_mem_alloc.h:16250:22: note: insert '_Nonnull' if the pointer should never be null
 16250 |     VmaAllocationInfo* pAllocationInfo)
       |                      ^
       |                        _Nonnull
/data/data/com.termux/files/home/ExynosTools-LSFG/external/VulkanMemoryAllocator/include/vk_mem_alloc.h:16288:5: warning: pointer is missing a nullability type specifier (_Nonnull, _Nullable, or _Null_unspecified) [-Wnullability-completeness]
 16288 |     VmaAllocator allocator,
       |     ^
/data/data/com.termux/files/home/ExynosTools-LSFG/external/VulkanMemoryAllocator/include/vk_mem_alloc.h:16288:5: note: insert '_Nullable' if the pointer may be null
 16288 |     VmaAllocator allocator,
       |     ^
       |                  _Nullable
/data/data/com.termux/files/home/ExynosTools-LSFG/external/VulkanMemoryAllocator/include/vk_mem_alloc.h:16288:5: note: insert '_Nonnull' if the pointer should never be null
 16288 |     VmaAllocator allocator,
       |     ^
       |                  _Nonnull
/data/data/com.termux/files/home/ExynosTools-LSFG/external/VulkanMemoryAllocator/include/vk_mem_alloc.h:16289:5: warning: pointer is missing a nullability type specifier (_Nonnull, _Nullable, or _Null_unspecified) [-Wnullability-completeness]
 16289 |     VkBuffer buffer,
       |     ^
/data/data/com.termux/files/home/ExynosTools-LSFG/external/VulkanMemoryAllocator/include/vk_mem_alloc.h:16289:5: note: insert '_Nullable' if the pointer may be null
 16289 |     VkBuffer buffer,
       |     ^
       |              _Nullable
/data/data/com.termux/files/home/ExynosTools-LSFG/external/VulkanMemoryAllocator/include/vk_mem_alloc.h:16289:5: note: insert '_Nonnull' if the pointer should never be null
 16289 |     VkBuffer buffer,
       |     ^
       |              _Nonnull
/data/data/com.termux/files/home/ExynosTools-LSFG/external/VulkanMemoryAllocator/include/vk_mem_alloc.h:16290:34: warning: pointer is missing a nullability type specifier (_Nonnull, _Nullable, or _Null_unspecified) [-Wnullability-completeness]
 16290 |     const VmaAllocationCreateInfo* pCreateInfo,
       |                                  ^
/data/data/com.termux/files/home/ExynosTools-LSFG/external/VulkanMemoryAllocator/include/vk_mem_alloc.h:16290:34: note: insert '_Nullable' if the pointer may be null
 16290 |     const VmaAllocationCreateInfo* pCreateInfo,
       |                                  ^
       |                                    _Nullable
/data/data/com.termux/files/home/ExynosTools-LSFG/external/VulkanMemoryAllocator/include/vk_mem_alloc.h:16290:34: note: insert '_Nonnull' if the pointer should never be null
 16290 |     const VmaAllocationCreateInfo* pCreateInfo,
       |                                  ^
       |                                    _Nonnull
/data/data/com.termux/files/home/ExynosTools-LSFG/external/VulkanMemoryAllocator/include/vk_mem_alloc.h:16291:5: warning: pointer is missing a nullability type specifier (_Nonnull, _Nullable, or _Null_unspecified) [-Wnullability-completeness]
 16291 |     VmaAllocation* pAllocation,
       |     ^
/data/data/com.termux/files/home/ExynosTools-LSFG/external/VulkanMemoryAllocator/include/vk_mem_alloc.h:16291:5: note: insert '_Nullable' if the pointer may be null
 16291 |     VmaAllocation* pAllocation,
       |     ^            
       |                   _Nullable 
/data/data/com.termux/files/home/ExynosTools-LSFG/external/VulkanMemoryAllocator/include/vk_mem_alloc.h:16291:5: note: insert '_Nonnull' if the pointer should never be null
 16291 |     VmaAllocation* pAllocation,
       |     ^            
       |                   _Nonnull 
/data/data/com.termux/files/home/ExynosTools-LSFG/external/VulkanMemoryAllocator/include/vk_mem_alloc.h:16291:18: warning: pointer is missing a nullability type specifier (_Nonnull, _Nullable, or _Null_unspecified) [-Wnullability-completeness]
 16291 |     VmaAllocation* pAllocation,
       |                  ^
/data/data/com.termux/files/home/ExynosTools-LSFG/external/VulkanMemoryAllocator/include/vk_mem_alloc.h:16291:18: note: insert '_Nullable' if the pointer may be null
 16291 |     VmaAllocation* pAllocation,
       |                  ^
       |                    _Nullable
/data/data/com.termux/files/home/ExynosTools-LSFG/external/VulkanMemoryAllocator/include/vk_mem_alloc.h:16291:18: note: insert '_Nonnull' if the pointer should never be null
 16291 |     VmaAllocation* pAllocation,
       |                  ^
       |                    _Nonnull
/data/data/com.termux/files/home/ExynosTools-LSFG/external/VulkanMemoryAllocator/include/vk_mem_alloc.h:16292:22: warning: pointer is missing a nullability type specifier (_Nonnull, _Nullable, or _Null_unspecified) [-Wnullability-completeness]
 16292 |     VmaAllocationInfo* pAllocationInfo)
       |                      ^
/data/data/com.termux/files/home/ExynosTools-LSFG/external/VulkanMemoryAllocator/include/vk_mem_alloc.h:16292:22: note: insert '_Nullable' if the pointer may be null
 16292 |     VmaAllocationInfo* pAllocationInfo)
       |                      ^
       |                        _Nullable
/data/data/com.termux/files/home/ExynosTools-LSFG/external/VulkanMemoryAllocator/include/vk_mem_alloc.h:16292:22: note: insert '_Nonnull' if the pointer should never be null
 16292 |     VmaAllocationInfo* pAllocationInfo)
       |                      ^
       |                        _Nonnull
/data/data/com.termux/files/home/ExynosTools-LSFG/external/VulkanMemoryAllocator/include/vk_mem_alloc.h:16329:5: warning: pointer is missing a nullability type specifier (_Nonnull, _Nullable, or _Null_unspecified) [-Wnullability-completeness]
 16329 |     VmaAllocator allocator,
       |     ^
/data/data/com.termux/files/home/ExynosTools-LSFG/external/VulkanMemoryAllocator/include/vk_mem_alloc.h:16329:5: note: insert '_Nullable' if the pointer may be null
 16329 |     VmaAllocator allocator,
       |     ^
       |                  _Nullable
/data/data/com.termux/files/home/ExynosTools-LSFG/external/VulkanMemoryAllocator/include/vk_mem_alloc.h:16329:5: note: insert '_Nonnull' if the pointer should never be null
 16329 |     VmaAllocator allocator,
       |     ^
       |                  _Nonnull
/data/data/com.termux/files/home/ExynosTools-LSFG/external/VulkanMemoryAllocator/include/vk_mem_alloc.h:16330:5: warning: pointer is missing a nullability type specifier (_Nonnull, _Nullable, or _Null_unspecified) [-Wnullability-completeness]
 16330 |     VkImage image,
       |     ^
/data/data/com.termux/files/home/ExynosTools-LSFG/external/VulkanMemoryAllocator/include/vk_mem_alloc.h:16330:5: note: insert '_Nullable' if the pointer may be null
 16330 |     VkImage image,
       |     ^
       |             _Nullable
/data/data/com.termux/files/home/ExynosTools-LSFG/external/VulkanMemoryAllocator/include/vk_mem_alloc.h:16330:5: note: insert '_Nonnull' if the pointer should never be null
 16330 |     VkImage image,
       |     ^
       |             _Nonnull
/data/data/com.termux/files/home/ExynosTools-LSFG/external/VulkanMemoryAllocator/include/vk_mem_alloc.h:16331:34: warning: pointer is missing a nullability type specifier (_Nonnull, _Nullable, or _Null_unspecified) [-Wnullability-completeness]
 16331 |     const VmaAllocationCreateInfo* pCreateInfo,
       |                                  ^
/data/data/com.termux/files/home/ExynosTools-LSFG/external/VulkanMemoryAllocator/include/vk_mem_alloc.h:16331:34: note: insert '_Nullable' if the pointer may be null
 16331 |     const VmaAllocationCreateInfo* pCreateInfo,
       |                                  ^
       |                                    _Nullable
/data/data/com.termux/files/home/ExynosTools-LSFG/external/VulkanMemoryAllocator/include/vk_mem_alloc.h:16331:34: note: insert '_Nonnull' if the pointer should never be null
 16331 |     const VmaAllocationCreateInfo* pCreateInfo,
       |                                  ^
       |                                    _Nonnull
/data/data/com.termux/files/home/ExynosTools-LSFG/external/VulkanMemoryAllocator/include/vk_mem_alloc.h:16332:5: warning: pointer is missing a nullability type specifier (_Nonnull, _Nullable, or _Null_unspecified) [-Wnullability-completeness]
 16332 |     VmaAllocation* pAllocation,
       |     ^
/data/data/com.termux/files/home/ExynosTools-LSFG/external/VulkanMemoryAllocator/include/vk_mem_alloc.h:16332:5: note: insert '_Nullable' if the pointer may be null
 16332 |     VmaAllocation* pAllocation,
       |     ^            
       |                   _Nullable 
/data/data/com.termux/files/home/ExynosTools-LSFG/external/VulkanMemoryAllocator/include/vk_mem_alloc.h:16332:5: note: insert '_Nonnull' if the pointer should never be null
 16332 |     VmaAllocation* pAllocation,
       |     ^            
       |                   _Nonnull 
/data/data/com.termux/files/home/ExynosTools-LSFG/external/VulkanMemoryAllocator/include/vk_mem_alloc.h:16332:18: warning: pointer is missing a nullability type specifier (_Nonnull, _Nullable, or _Null_unspecified) [-Wnullability-completeness]
 16332 |     VmaAllocation* pAllocation,
       |                  ^
/data/data/com.termux/files/home/ExynosTools-LSFG/external/VulkanMemoryAllocator/include/vk_mem_alloc.h:16332:18: note: insert '_Nullable' if the pointer may be null
 16332 |     VmaAllocation* pAllocation,
       |                  ^
       |                    _Nullable
/data/data/com.termux/files/home/ExynosTools-LSFG/external/VulkanMemoryAllocator/include/vk_mem_alloc.h:16332:18: note: insert '_Nonnull' if the pointer should never be null
 16332 |     VmaAllocation* pAllocation,
       |                  ^
       |                    _Nonnull
/data/data/com.termux/files/home/ExynosTools-LSFG/external/VulkanMemoryAllocator/include/vk_mem_alloc.h:16333:22: warning: pointer is missing a nullability type specifier (_Nonnull, _Nullable, or _Null_unspecified) [-Wnullability-completeness]
 16333 |     VmaAllocationInfo* pAllocationInfo)
       |                      ^
/data/data/com.termux/files/home/ExynosTools-LSFG/external/VulkanMemoryAllocator/include/vk_mem_alloc.h:16333:22: note: insert '_Nullable' if the pointer may be null
 16333 |     VmaAllocationInfo* pAllocationInfo)
       |                      ^
       |                        _Nullable
/data/data/com.termux/files/home/ExynosTools-LSFG/external/VulkanMemoryAllocator/include/vk_mem_alloc.h:16333:22: note: insert '_Nonnull' if the pointer should never be null
 16333 |     VmaAllocationInfo* pAllocationInfo)
       |                      ^
       |                        _Nonnull
/data/data/com.termux/files/home/ExynosTools-LSFG/external/VulkanMemoryAllocator/include/vk_mem_alloc.h:16369:5: warning: pointer is missing a nullability type specifier (_Nonnull, _Nullable, or _Null_unspecified) [-Wnullability-completeness]
 16369 |     VmaAllocator allocator,
       |     ^
/data/data/com.termux/files/home/ExynosTools-LSFG/external/VulkanMemoryAllocator/include/vk_mem_alloc.h:16369:5: note: insert '_Nullable' if the pointer may be null
 16369 |     VmaAllocator allocator,
       |     ^
       |                  _Nullable
/data/data/com.termux/files/home/ExynosTools-LSFG/external/VulkanMemoryAllocator/include/vk_mem_alloc.h:16369:5: note: insert '_Nonnull' if the pointer should never be null
 16369 |     VmaAllocator allocator,
       |     ^
       |                  _Nonnull
/data/data/com.termux/files/home/ExynosTools-LSFG/external/VulkanMemoryAllocator/include/vk_mem_alloc.h:16370:5: warning: pointer is missing a nullability type specifier (_Nonnull, _Nullable, or _Null_unspecified) [-Wnullability-completeness]
 16370 |     VmaAllocation allocation)
       |     ^
/data/data/com.termux/files/home/ExynosTools-LSFG/external/VulkanMemoryAllocator/include/vk_mem_alloc.h:16370:5: note: insert '_Nullable' if the pointer may be null
 16370 |     VmaAllocation allocation)
       |     ^
       |                   _Nullable
/data/data/com.termux/files/home/ExynosTools-LSFG/external/VulkanMemoryAllocator/include/vk_mem_alloc.h:16370:5: note: insert '_Nonnull' if the pointer should never be null
 16370 |     VmaAllocation allocation)
       |     ^
       |                   _Nonnull
/data/data/com.termux/files/home/ExynosTools-LSFG/external/VulkanMemoryAllocator/include/vk_mem_alloc.h:16389:5: warning: pointer is missing a nullability type specifier (_Nonnull, _Nullable, or _Null_unspecified) [-Wnullability-completeness]
 16389 |     VmaAllocator allocator,
       |     ^
/data/data/com.termux/files/home/ExynosTools-LSFG/external/VulkanMemoryAllocator/include/vk_mem_alloc.h:16389:5: note: insert '_Nullable' if the pointer may be null
 16389 |     VmaAllocator allocator,
       |     ^
       |                  _Nullable
/data/data/com.termux/files/home/ExynosTools-LSFG/external/VulkanMemoryAllocator/include/vk_mem_alloc.h:16389:5: note: insert '_Nonnull' if the pointer should never be null
 16389 |     VmaAllocator allocator,
       |     ^
       |                  _Nonnull
/data/data/com.termux/files/home/ExynosTools-LSFG/external/VulkanMemoryAllocator/include/vk_mem_alloc.h:16391:11: warning: pointer is missing a nullability type specifier (_Nonnull, _Nullable, or _Null_unspecified) [-Wnullability-completeness]
 16391 |     const VmaAllocation* pAllocations)
       |           ^
/data/data/com.termux/files/home/ExynosTools-LSFG/external/VulkanMemoryAllocator/include/vk_mem_alloc.h:16391:11: note: insert '_Nullable' if the pointer may be null
 16391 |     const VmaAllocation* pAllocations)
       |           ^            
       |                         _Nullable 
/data/data/com.termux/files/home/ExynosTools-LSFG/external/VulkanMemoryAllocator/include/vk_mem_alloc.h:16391:11: note: insert '_Nonnull' if the pointer should never be null
 16391 |     const VmaAllocation* pAllocations)
       |           ^            
       |                         _Nonnull 
/data/data/com.termux/files/home/ExynosTools-LSFG/external/VulkanMemoryAllocator/include/vk_mem_alloc.h:16391:24: warning: pointer is missing a nullability type specifier (_Nonnull, _Nullable, or _Null_unspecified) [-Wnullability-completeness]
 16391 |     const VmaAllocation* pAllocations)
       |                        ^
/data/data/com.termux/files/home/ExynosTools-LSFG/external/VulkanMemoryAllocator/include/vk_mem_alloc.h:16391:24: note: insert '_Nullable' if the pointer may be null
 16391 |     const VmaAllocation* pAllocations)
       |                        ^
       |                          _Nullable
/data/data/com.termux/files/home/ExynosTools-LSFG/external/VulkanMemoryAllocator/include/vk_mem_alloc.h:16391:24: note: insert '_Nonnull' if the pointer should never be null
 16391 |     const VmaAllocation* pAllocations)
       |                        ^
       |                          _Nonnull
/data/data/com.termux/files/home/ExynosTools-LSFG/external/VulkanMemoryAllocator/include/vk_mem_alloc.h:16408:5: warning: pointer is missing a nullability type specifier (_Nonnull, _Nullable, or _Null_unspecified) [-Wnullability-completeness]
 16408 |     VmaAllocator allocator,
       |     ^
/data/data/com.termux/files/home/ExynosTools-LSFG/external/VulkanMemoryAllocator/include/vk_mem_alloc.h:16408:5: note: insert '_Nullable' if the pointer may be null
 16408 |     VmaAllocator allocator,
       |     ^
       |                  _Nullable
/data/data/com.termux/files/home/ExynosTools-LSFG/external/VulkanMemoryAllocator/include/vk_mem_alloc.h:16408:5: note: insert '_Nonnull' if the pointer should never be null
 16408 |     VmaAllocator allocator,
       |     ^
       |                  _Nonnull
/data/data/com.termux/files/home/ExynosTools-LSFG/external/VulkanMemoryAllocator/include/vk_mem_alloc.h:16409:5: warning: pointer is missing a nullability type specifier (_Nonnull, _Nullable, or _Null_unspecified) [-Wnullability-completeness]
 16409 |     VmaAllocation allocation,
       |     ^
/data/data/com.termux/files/home/ExynosTools-LSFG/external/VulkanMemoryAllocator/include/vk_mem_alloc.h:16409:5: note: insert '_Nullable' if the pointer may be null
 16409 |     VmaAllocation allocation,
       |     ^
       |                   _Nullable
/data/data/com.termux/files/home/ExynosTools-LSFG/external/VulkanMemoryAllocator/include/vk_mem_alloc.h:16409:5: note: insert '_Nonnull' if the pointer should never be null
 16409 |     VmaAllocation allocation,
       |     ^
       |                   _Nonnull
/data/data/com.termux/files/home/ExynosTools-LSFG/external/VulkanMemoryAllocator/include/vk_mem_alloc.h:16410:22: warning: pointer is missing a nullability type specifier (_Nonnull, _Nullable, or _Null_unspecified) [-Wnullability-completeness]
 16410 |     VmaAllocationInfo* pAllocationInfo)
       |                      ^
/data/data/com.termux/files/home/ExynosTools-LSFG/external/VulkanMemoryAllocator/include/vk_mem_alloc.h:16410:22: note: insert '_Nullable' if the pointer may be null
 16410 |     VmaAllocationInfo* pAllocationInfo)
       |                      ^
       |                        _Nullable
/data/data/com.termux/files/home/ExynosTools-LSFG/external/VulkanMemoryAllocator/include/vk_mem_alloc.h:16410:22: note: insert '_Nonnull' if the pointer should never be null
 16410 |     VmaAllocationInfo* pAllocationInfo)
       |                      ^
       |                        _Nonnull
/data/data/com.termux/files/home/ExynosTools-LSFG/external/VulkanMemoryAllocator/include/vk_mem_alloc.h:16420:5: warning: pointer is missing a nullability type specifier (_Nonnull, _Nullable, or _Null_unspecified) [-Wnullability-completeness]
 16420 |     VmaAllocator allocator,
       |     ^
/data/data/com.termux/files/home/ExynosTools-LSFG/external/VulkanMemoryAllocator/include/vk_mem_alloc.h:16420:5: note: insert '_Nullable' if the pointer may be null
 16420 |     VmaAllocator allocator,
       |     ^
       |                  _Nullable
/data/data/com.termux/files/home/ExynosTools-LSFG/external/VulkanMemoryAllocator/include/vk_mem_alloc.h:16420:5: note: insert '_Nonnull' if the pointer should never be null
 16420 |     VmaAllocator allocator,
       |     ^
       |                  _Nonnull
/data/data/com.termux/files/home/ExynosTools-LSFG/external/VulkanMemoryAllocator/include/vk_mem_alloc.h:16421:5: warning: pointer is missing a nullability type specifier (_Nonnull, _Nullable, or _Null_unspecified) [-Wnullability-completeness]
 16421 |     VmaAllocation allocation,
       |     ^
/data/data/com.termux/files/home/ExynosTools-LSFG/external/VulkanMemoryAllocator/include/vk_mem_alloc.h:16421:5: note: insert '_Nullable' if the pointer may be null
 16421 |     VmaAllocation allocation,
       |     ^
       |                   _Nullable
/data/data/com.termux/files/home/ExynosTools-LSFG/external/VulkanMemoryAllocator/include/vk_mem_alloc.h:16421:5: note: insert '_Nonnull' if the pointer should never be null
 16421 |     VmaAllocation allocation,
       |     ^
       |                   _Nonnull
/data/data/com.termux/files/home/ExynosTools-LSFG/external/VulkanMemoryAllocator/include/vk_mem_alloc.h:16422:23: warning: pointer is missing a nullability type specifier (_Nonnull, _Nullable, or _Null_unspecified) [-Wnullability-completeness]
 16422 |     VmaAllocationInfo2* pAllocationInfo)
       |                       ^
/data/data/com.termux/files/home/ExynosTools-LSFG/external/VulkanMemoryAllocator/include/vk_mem_alloc.h:16422:23: note: insert '_Nullable' if the pointer may be null
 16422 |     VmaAllocationInfo2* pAllocationInfo)
       |                       ^
       |                         _Nullable
/data/data/com.termux/files/home/ExynosTools-LSFG/external/VulkanMemoryAllocator/include/vk_mem_alloc.h:16422:23: note: insert '_Nonnull' if the pointer should never be null
 16422 |     VmaAllocationInfo2* pAllocationInfo)
       |                       ^
       |                         _Nonnull
/data/data/com.termux/files/home/ExynosTools-LSFG/external/VulkanMemoryAllocator/include/vk_mem_alloc.h:16432:5: warning: pointer is missing a nullability type specifier (_Nonnull, _Nullable, or _Null_unspecified) [-Wnullability-completeness]
 16432 |     VmaAllocator allocator,
       |     ^
/data/data/com.termux/files/home/ExynosTools-LSFG/external/VulkanMemoryAllocator/include/vk_mem_alloc.h:16432:5: note: insert '_Nullable' if the pointer may be null
 16432 |     VmaAllocator allocator,
       |     ^
       |                  _Nullable
/data/data/com.termux/files/home/ExynosTools-LSFG/external/VulkanMemoryAllocator/include/vk_mem_alloc.h:16432:5: note: insert '_Nonnull' if the pointer should never be null
 16432 |     VmaAllocator allocator,
       |     ^
       |                  _Nonnull
/data/data/com.termux/files/home/ExynosTools-LSFG/external/VulkanMemoryAllocator/include/vk_mem_alloc.h:16433:5: warning: pointer is missing a nullability type specifier (_Nonnull, _Nullable, or _Null_unspecified) [-Wnullability-completeness]
 16433 |     VmaAllocation allocation,
       |     ^
/data/data/com.termux/files/home/ExynosTools-LSFG/external/VulkanMemoryAllocator/include/vk_mem_alloc.h:16433:5: note: insert '_Nullable' if the pointer may be null
 16433 |     VmaAllocation allocation,
       |     ^
       |                   _Nullable
/data/data/com.termux/files/home/ExynosTools-LSFG/external/VulkanMemoryAllocator/include/vk_mem_alloc.h:16433:5: note: insert '_Nonnull' if the pointer should never be null
 16433 |     VmaAllocation allocation,
       |     ^
       |                   _Nonnull
/data/data/com.termux/files/home/ExynosTools-LSFG/external/VulkanMemoryAllocator/include/vk_mem_alloc.h:16434:9: warning: pointer is missing a nullability type specifier (_Nonnull, _Nullable, or _Null_unspecified) [-Wnullability-completeness]
 16434 |     void* pUserData)
       |         ^
/data/data/com.termux/files/home/ExynosTools-LSFG/external/VulkanMemoryAllocator/include/vk_mem_alloc.h:16434:9: note: insert '_Nullable' if the pointer may be null
 16434 |     void* pUserData)
       |         ^
       |           _Nullable
/data/data/com.termux/files/home/ExynosTools-LSFG/external/VulkanMemoryAllocator/include/vk_mem_alloc.h:16434:9: note: insert '_Nonnull' if the pointer should never be null
 16434 |     void* pUserData)
       |         ^
       |           _Nonnull
/data/data/com.termux/files/home/ExynosTools-LSFG/external/VulkanMemoryAllocator/include/vk_mem_alloc.h:16462:5: warning: pointer is missing a nullability type specifier (_Nonnull, _Nullable, or _Null_unspecified) [-Wnullability-completeness]
 16462 |     VmaAllocator allocator,
       |     ^
/data/data/com.termux/files/home/ExynosTools-LSFG/external/VulkanMemoryAllocator/include/vk_mem_alloc.h:16462:5: note: insert '_Nullable' if the pointer may be null
 16462 |     VmaAllocator allocator,
       |     ^
       |                  _Nullable
/data/data/com.termux/files/home/ExynosTools-LSFG/external/VulkanMemoryAllocator/include/vk_mem_alloc.h:16462:5: note: insert '_Nonnull' if the pointer should never be null
 16462 |     VmaAllocator allocator,
       |     ^
       |                  _Nonnull
/data/data/com.termux/files/home/ExynosTools-LSFG/external/VulkanMemoryAllocator/include/vk_mem_alloc.h:16463:5: warning: pointer is missing a nullability type specifier (_Nonnull, _Nullable, or _Null_unspecified) [-Wnullability-completeness]
 16463 |     VmaAllocation allocation,
       |     ^
/data/data/com.termux/files/home/ExynosTools-LSFG/external/VulkanMemoryAllocator/include/vk_mem_alloc.h:16463:5: note: insert '_Nullable' if the pointer may be null
 16463 |     VmaAllocation allocation,
       |     ^
       |                   _Nullable
/data/data/com.termux/files/home/ExynosTools-LSFG/external/VulkanMemoryAllocator/include/vk_mem_alloc.h:16463:5: note: insert '_Nonnull' if the pointer should never be null
 16463 |     VmaAllocation allocation,
       |     ^
       |                   _Nonnull
/data/data/com.termux/files/home/ExynosTools-LSFG/external/VulkanMemoryAllocator/include/vk_mem_alloc.h:16464:9: warning: pointer is missing a nullability type specifier (_Nonnull, _Nullable, or _Null_unspecified) [-Wnullability-completeness]
 16464 |     void** ppData)
       |         ^
/data/data/com.termux/files/home/ExynosTools-LSFG/external/VulkanMemoryAllocator/include/vk_mem_alloc.h:16464:9: note: insert '_Nullable' if the pointer may be null
 16464 |     void** ppData)
       |         ^
       |          _Nullable
/data/data/com.termux/files/home/ExynosTools-LSFG/external/VulkanMemoryAllocator/include/vk_mem_alloc.h:16464:9: note: insert '_Nonnull' if the pointer should never be null
 16464 |     void** ppData)
       |         ^
       |          _Nonnull
/data/data/com.termux/files/home/ExynosTools-LSFG/external/VulkanMemoryAllocator/include/vk_mem_alloc.h:16464:10: warning: pointer is missing a nullability type specifier (_Nonnull, _Nullable, or _Null_unspecified) [-Wnullability-completeness]
 16464 |     void** ppData)
       |          ^
/data/data/com.termux/files/home/ExynosTools-LSFG/external/VulkanMemoryAllocator/include/vk_mem_alloc.h:16464:10: note: insert '_Nullable' if the pointer may be null
 16464 |     void** ppData)
       |          ^
       |            _Nullable
/data/data/com.termux/files/home/ExynosTools-LSFG/external/VulkanMemoryAllocator/include/vk_mem_alloc.h:16464:10: note: insert '_Nonnull' if the pointer should never be null
 16464 |     void** ppData)
       |          ^
       |            _Nonnull
/data/data/com.termux/files/home/ExynosTools-LSFG/external/VulkanMemoryAllocator/include/vk_mem_alloc.h:16474:5: warning: pointer is missing a nullability type specifier (_Nonnull, _Nullable, or _Null_unspecified) [-Wnullability-completeness]
 16474 |     VmaAllocator allocator,
       |     ^
/data/data/com.termux/files/home/ExynosTools-LSFG/external/VulkanMemoryAllocator/include/vk_mem_alloc.h:16474:5: note: insert '_Nullable' if the pointer may be null
 16474 |     VmaAllocator allocator,
       |     ^
       |                  _Nullable
/data/data/com.termux/files/home/ExynosTools-LSFG/external/VulkanMemoryAllocator/include/vk_mem_alloc.h:16474:5: note: insert '_Nonnull' if the pointer should never be null
 16474 |     VmaAllocator allocator,
       |     ^
       |                  _Nonnull
/data/data/com.termux/files/home/ExynosTools-LSFG/external/VulkanMemoryAllocator/include/vk_mem_alloc.h:16475:5: warning: pointer is missing a nullability type specifier (_Nonnull, _Nullable, or _Null_unspecified) [-Wnullability-completeness]
 16475 |     VmaAllocation allocation)
       |     ^
/data/data/com.termux/files/home/ExynosTools-LSFG/external/VulkanMemoryAllocator/include/vk_mem_alloc.h:16475:5: note: insert '_Nullable' if the pointer may be null
 16475 |     VmaAllocation allocation)
       |     ^
       |                   _Nullable
/data/data/com.termux/files/home/ExynosTools-LSFG/external/VulkanMemoryAllocator/include/vk_mem_alloc.h:16475:5: note: insert '_Nonnull' if the pointer should never be null
 16475 |     VmaAllocation allocation)
       |     ^
       |                   _Nonnull
/data/data/com.termux/files/home/ExynosTools-LSFG/external/VulkanMemoryAllocator/include/vk_mem_alloc.h:16485:5: warning: pointer is missing a nullability type specifier (_Nonnull, _Nullable, or _Null_unspecified) [-Wnullability-completeness]
 16485 |     VmaAllocator allocator,
       |     ^
/data/data/com.termux/files/home/ExynosTools-LSFG/external/VulkanMemoryAllocator/include/vk_mem_alloc.h:16485:5: note: insert '_Nullable' if the pointer may be null
 16485 |     VmaAllocator allocator,
       |     ^
       |                  _Nullable
/data/data/com.termux/files/home/ExynosTools-LSFG/external/VulkanMemoryAllocator/include/vk_mem_alloc.h:16485:5: note: insert '_Nonnull' if the pointer should never be null
 16485 |     VmaAllocator allocator,
       |     ^
       |                  _Nonnull
/data/data/com.termux/files/home/ExynosTools-LSFG/external/VulkanMemoryAllocator/include/vk_mem_alloc.h:16486:5: warning: pointer is missing a nullability type specifier (_Nonnull, _Nullable, or _Null_unspecified) [-Wnullability-completeness]
 16486 |     VmaAllocation allocation,
       |     ^
/data/data/com.termux/files/home/ExynosTools-LSFG/external/VulkanMemoryAllocator/include/vk_mem_alloc.h:16486:5: note: insert '_Nullable' if the pointer may be null
 16486 |     VmaAllocation allocation,
       |     ^
       |                   _Nullable
/data/data/com.termux/files/home/ExynosTools-LSFG/external/VulkanMemoryAllocator/include/vk_mem_alloc.h:16486:5: note: insert '_Nonnull' if the pointer should never be null
 16486 |     VmaAllocation allocation,
       |     ^
       |                   _Nonnull
/data/data/com.termux/files/home/ExynosTools-LSFG/external/VulkanMemoryAllocator/include/vk_mem_alloc.h:16500:5: warning: pointer is missing a nullability type specifier (_Nonnull, _Nullable, or _Null_unspecified) [-Wnullability-completeness]
 16500 |     VmaAllocator allocator,
       |     ^
/data/data/com.termux/files/home/ExynosTools-LSFG/external/VulkanMemoryAllocator/include/vk_mem_alloc.h:16500:5: note: insert '_Nullable' if the pointer may be null
 16500 |     VmaAllocator allocator,
       |     ^
       |                  _Nullable
/data/data/com.termux/files/home/ExynosTools-LSFG/external/VulkanMemoryAllocator/include/vk_mem_alloc.h:16500:5: note: insert '_Nonnull' if the pointer should never be null
 16500 |     VmaAllocator allocator,
       |     ^
       |                  _Nonnull
/data/data/com.termux/files/home/ExynosTools-LSFG/external/VulkanMemoryAllocator/include/vk_mem_alloc.h:16501:5: warning: pointer is missing a nullability type specifier (_Nonnull, _Nullable, or _Null_unspecified) [-Wnullability-completeness]
 16501 |     VmaAllocation allocation,
       |     ^
/data/data/com.termux/files/home/ExynosTools-LSFG/external/VulkanMemoryAllocator/include/vk_mem_alloc.h:16501:5: note: insert '_Nullable' if the pointer may be null
 16501 |     VmaAllocation allocation,
       |     ^
       |                   _Nullable
/data/data/com.termux/files/home/ExynosTools-LSFG/external/VulkanMemoryAllocator/include/vk_mem_alloc.h:16501:5: note: insert '_Nonnull' if the pointer should never be null
 16501 |     VmaAllocation allocation,
       |     ^
       |                   _Nonnull
/data/data/com.termux/files/home/ExynosTools-LSFG/external/VulkanMemoryAllocator/include/vk_mem_alloc.h:16515:5: warning: pointer is missing a nullability type specifier (_Nonnull, _Nullable, or _Null_unspecified) [-Wnullability-completeness]
 16515 |     VmaAllocator allocator,
       |     ^
/data/data/com.termux/files/home/ExynosTools-LSFG/external/VulkanMemoryAllocator/include/vk_mem_alloc.h:16515:5: note: insert '_Nullable' if the pointer may be null
 16515 |     VmaAllocator allocator,
       |     ^
       |                  _Nullable
/data/data/com.termux/files/home/ExynosTools-LSFG/external/VulkanMemoryAllocator/include/vk_mem_alloc.h:16515:5: note: insert '_Nonnull' if the pointer should never be null
 16515 |     VmaAllocator allocator,
       |     ^
       |                  _Nonnull
/data/data/com.termux/files/home/ExynosTools-LSFG/external/VulkanMemoryAllocator/include/vk_mem_alloc.h:16517:11: warning: pointer is missing a nullability type specifier (_Nonnull, _Nullable, or _Null_unspecified) [-Wnullability-completeness]
 16517 |     const VmaAllocation* allocations,
       |           ^
/data/data/com.termux/files/home/ExynosTools-LSFG/external/VulkanMemoryAllocator/include/vk_mem_alloc.h:16517:11: note: insert '_Nullable' if the pointer may be null
 16517 |     const VmaAllocation* allocations,
       |           ^            
       |                         _Nullable 
/data/data/com.termux/files/home/ExynosTools-LSFG/external/VulkanMemoryAllocator/include/vk_mem_alloc.h:16517:11: note: insert '_Nonnull' if the pointer should never be null
 16517 |     const VmaAllocation* allocations,
       |           ^            
       |                         _Nonnull 
/data/data/com.termux/files/home/ExynosTools-LSFG/external/VulkanMemoryAllocator/include/vk_mem_alloc.h:16517:24: warning: pointer is missing a nullability type specifier (_Nonnull, _Nullable, or _Null_unspecified) [-Wnullability-completeness]
 16517 |     const VmaAllocation* allocations,
       |                        ^
/data/data/com.termux/files/home/ExynosTools-LSFG/external/VulkanMemoryAllocator/include/vk_mem_alloc.h:16517:24: note: insert '_Nullable' if the pointer may be null
 16517 |     const VmaAllocation* allocations,
       |                        ^
       |                          _Nullable
/data/data/com.termux/files/home/ExynosTools-LSFG/external/VulkanMemoryAllocator/include/vk_mem_alloc.h:16517:24: note: insert '_Nonnull' if the pointer should never be null
 16517 |     const VmaAllocation* allocations,
       |                        ^
       |                          _Nonnull
/data/data/com.termux/files/home/ExynosTools-LSFG/external/VulkanMemoryAllocator/include/vk_mem_alloc.h:16518:23: warning: pointer is missing a nullability type specifier (_Nonnull, _Nullable, or _Null_unspecified) [-Wnullability-completeness]
 16518 |     const VkDeviceSize* offsets,
       |                       ^
/data/data/com.termux/files/home/ExynosTools-LSFG/external/VulkanMemoryAllocator/include/vk_mem_alloc.h:16518:23: note: insert '_Nullable' if the pointer may be null
 16518 |     const VkDeviceSize* offsets,
       |                       ^
       |                         _Nullable
/data/data/com.termux/files/home/ExynosTools-LSFG/external/VulkanMemoryAllocator/include/vk_mem_alloc.h:16518:23: note: insert '_Nonnull' if the pointer should never be null
 16518 |     const VkDeviceSize* offsets,
       |                       ^
       |                         _Nonnull
/data/data/com.termux/files/home/ExynosTools-LSFG/external/VulkanMemoryAllocator/include/vk_mem_alloc.h:16519:23: warning: pointer is missing a nullability type specifier (_Nonnull, _Nullable, or _Null_unspecified) [-Wnullability-completeness]
 16519 |     const VkDeviceSize* sizes)
       |                       ^
/data/data/com.termux/files/home/ExynosTools-LSFG/external/VulkanMemoryAllocator/include/vk_mem_alloc.h:16519:23: note: insert '_Nullable' if the pointer may be null
 16519 |     const VkDeviceSize* sizes)
       |                       ^
       |                         _Nullable
/data/data/com.termux/files/home/ExynosTools-LSFG/external/VulkanMemoryAllocator/include/vk_mem_alloc.h:16519:23: note: insert '_Nonnull' if the pointer should never be null
 16519 |     const VkDeviceSize* sizes)
       |                       ^
       |                         _Nonnull
/data/data/com.termux/files/home/ExynosTools-LSFG/external/VulkanMemoryAllocator/include/vk_mem_alloc.h:16538:5: warning: pointer is missing a nullability type specifier (_Nonnull, _Nullable, or _Null_unspecified) [-Wnullability-completeness]
 16538 |     VmaAllocator allocator,
       |     ^
/data/data/com.termux/files/home/ExynosTools-LSFG/external/VulkanMemoryAllocator/include/vk_mem_alloc.h:16538:5: note: insert '_Nullable' if the pointer may be null
 16538 |     VmaAllocator allocator,
       |     ^
       |                  _Nullable
/data/data/com.termux/files/home/ExynosTools-LSFG/external/VulkanMemoryAllocator/include/vk_mem_alloc.h:16538:5: note: insert '_Nonnull' if the pointer should never be null
 16538 |     VmaAllocator allocator,
       |     ^
       |                  _Nonnull
/data/data/com.termux/files/home/ExynosTools-LSFG/external/VulkanMemoryAllocator/include/vk_mem_alloc.h:16540:11: warning: pointer is missing a nullability type specifier (_Nonnull, _Nullable, or _Null_unspecified) [-Wnullability-completeness]
 16540 |     const VmaAllocation* allocations,
       |           ^
/data/data/com.termux/files/home/ExynosTools-LSFG/external/VulkanMemoryAllocator/include/vk_mem_alloc.h:16540:11: note: insert '_Nullable' if the pointer may be null
 16540 |     const VmaAllocation* allocations,
       |           ^            
       |                         _Nullable 
/data/data/com.termux/files/home/ExynosTools-LSFG/external/VulkanMemoryAllocator/include/vk_mem_alloc.h:16540:11: note: insert '_Nonnull' if the pointer should never be null
 16540 |     const VmaAllocation* allocations,
       |           ^            
       |                         _Nonnull 
/data/data/com.termux/files/home/ExynosTools-LSFG/external/VulkanMemoryAllocator/include/vk_mem_alloc.h:16540:24: warning: pointer is missing a nullability type specifier (_Nonnull, _Nullable, or _Null_unspecified) [-Wnullability-completeness]
 16540 |     const VmaAllocation* allocations,
       |                        ^
/data/data/com.termux/files/home/ExynosTools-LSFG/external/VulkanMemoryAllocator/include/vk_mem_alloc.h:16540:24: note: insert '_Nullable' if the pointer may be null
 16540 |     const VmaAllocation* allocations,
       |                        ^
       |                          _Nullable
/data/data/com.termux/files/home/ExynosTools-LSFG/external/VulkanMemoryAllocator/include/vk_mem_alloc.h:16540:24: note: insert '_Nonnull' if the pointer should never be null
 16540 |     const VmaAllocation* allocations,
       |                        ^
       |                          _Nonnull
/data/data/com.termux/files/home/ExynosTools-LSFG/external/VulkanMemoryAllocator/include/vk_mem_alloc.h:16541:23: warning: pointer is missing a nullability type specifier (_Nonnull, _Nullable, or _Null_unspecified) [-Wnullability-completeness]
 16541 |     const VkDeviceSize* offsets,
       |                       ^
/data/data/com.termux/files/home/ExynosTools-LSFG/external/VulkanMemoryAllocator/include/vk_mem_alloc.h:16541:23: note: insert '_Nullable' if the pointer may be null
 16541 |     const VkDeviceSize* offsets,
       |                       ^
       |                         _Nullable
/data/data/com.termux/files/home/ExynosTools-LSFG/external/VulkanMemoryAllocator/include/vk_mem_alloc.h:16541:23: note: insert '_Nonnull' if the pointer should never be null
 16541 |     const VkDeviceSize* offsets,
       |                       ^
       |                         _Nonnull
/data/data/com.termux/files/home/ExynosTools-LSFG/external/VulkanMemoryAllocator/include/vk_mem_alloc.h:16542:23: warning: pointer is missing a nullability type specifier (_Nonnull, _Nullable, or _Null_unspecified) [-Wnullability-completeness]
 16542 |     const VkDeviceSize* sizes)
       |                       ^
/data/data/com.termux/files/home/ExynosTools-LSFG/external/VulkanMemoryAllocator/include/vk_mem_alloc.h:16542:23: note: insert '_Nullable' if the pointer may be null
 16542 |     const VkDeviceSize* sizes)
       |                       ^
       |                         _Nullable
/data/data/com.termux/files/home/ExynosTools-LSFG/external/VulkanMemoryAllocator/include/vk_mem_alloc.h:16542:23: note: insert '_Nonnull' if the pointer should never be null
 16542 |     const VkDeviceSize* sizes)
       |                       ^
       |                         _Nonnull
/data/data/com.termux/files/home/ExynosTools-LSFG/external/VulkanMemoryAllocator/include/vk_mem_alloc.h:16561:5: warning: pointer is missing a nullability type specifier (_Nonnull, _Nullable, or _Null_unspecified) [-Wnullability-completeness]
 16561 |     VmaAllocator allocator,
       |     ^
/data/data/com.termux/files/home/ExynosTools-LSFG/external/VulkanMemoryAllocator/include/vk_mem_alloc.h:16561:5: note: insert '_Nullable' if the pointer may be null
 16561 |     VmaAllocator allocator,
       |     ^
       |                  _Nullable
/data/data/com.termux/files/home/ExynosTools-LSFG/external/VulkanMemoryAllocator/include/vk_mem_alloc.h:16561:5: note: insert '_Nonnull' if the pointer should never be null
 16561 |     VmaAllocator allocator,
       |     ^
       |                  _Nonnull
/data/data/com.termux/files/home/ExynosTools-LSFG/external/VulkanMemoryAllocator/include/vk_mem_alloc.h:16562:15: warning: pointer is missing a nullability type specifier (_Nonnull, _Nullable, or _Null_unspecified) [-Wnullability-completeness]
 16562 |     const void* pSrcHostPointer,
       |               ^
/data/data/com.termux/files/home/ExynosTools-LSFG/external/VulkanMemoryAllocator/include/vk_mem_alloc.h:16562:15: note: insert '_Nullable' if the pointer may be null
 16562 |     const void* pSrcHostPointer,
       |               ^
       |                 _Nullable
/data/data/com.termux/files/home/ExynosTools-LSFG/external/VulkanMemoryAllocator/include/vk_mem_alloc.h:16562:15: note: insert '_Nonnull' if the pointer should never be null
 16562 |     const void* pSrcHostPointer,
       |               ^
       |                 _Nonnull
/data/data/com.termux/files/home/ExynosTools-LSFG/external/VulkanMemoryAllocator/include/vk_mem_alloc.h:16563:5: warning: pointer is missing a nullability type specifier (_Nonnull, _Nullable, or _Null_unspecified) [-Wnullability-completeness]
 16563 |     VmaAllocation dstAllocation,
       |     ^
/data/data/com.termux/files/home/ExynosTools-LSFG/external/VulkanMemoryAllocator/include/vk_mem_alloc.h:16563:5: note: insert '_Nullable' if the pointer may be null
 16563 |     VmaAllocation dstAllocation,
       |     ^
       |                   _Nullable
/data/data/com.termux/files/home/ExynosTools-LSFG/external/VulkanMemoryAllocator/include/vk_mem_alloc.h:16563:5: note: insert '_Nonnull' if the pointer should never be null
 16563 |     VmaAllocation dstAllocation,
       |     ^
       |                   _Nonnull
/data/data/com.termux/files/home/ExynosTools-LSFG/external/VulkanMemoryAllocator/include/vk_mem_alloc.h:16582:5: warning: pointer is missing a nullability type specifier (_Nonnull, _Nullable, or _Null_unspecified) [-Wnullability-completeness]
 16582 |     VmaAllocator allocator,
       |     ^
/data/data/com.termux/files/home/ExynosTools-LSFG/external/VulkanMemoryAllocator/include/vk_mem_alloc.h:16582:5: note: insert '_Nullable' if the pointer may be null
 16582 |     VmaAllocator allocator,
       |     ^
       |                  _Nullable
/data/data/com.termux/files/home/ExynosTools-LSFG/external/VulkanMemoryAllocator/include/vk_mem_alloc.h:16582:5: note: insert '_Nonnull' if the pointer should never be null
 16582 |     VmaAllocator allocator,
       |     ^
       |                  _Nonnull
/data/data/com.termux/files/home/ExynosTools-LSFG/external/VulkanMemoryAllocator/include/vk_mem_alloc.h:16583:5: warning: pointer is missing a nullability type specifier (_Nonnull, _Nullable, or _Null_unspecified) [-Wnullability-completeness]
 16583 |     VmaAllocation srcAllocation,
       |     ^
/data/data/com.termux/files/home/ExynosTools-LSFG/external/VulkanMemoryAllocator/include/vk_mem_alloc.h:16583:5: note: insert '_Nullable' if the pointer may be null
 16583 |     VmaAllocation srcAllocation,
       |     ^
       |                   _Nullable
/data/data/com.termux/files/home/ExynosTools-LSFG/external/VulkanMemoryAllocator/include/vk_mem_alloc.h:16583:5: note: insert '_Nonnull' if the pointer should never be null
 16583 |     VmaAllocation srcAllocation,
       |     ^
       |                   _Nonnull
/data/data/com.termux/files/home/ExynosTools-LSFG/external/VulkanMemoryAllocator/include/vk_mem_alloc.h:16585:9: warning: pointer is missing a nullability type specifier (_Nonnull, _Nullable, or _Null_unspecified) [-Wnullability-completeness]
 16585 |     void* pDstHostPointer,
       |         ^
/data/data/com.termux/files/home/ExynosTools-LSFG/external/VulkanMemoryAllocator/include/vk_mem_alloc.h:16585:9: note: insert '_Nullable' if the pointer may be null
 16585 |     void* pDstHostPointer,
       |         ^
       |           _Nullable
/data/data/com.termux/files/home/ExynosTools-LSFG/external/VulkanMemoryAllocator/include/vk_mem_alloc.h:16585:9: note: insert '_Nonnull' if the pointer should never be null
 16585 |     void* pDstHostPointer,
       |         ^
       |           _Nonnull
/data/data/com.termux/files/home/ExynosTools-LSFG/external/VulkanMemoryAllocator/include/vk_mem_alloc.h:16603:5: warning: pointer is missing a nullability type specifier (_Nonnull, _Nullable, or _Null_unspecified) [-Wnullability-completeness]
 16603 |     VmaAllocator allocator,
       |     ^
/data/data/com.termux/files/home/ExynosTools-LSFG/external/VulkanMemoryAllocator/include/vk_mem_alloc.h:16603:5: note: insert '_Nullable' if the pointer may be null
 16603 |     VmaAllocator allocator,
       |     ^
       |                  _Nullable
/data/data/com.termux/files/home/ExynosTools-LSFG/external/VulkanMemoryAllocator/include/vk_mem_alloc.h:16603:5: note: insert '_Nonnull' if the pointer should never be null
 16603 |     VmaAllocator allocator,
       |     ^
       |                  _Nonnull
/data/data/com.termux/files/home/ExynosTools-LSFG/external/VulkanMemoryAllocator/include/vk_mem_alloc.h:16616:5: warning: pointer is missing a nullability type specifier (_Nonnull, _Nullable, or _Null_unspecified) [-Wnullability-completeness]
 16616 |     VmaAllocator allocator,
       |     ^
/data/data/com.termux/files/home/ExynosTools-LSFG/external/VulkanMemoryAllocator/include/vk_mem_alloc.h:16616:5: note: insert '_Nullable' if the pointer may be null
 16616 |     VmaAllocator allocator,
       |     ^
       |                  _Nullable
/data/data/com.termux/files/home/ExynosTools-LSFG/external/VulkanMemoryAllocator/include/vk_mem_alloc.h:16616:5: note: insert '_Nonnull' if the pointer should never be null
 16616 |     VmaAllocator allocator,
       |     ^
       |                  _Nonnull
/data/data/com.termux/files/home/ExynosTools-LSFG/external/VulkanMemoryAllocator/include/vk_mem_alloc.h:16617:33: warning: pointer is missing a nullability type specifier (_Nonnull, _Nullable, or _Null_unspecified) [-Wnullability-completeness]
 16617 |     const VmaDefragmentationInfo* pInfo,
       |                                 ^
/data/data/com.termux/files/home/ExynosTools-LSFG/external/VulkanMemoryAllocator/include/vk_mem_alloc.h:16617:33: note: insert '_Nullable' if the pointer may be null
 16617 |     const VmaDefragmentationInfo* pInfo,
       |                                 ^
       |                                   _Nullable
/data/data/com.termux/files/home/ExynosTools-LSFG/external/VulkanMemoryAllocator/include/vk_mem_alloc.h:16617:33: note: insert '_Nonnull' if the pointer should never be null
 16617 |     const VmaDefragmentationInfo* pInfo,
       |                                 ^
       |                                   _Nonnull
/data/data/com.termux/files/home/ExynosTools-LSFG/external/VulkanMemoryAllocator/include/vk_mem_alloc.h:16618:5: warning: pointer is missing a nullability type specifier (_Nonnull, _Nullable, or _Null_unspecified) [-Wnullability-completeness]
 16618 |     VmaDefragmentationContext* pContext)
       |     ^
/data/data/com.termux/files/home/ExynosTools-LSFG/external/VulkanMemoryAllocator/include/vk_mem_alloc.h:16618:5: note: insert '_Nullable' if the pointer may be null
 16618 |     VmaDefragmentationContext* pContext)
       |     ^                        
       |                               _Nullable 
/data/data/com.termux/files/home/ExynosTools-LSFG/external/VulkanMemoryAllocator/include/vk_mem_alloc.h:16618:5: note: insert '_Nonnull' if the pointer should never be null
 16618 |     VmaDefragmentationContext* pContext)
       |     ^                        
       |                               _Nonnull 
/data/data/com.termux/files/home/ExynosTools-LSFG/external/VulkanMemoryAllocator/include/vk_mem_alloc.h:16618:30: warning: pointer is missing a nullability type specifier (_Nonnull, _Nullable, or _Null_unspecified) [-Wnullability-completeness]
 16618 |     VmaDefragmentationContext* pContext)
       |                              ^
/data/data/com.termux/files/home/ExynosTools-LSFG/external/VulkanMemoryAllocator/include/vk_mem_alloc.h:16618:30: note: insert '_Nullable' if the pointer may be null
 16618 |     VmaDefragmentationContext* pContext)
       |                              ^
       |                                _Nullable
/data/data/com.termux/files/home/ExynosTools-LSFG/external/VulkanMemoryAllocator/include/vk_mem_alloc.h:16618:30: note: insert '_Nonnull' if the pointer should never be null
 16618 |     VmaDefragmentationContext* pContext)
       |                              ^
       |                                _Nonnull
/data/data/com.termux/files/home/ExynosTools-LSFG/external/VulkanMemoryAllocator/include/vk_mem_alloc.h:16638:5: warning: pointer is missing a nullability type specifier (_Nonnull, _Nullable, or _Null_unspecified) [-Wnullability-completeness]
 16638 |     VmaAllocator allocator,
       |     ^
/data/data/com.termux/files/home/ExynosTools-LSFG/external/VulkanMemoryAllocator/include/vk_mem_alloc.h:16638:5: note: insert '_Nullable' if the pointer may be null
 16638 |     VmaAllocator allocator,
       |     ^
       |                  _Nullable
/data/data/com.termux/files/home/ExynosTools-LSFG/external/VulkanMemoryAllocator/include/vk_mem_alloc.h:16638:5: note: insert '_Nonnull' if the pointer should never be null
 16638 |     VmaAllocator allocator,
       |     ^
       |                  _Nonnull
/data/data/com.termux/files/home/ExynosTools-LSFG/external/VulkanMemoryAllocator/include/vk_mem_alloc.h:16639:5: warning: pointer is missing a nullability type specifier (_Nonnull, _Nullable, or _Null_unspecified) [-Wnullability-completeness]
 16639 |     VmaDefragmentationContext context,
       |     ^
/data/data/com.termux/files/home/ExynosTools-LSFG/external/VulkanMemoryAllocator/include/vk_mem_alloc.h:16639:5: note: insert '_Nullable' if the pointer may be null
 16639 |     VmaDefragmentationContext context,
       |     ^
       |                               _Nullable
/data/data/com.termux/files/home/ExynosTools-LSFG/external/VulkanMemoryAllocator/include/vk_mem_alloc.h:16639:5: note: insert '_Nonnull' if the pointer should never be null
 16639 |     VmaDefragmentationContext context,
       |     ^
       |                               _Nonnull
/data/data/com.termux/files/home/ExynosTools-LSFG/external/VulkanMemoryAllocator/include/vk_mem_alloc.h:16640:28: warning: pointer is missing a nullability type specifier (_Nonnull, _Nullable, or _Null_unspecified) [-Wnullability-completeness]
 16640 |     VmaDefragmentationStats* pStats)
       |                            ^
/data/data/com.termux/files/home/ExynosTools-LSFG/external/VulkanMemoryAllocator/include/vk_mem_alloc.h:16640:28: note: insert '_Nullable' if the pointer may be null
 16640 |     VmaDefragmentationStats* pStats)
       |                            ^
       |                              _Nullable
/data/data/com.termux/files/home/ExynosTools-LSFG/external/VulkanMemoryAllocator/include/vk_mem_alloc.h:16640:28: note: insert '_Nonnull' if the pointer should never be null
 16640 |     VmaDefragmentationStats* pStats)
       |                            ^
       |                              _Nonnull
/data/data/com.termux/files/home/ExynosTools-LSFG/external/VulkanMemoryAllocator/include/vk_mem_alloc.h:16682:5: warning: pointer is missing a nullability type specifier (_Nonnull, _Nullable, or _Null_unspecified) [-Wnullability-completeness]
 16682 |     VmaAllocator allocator,
       |     ^
/data/data/com.termux/files/home/ExynosTools-LSFG/external/VulkanMemoryAllocator/include/vk_mem_alloc.h:16682:5: note: insert '_Nullable' if the pointer may be null
 16682 |     VmaAllocator allocator,
       |     ^
       |                  _Nullable
/data/data/com.termux/files/home/ExynosTools-LSFG/external/VulkanMemoryAllocator/include/vk_mem_alloc.h:16682:5: note: insert '_Nonnull' if the pointer should never be null
 16682 |     VmaAllocator allocator,
       |     ^
       |                  _Nonnull
/data/data/com.termux/files/home/ExynosTools-LSFG/external/VulkanMemoryAllocator/include/vk_mem_alloc.h:16683:5: warning: pointer is missing a nullability type specifier (_Nonnull, _Nullable, or _Null_unspecified) [-Wnullability-completeness]
 16683 |     VmaAllocation allocation,
       |     ^
/data/data/com.termux/files/home/ExynosTools-LSFG/external/VulkanMemoryAllocator/include/vk_mem_alloc.h:16683:5: note: insert '_Nullable' if the pointer may be null
 16683 |     VmaAllocation allocation,
       |     ^
       |                   _Nullable
/data/data/com.termux/files/home/ExynosTools-LSFG/external/VulkanMemoryAllocator/include/vk_mem_alloc.h:16683:5: note: insert '_Nonnull' if the pointer should never be null
 16683 |     VmaAllocation allocation,
       |     ^
       |                   _Nonnull
/data/data/com.termux/files/home/ExynosTools-LSFG/external/VulkanMemoryAllocator/include/vk_mem_alloc.h:16684:5: warning: pointer is missing a nullability type specifier (_Nonnull, _Nullable, or _Null_unspecified) [-Wnullability-completeness]
 16684 |     VkBuffer buffer)
       |     ^
/data/data/com.termux/files/home/ExynosTools-LSFG/external/VulkanMemoryAllocator/include/vk_mem_alloc.h:16684:5: note: insert '_Nullable' if the pointer may be null
 16684 |     VkBuffer buffer)
       |     ^
       |              _Nullable
/data/data/com.termux/files/home/ExynosTools-LSFG/external/VulkanMemoryAllocator/include/vk_mem_alloc.h:16684:5: note: insert '_Nonnull' if the pointer should never be null
 16684 |     VkBuffer buffer)
       |     ^
       |              _Nonnull
/data/data/com.termux/files/home/ExynosTools-LSFG/external/VulkanMemoryAllocator/include/vk_mem_alloc.h:16696:5: warning: pointer is missing a nullability type specifier (_Nonnull, _Nullable, or _Null_unspecified) [-Wnullability-completeness]
 16696 |     VmaAllocator allocator,
       |     ^
/data/data/com.termux/files/home/ExynosTools-LSFG/external/VulkanMemoryAllocator/include/vk_mem_alloc.h:16696:5: note: insert '_Nullable' if the pointer may be null
 16696 |     VmaAllocator allocator,
       |     ^
       |                  _Nullable
/data/data/com.termux/files/home/ExynosTools-LSFG/external/VulkanMemoryAllocator/include/vk_mem_alloc.h:16696:5: note: insert '_Nonnull' if the pointer should never be null
 16696 |     VmaAllocator allocator,
       |     ^
       |                  _Nonnull
/data/data/com.termux/files/home/ExynosTools-LSFG/external/VulkanMemoryAllocator/include/vk_mem_alloc.h:16697:5: warning: pointer is missing a nullability type specifier (_Nonnull, _Nullable, or _Null_unspecified) [-Wnullability-completeness]
 16697 |     VmaAllocation allocation,
       |     ^
/data/data/com.termux/files/home/ExynosTools-LSFG/external/VulkanMemoryAllocator/include/vk_mem_alloc.h:16697:5: note: insert '_Nullable' if the pointer may be null
 16697 |     VmaAllocation allocation,
       |     ^
       |                   _Nullable
/data/data/com.termux/files/home/ExynosTools-LSFG/external/VulkanMemoryAllocator/include/vk_mem_alloc.h:16697:5: note: insert '_Nonnull' if the pointer should never be null
 16697 |     VmaAllocation allocation,
       |     ^
       |                   _Nonnull
/data/data/com.termux/files/home/ExynosTools-LSFG/external/VulkanMemoryAllocator/include/vk_mem_alloc.h:16699:5: warning: pointer is missing a nullability type specifier (_Nonnull, _Nullable, or _Null_unspecified) [-Wnullability-completeness]
 16699 |     VkBuffer buffer,
       |     ^
/data/data/com.termux/files/home/ExynosTools-LSFG/external/VulkanMemoryAllocator/include/vk_mem_alloc.h:16699:5: note: insert '_Nullable' if the pointer may be null
 16699 |     VkBuffer buffer,
       |     ^
       |              _Nullable
/data/data/com.termux/files/home/ExynosTools-LSFG/external/VulkanMemoryAllocator/include/vk_mem_alloc.h:16699:5: note: insert '_Nonnull' if the pointer should never be null
 16699 |     VkBuffer buffer,
       |     ^
       |              _Nonnull
/data/data/com.termux/files/home/ExynosTools-LSFG/external/VulkanMemoryAllocator/include/vk_mem_alloc.h:16700:15: warning: pointer is missing a nullability type specifier (_Nonnull, _Nullable, or _Null_unspecified) [-Wnullability-completeness]
 16700 |     const void* pNext)
       |               ^
/data/data/com.termux/files/home/ExynosTools-LSFG/external/VulkanMemoryAllocator/include/vk_mem_alloc.h:16700:15: note: insert '_Nullable' if the pointer may be null
 16700 |     const void* pNext)
       |               ^
       |                 _Nullable
/data/data/com.termux/files/home/ExynosTools-LSFG/external/VulkanMemoryAllocator/include/vk_mem_alloc.h:16700:15: note: insert '_Nonnull' if the pointer should never be null
 16700 |     const void* pNext)
       |               ^
       |                 _Nonnull
/data/data/com.termux/files/home/ExynosTools-LSFG/external/VulkanMemoryAllocator/include/vk_mem_alloc.h:16712:5: warning: pointer is missing a nullability type specifier (_Nonnull, _Nullable, or _Null_unspecified) [-Wnullability-completeness]
 16712 |     VmaAllocator allocator,
       |     ^
/data/data/com.termux/files/home/ExynosTools-LSFG/external/VulkanMemoryAllocator/include/vk_mem_alloc.h:16712:5: note: insert '_Nullable' if the pointer may be null
 16712 |     VmaAllocator allocator,
       |     ^
       |                  _Nullable
/data/data/com.termux/files/home/ExynosTools-LSFG/external/VulkanMemoryAllocator/include/vk_mem_alloc.h:16712:5: note: insert '_Nonnull' if the pointer should never be null
 16712 |     VmaAllocator allocator,
       |     ^
       |                  _Nonnull
/data/data/com.termux/files/home/ExynosTools-LSFG/external/VulkanMemoryAllocator/include/vk_mem_alloc.h:16713:5: warning: pointer is missing a nullability type specifier (_Nonnull, _Nullable, or _Null_unspecified) [-Wnullability-completeness]
 16713 |     VmaAllocation allocation,
       |     ^
/data/data/com.termux/files/home/ExynosTools-LSFG/external/VulkanMemoryAllocator/include/vk_mem_alloc.h:16713:5: note: insert '_Nullable' if the pointer may be null
 16713 |     VmaAllocation allocation,
       |     ^
       |                   _Nullable
/data/data/com.termux/files/home/ExynosTools-LSFG/external/VulkanMemoryAllocator/include/vk_mem_alloc.h:16713:5: note: insert '_Nonnull' if the pointer should never be null
 16713 |     VmaAllocation allocation,
       |     ^
       |                   _Nonnull
/data/data/com.termux/files/home/ExynosTools-LSFG/external/VulkanMemoryAllocator/include/vk_mem_alloc.h:16714:5: warning: pointer is missing a nullability type specifier (_Nonnull, _Nullable, or _Null_unspecified) [-Wnullability-completeness]
 16714 |     VkImage image)
       |     ^
/data/data/com.termux/files/home/ExynosTools-LSFG/external/VulkanMemoryAllocator/include/vk_mem_alloc.h:16714:5: note: insert '_Nullable' if the pointer may be null
 16714 |     VkImage image)
       |     ^
       |             _Nullable
/data/data/com.termux/files/home/ExynosTools-LSFG/external/VulkanMemoryAllocator/include/vk_mem_alloc.h:16714:5: note: insert '_Nonnull' if the pointer should never be null
 16714 |     VkImage image)
       |     ^
       |             _Nonnull
/data/data/com.termux/files/home/ExynosTools-LSFG/external/VulkanMemoryAllocator/include/vk_mem_alloc.h:16726:5: warning: pointer is missing a nullability type specifier (_Nonnull, _Nullable, or _Null_unspecified) [-Wnullability-completeness]
 16726 |     VmaAllocator allocator,
       |     ^
/data/data/com.termux/files/home/ExynosTools-LSFG/external/VulkanMemoryAllocator/include/vk_mem_alloc.h:16726:5: note: insert '_Nullable' if the pointer may be null
 16726 |     VmaAllocator allocator,
       |     ^
       |                  _Nullable
/data/data/com.termux/files/home/ExynosTools-LSFG/external/VulkanMemoryAllocator/include/vk_mem_alloc.h:16726:5: note: insert '_Nonnull' if the pointer should never be null
 16726 |     VmaAllocator allocator,
       |     ^
       |                  _Nonnull
/data/data/com.termux/files/home/ExynosTools-LSFG/external/VulkanMemoryAllocator/include/vk_mem_alloc.h:16727:5: warning: pointer is missing a nullability type specifier (_Nonnull, _Nullable, or _Null_unspecified) [-Wnullability-completeness]
 16727 |     VmaAllocation allocation,
       |     ^
/data/data/com.termux/files/home/ExynosTools-LSFG/external/VulkanMemoryAllocator/include/vk_mem_alloc.h:16727:5: note: insert '_Nullable' if the pointer may be null
 16727 |     VmaAllocation allocation,
       |     ^
       |                   _Nullable
/data/data/com.termux/files/home/ExynosTools-LSFG/external/VulkanMemoryAllocator/include/vk_mem_alloc.h:16727:5: note: insert '_Nonnull' if the pointer should never be null
 16727 |     VmaAllocation allocation,
       |     ^
       |                   _Nonnull
/data/data/com.termux/files/home/ExynosTools-LSFG/external/VulkanMemoryAllocator/include/vk_mem_alloc.h:16729:5: warning: pointer is missing a nullability type specifier (_Nonnull, _Nullable, or _Null_unspecified) [-Wnullability-completeness]
 16729 |     VkImage image,
       |     ^
/data/data/com.termux/files/home/ExynosTools-LSFG/external/VulkanMemoryAllocator/include/vk_mem_alloc.h:16729:5: note: insert '_Nullable' if the pointer may be null
 16729 |     VkImage image,
       |     ^
       |             _Nullable
/data/data/com.termux/files/home/ExynosTools-LSFG/external/VulkanMemoryAllocator/include/vk_mem_alloc.h:16729:5: note: insert '_Nonnull' if the pointer should never be null
 16729 |     VkImage image,
       |     ^
       |             _Nonnull
/data/data/com.termux/files/home/ExynosTools-LSFG/external/VulkanMemoryAllocator/include/vk_mem_alloc.h:16730:15: warning: pointer is missing a nullability type specifier (_Nonnull, _Nullable, or _Null_unspecified) [-Wnullability-completeness]
 16730 |     const void* pNext)
       |               ^
/data/data/com.termux/files/home/ExynosTools-LSFG/external/VulkanMemoryAllocator/include/vk_mem_alloc.h:16730:15: note: insert '_Nullable' if the pointer may be null
 16730 |     const void* pNext)
       |               ^
       |                 _Nullable
/data/data/com.termux/files/home/ExynosTools-LSFG/external/VulkanMemoryAllocator/include/vk_mem_alloc.h:16730:15: note: insert '_Nonnull' if the pointer should never be null
 16730 |     const void* pNext)
       |               ^
       |                 _Nonnull
/data/data/com.termux/files/home/ExynosTools-LSFG/external/VulkanMemoryAllocator/include/vk_mem_alloc.h:16742:5: warning: pointer is missing a nullability type specifier (_Nonnull, _Nullable, or _Null_unspecified) [-Wnullability-completeness]
 16742 |     VmaAllocator allocator,
       |     ^
/data/data/com.termux/files/home/ExynosTools-LSFG/external/VulkanMemoryAllocator/include/vk_mem_alloc.h:16742:5: note: insert '_Nullable' if the pointer may be null
 16742 |     VmaAllocator allocator,
       |     ^
       |                  _Nullable
/data/data/com.termux/files/home/ExynosTools-LSFG/external/VulkanMemoryAllocator/include/vk_mem_alloc.h:16742:5: note: insert '_Nonnull' if the pointer should never be null
 16742 |     VmaAllocator allocator,
       |     ^
       |                  _Nonnull
/data/data/com.termux/files/home/ExynosTools-LSFG/external/VulkanMemoryAllocator/include/vk_mem_alloc.h:16743:29: warning: pointer is missing a nullability type specifier (_Nonnull, _Nullable, or _Null_unspecified) [-Wnullability-completeness]
 16743 |     const VkBufferCreateInfo* pBufferCreateInfo,
       |                             ^
/data/data/com.termux/files/home/ExynosTools-LSFG/external/VulkanMemoryAllocator/include/vk_mem_alloc.h:16743:29: note: insert '_Nullable' if the pointer may be null
 16743 |     const VkBufferCreateInfo* pBufferCreateInfo,
       |                             ^
       |                               _Nullable
/data/data/com.termux/files/home/ExynosTools-LSFG/external/VulkanMemoryAllocator/include/vk_mem_alloc.h:16743:29: note: insert '_Nonnull' if the pointer should never be null
 16743 |     const VkBufferCreateInfo* pBufferCreateInfo,
       |                             ^
       |                               _Nonnull
/data/data/com.termux/files/home/ExynosTools-LSFG/external/VulkanMemoryAllocator/include/vk_mem_alloc.h:16744:34: warning: pointer is missing a nullability type specifier (_Nonnull, _Nullable, or _Null_unspecified) [-Wnullability-completeness]
 16744 |     const VmaAllocationCreateInfo* pAllocationCreateInfo,
       |                                  ^
/data/data/com.termux/files/home/ExynosTools-LSFG/external/VulkanMemoryAllocator/include/vk_mem_alloc.h:16744:34: note: insert '_Nullable' if the pointer may be null
 16744 |     const VmaAllocationCreateInfo* pAllocationCreateInfo,
       |                                  ^
       |                                    _Nullable
/data/data/com.termux/files/home/ExynosTools-LSFG/external/VulkanMemoryAllocator/include/vk_mem_alloc.h:16744:34: note: insert '_Nonnull' if the pointer should never be null
 16744 |     const VmaAllocationCreateInfo* pAllocationCreateInfo,
       |                                  ^
       |                                    _Nonnull
/data/data/com.termux/files/home/ExynosTools-LSFG/external/VulkanMemoryAllocator/include/vk_mem_alloc.h:16745:5: warning: pointer is missing a nullability type specifier (_Nonnull, _Nullable, or _Null_unspecified) [-Wnullability-completeness]
 16745 |     VkBuffer* pBuffer,
       |     ^
/data/data/com.termux/files/home/ExynosTools-LSFG/external/VulkanMemoryAllocator/include/vk_mem_alloc.h:16745:5: note: insert '_Nullable' if the pointer may be null
 16745 |     VkBuffer* pBuffer,
       |     ^       
       |              _Nullable 
/data/data/com.termux/files/home/ExynosTools-LSFG/external/VulkanMemoryAllocator/include/vk_mem_alloc.h:16745:5: note: insert '_Nonnull' if the pointer should never be null
 16745 |     VkBuffer* pBuffer,
       |     ^       
       |              _Nonnull 
/data/data/com.termux/files/home/ExynosTools-LSFG/external/VulkanMemoryAllocator/include/vk_mem_alloc.h:16745:13: warning: pointer is missing a nullability type specifier (_Nonnull, _Nullable, or _Null_unspecified) [-Wnullability-completeness]
 16745 |     VkBuffer* pBuffer,
       |             ^
/data/data/com.termux/files/home/ExynosTools-LSFG/external/VulkanMemoryAllocator/include/vk_mem_alloc.h:16745:13: note: insert '_Nullable' if the pointer may be null
 16745 |     VkBuffer* pBuffer,
       |             ^
       |               _Nullable
/data/data/com.termux/files/home/ExynosTools-LSFG/external/VulkanMemoryAllocator/include/vk_mem_alloc.h:16745:13: note: insert '_Nonnull' if the pointer should never be null
 16745 |     VkBuffer* pBuffer,
       |             ^
       |               _Nonnull
/data/data/com.termux/files/home/ExynosTools-LSFG/external/VulkanMemoryAllocator/include/vk_mem_alloc.h:16746:5: warning: pointer is missing a nullability type specifier (_Nonnull, _Nullable, or _Null_unspecified) [-Wnullability-completeness]
 16746 |     VmaAllocation* pAllocation,
       |     ^
/data/data/com.termux/files/home/ExynosTools-LSFG/external/VulkanMemoryAllocator/include/vk_mem_alloc.h:16746:5: note: insert '_Nullable' if the pointer may be null
 16746 |     VmaAllocation* pAllocation,
       |     ^            
       |                   _Nullable 
/data/data/com.termux/files/home/ExynosTools-LSFG/external/VulkanMemoryAllocator/include/vk_mem_alloc.h:16746:5: note: insert '_Nonnull' if the pointer should never be null
 16746 |     VmaAllocation* pAllocation,
       |     ^            
       |                   _Nonnull 
/data/data/com.termux/files/home/ExynosTools-LSFG/external/VulkanMemoryAllocator/include/vk_mem_alloc.h:16746:18: warning: pointer is missing a nullability type specifier (_Nonnull, _Nullable, or _Null_unspecified) [-Wnullability-completeness]
 16746 |     VmaAllocation* pAllocation,
       |                  ^
/data/data/com.termux/files/home/ExynosTools-LSFG/external/VulkanMemoryAllocator/include/vk_mem_alloc.h:16746:18: note: insert '_Nullable' if the pointer may be null
 16746 |     VmaAllocation* pAllocation,
       |                  ^
       |                    _Nullable
/data/data/com.termux/files/home/ExynosTools-LSFG/external/VulkanMemoryAllocator/include/vk_mem_alloc.h:16746:18: note: insert '_Nonnull' if the pointer should never be null
 16746 |     VmaAllocation* pAllocation,
       |                  ^
       |                    _Nonnull
/data/data/com.termux/files/home/ExynosTools-LSFG/external/VulkanMemoryAllocator/include/vk_mem_alloc.h:16747:22: warning: pointer is missing a nullability type specifier (_Nonnull, _Nullable, or _Null_unspecified) [-Wnullability-completeness]
 16747 |     VmaAllocationInfo* pAllocationInfo)
       |                      ^
/data/data/com.termux/files/home/ExynosTools-LSFG/external/VulkanMemoryAllocator/include/vk_mem_alloc.h:16747:22: note: insert '_Nullable' if the pointer may be null
 16747 |     VmaAllocationInfo* pAllocationInfo)
       |                      ^
       |                        _Nullable
/data/data/com.termux/files/home/ExynosTools-LSFG/external/VulkanMemoryAllocator/include/vk_mem_alloc.h:16747:22: note: insert '_Nonnull' if the pointer should never be null
 16747 |     VmaAllocationInfo* pAllocationInfo)
       |                      ^
       |                        _Nonnull
/data/data/com.termux/files/home/ExynosTools-LSFG/external/VulkanMemoryAllocator/include/vk_mem_alloc.h:16760:5: warning: pointer is missing a nullability type specifier (_Nonnull, _Nullable, or _Null_unspecified) [-Wnullability-completeness]
 16760 |     VmaAllocator allocator,
       |     ^
/data/data/com.termux/files/home/ExynosTools-LSFG/external/VulkanMemoryAllocator/include/vk_mem_alloc.h:16760:5: note: insert '_Nullable' if the pointer may be null
 16760 |     VmaAllocator allocator,
       |     ^
       |                  _Nullable
/data/data/com.termux/files/home/ExynosTools-LSFG/external/VulkanMemoryAllocator/include/vk_mem_alloc.h:16760:5: note: insert '_Nonnull' if the pointer should never be null
 16760 |     VmaAllocator allocator,
       |     ^
       |                  _Nonnull
/data/data/com.termux/files/home/ExynosTools-LSFG/external/VulkanMemoryAllocator/include/vk_mem_alloc.h:16761:29: warning: pointer is missing a nullability type specifier (_Nonnull, _Nullable, or _Null_unspecified) [-Wnullability-completeness]
 16761 |     const VkBufferCreateInfo* pBufferCreateInfo,
       |                             ^
/data/data/com.termux/files/home/ExynosTools-LSFG/external/VulkanMemoryAllocator/include/vk_mem_alloc.h:16761:29: note: insert '_Nullable' if the pointer may be null
 16761 |     const VkBufferCreateInfo* pBufferCreateInfo,
       |                             ^
       |                               _Nullable
/data/data/com.termux/files/home/ExynosTools-LSFG/external/VulkanMemoryAllocator/include/vk_mem_alloc.h:16761:29: note: insert '_Nonnull' if the pointer should never be null
 16761 |     const VkBufferCreateInfo* pBufferCreateInfo,
       |                             ^
       |                               _Nonnull
/data/data/com.termux/files/home/ExynosTools-LSFG/external/VulkanMemoryAllocator/include/vk_mem_alloc.h:16762:34: warning: pointer is missing a nullability type specifier (_Nonnull, _Nullable, or _Null_unspecified) [-Wnullability-completeness]
 16762 |     const VmaAllocationCreateInfo* pAllocationCreateInfo,
       |                                  ^
/data/data/com.termux/files/home/ExynosTools-LSFG/external/VulkanMemoryAllocator/include/vk_mem_alloc.h:16762:34: note: insert '_Nullable' if the pointer may be null
 16762 |     const VmaAllocationCreateInfo* pAllocationCreateInfo,
       |                                  ^
       |                                    _Nullable
/data/data/com.termux/files/home/ExynosTools-LSFG/external/VulkanMemoryAllocator/include/vk_mem_alloc.h:16762:34: note: insert '_Nonnull' if the pointer should never be null
 16762 |     const VmaAllocationCreateInfo* pAllocationCreateInfo,
       |                                  ^
       |                                    _Nonnull
/data/data/com.termux/files/home/ExynosTools-LSFG/external/VulkanMemoryAllocator/include/vk_mem_alloc.h:16764:5: warning: pointer is missing a nullability type specifier (_Nonnull, _Nullable, or _Null_unspecified) [-Wnullability-completeness]
 16764 |     VkBuffer* pBuffer,
       |     ^
/data/data/com.termux/files/home/ExynosTools-LSFG/external/VulkanMemoryAllocator/include/vk_mem_alloc.h:16764:5: note: insert '_Nullable' if the pointer may be null
 16764 |     VkBuffer* pBuffer,
       |     ^       
       |              _Nullable 
/data/data/com.termux/files/home/ExynosTools-LSFG/external/VulkanMemoryAllocator/include/vk_mem_alloc.h:16764:5: note: insert '_Nonnull' if the pointer should never be null
 16764 |     VkBuffer* pBuffer,
       |     ^       
       |              _Nonnull 
/data/data/com.termux/files/home/ExynosTools-LSFG/external/VulkanMemoryAllocator/include/vk_mem_alloc.h:16764:13: warning: pointer is missing a nullability type specifier (_Nonnull, _Nullable, or _Null_unspecified) [-Wnullability-completeness]
 16764 |     VkBuffer* pBuffer,
       |             ^
/data/data/com.termux/files/home/ExynosTools-LSFG/external/VulkanMemoryAllocator/include/vk_mem_alloc.h:16764:13: note: insert '_Nullable' if the pointer may be null
 16764 |     VkBuffer* pBuffer,
       |             ^
       |               _Nullable
/data/data/com.termux/files/home/ExynosTools-LSFG/external/VulkanMemoryAllocator/include/vk_mem_alloc.h:16764:13: note: insert '_Nonnull' if the pointer should never be null
 16764 |     VkBuffer* pBuffer,
       |             ^
       |               _Nonnull
/data/data/com.termux/files/home/ExynosTools-LSFG/external/VulkanMemoryAllocator/include/vk_mem_alloc.h:16765:5: warning: pointer is missing a nullability type specifier (_Nonnull, _Nullable, or _Null_unspecified) [-Wnullability-completeness]
 16765 |     VmaAllocation* pAllocation,
       |     ^
/data/data/com.termux/files/home/ExynosTools-LSFG/external/VulkanMemoryAllocator/include/vk_mem_alloc.h:16765:5: note: insert '_Nullable' if the pointer may be null
 16765 |     VmaAllocation* pAllocation,
       |     ^            
       |                   _Nullable 
/data/data/com.termux/files/home/ExynosTools-LSFG/external/VulkanMemoryAllocator/include/vk_mem_alloc.h:16765:5: note: insert '_Nonnull' if the pointer should never be null
 16765 |     VmaAllocation* pAllocation,
       |     ^            
       |                   _Nonnull 
/data/data/com.termux/files/home/ExynosTools-LSFG/external/VulkanMemoryAllocator/include/vk_mem_alloc.h:16765:18: warning: pointer is missing a nullability type specifier (_Nonnull, _Nullable, or _Null_unspecified) [-Wnullability-completeness]
 16765 |     VmaAllocation* pAllocation,
       |                  ^
/data/data/com.termux/files/home/ExynosTools-LSFG/external/VulkanMemoryAllocator/include/vk_mem_alloc.h:16765:18: note: insert '_Nullable' if the pointer may be null
 16765 |     VmaAllocation* pAllocation,
       |                  ^
       |                    _Nullable
/data/data/com.termux/files/home/ExynosTools-LSFG/external/VulkanMemoryAllocator/include/vk_mem_alloc.h:16765:18: note: insert '_Nonnull' if the pointer should never be null
 16765 |     VmaAllocation* pAllocation,
       |                  ^
       |                    _Nonnull
/data/data/com.termux/files/home/ExynosTools-LSFG/external/VulkanMemoryAllocator/include/vk_mem_alloc.h:16766:22: warning: pointer is missing a nullability type specifier (_Nonnull, _Nullable, or _Null_unspecified) [-Wnullability-completeness]
 16766 |     VmaAllocationInfo* pAllocationInfo)
       |                      ^
/data/data/com.termux/files/home/ExynosTools-LSFG/external/VulkanMemoryAllocator/include/vk_mem_alloc.h:16766:22: note: insert '_Nullable' if the pointer may be null
 16766 |     VmaAllocationInfo* pAllocationInfo)
       |                      ^
       |                        _Nullable
/data/data/com.termux/files/home/ExynosTools-LSFG/external/VulkanMemoryAllocator/include/vk_mem_alloc.h:16766:22: note: insert '_Nonnull' if the pointer should never be null
 16766 |     VmaAllocationInfo* pAllocationInfo)
       |                      ^
       |                        _Nonnull
/data/data/com.termux/files/home/ExynosTools-LSFG/external/VulkanMemoryAllocator/include/vk_mem_alloc.h:16781:5: warning: pointer is missing a nullability type specifier (_Nonnull, _Nullable, or _Null_unspecified) [-Wnullability-completeness]
 16781 |     VmaAllocator allocator,
       |     ^
/data/data/com.termux/files/home/ExynosTools-LSFG/external/VulkanMemoryAllocator/include/vk_mem_alloc.h:16781:5: note: insert '_Nullable' if the pointer may be null
 16781 |     VmaAllocator allocator,
       |     ^
       |                  _Nullable
/data/data/com.termux/files/home/ExynosTools-LSFG/external/VulkanMemoryAllocator/include/vk_mem_alloc.h:16781:5: note: insert '_Nonnull' if the pointer should never be null
 16781 |     VmaAllocator allocator,
       |     ^
       |                  _Nonnull
/data/data/com.termux/files/home/ExynosTools-LSFG/external/VulkanMemoryAllocator/include/vk_mem_alloc.h:16782:29: warning: pointer is missing a nullability type specifier (_Nonnull, _Nullable, or _Null_unspecified) [-Wnullability-completeness]
 16782 |     const VkBufferCreateInfo* pBufferCreateInfo,
       |                             ^
/data/data/com.termux/files/home/ExynosTools-LSFG/external/VulkanMemoryAllocator/include/vk_mem_alloc.h:16782:29: note: insert '_Nullable' if the pointer may be null
 16782 |     const VkBufferCreateInfo* pBufferCreateInfo,
       |                             ^
       |                               _Nullable
/data/data/com.termux/files/home/ExynosTools-LSFG/external/VulkanMemoryAllocator/include/vk_mem_alloc.h:16782:29: note: insert '_Nonnull' if the pointer should never be null
 16782 |     const VkBufferCreateInfo* pBufferCreateInfo,
       |                             ^
       |                               _Nonnull
/data/data/com.termux/files/home/ExynosTools-LSFG/external/VulkanMemoryAllocator/include/vk_mem_alloc.h:16783:34: warning: pointer is missing a nullability type specifier (_Nonnull, _Nullable, or _Null_unspecified) [-Wnullability-completeness]
 16783 |     const VmaAllocationCreateInfo* pAllocationCreateInfo,
       |                                  ^
/data/data/com.termux/files/home/ExynosTools-LSFG/external/VulkanMemoryAllocator/include/vk_mem_alloc.h:16783:34: note: insert '_Nullable' if the pointer may be null
 16783 |     const VmaAllocationCreateInfo* pAllocationCreateInfo,
       |                                  ^
       |                                    _Nullable
/data/data/com.termux/files/home/ExynosTools-LSFG/external/VulkanMemoryAllocator/include/vk_mem_alloc.h:16783:34: note: insert '_Nonnull' if the pointer should never be null
 16783 |     const VmaAllocationCreateInfo* pAllocationCreateInfo,
       |                                  ^
       |                                    _Nonnull
/data/data/com.termux/files/home/ExynosTools-LSFG/external/VulkanMemoryAllocator/include/vk_mem_alloc.h:16784:9: warning: pointer is missing a nullability type specifier (_Nonnull, _Nullable, or _Null_unspecified) [-Wnullability-completeness]
 16784 |     void* pMemoryAllocateNext,
       |         ^
/data/data/com.termux/files/home/ExynosTools-LSFG/external/VulkanMemoryAllocator/include/vk_mem_alloc.h:16784:9: note: insert '_Nullable' if the pointer may be null
 16784 |     void* pMemoryAllocateNext,
       |         ^
       |           _Nullable
/data/data/com.termux/files/home/ExynosTools-LSFG/external/VulkanMemoryAllocator/include/vk_mem_alloc.h:16784:9: note: insert '_Nonnull' if the pointer should never be null
 16784 |     void* pMemoryAllocateNext,
       |         ^
       |           _Nonnull
/data/data/com.termux/files/home/ExynosTools-LSFG/external/VulkanMemoryAllocator/include/vk_mem_alloc.h:16785:5: warning: pointer is missing a nullability type specifier (_Nonnull, _Nullable, or _Null_unspecified) [-Wnullability-completeness]
 16785 |     VkBuffer* pBuffer,
       |     ^
/data/data/com.termux/files/home/ExynosTools-LSFG/external/VulkanMemoryAllocator/include/vk_mem_alloc.h:16785:5: note: insert '_Nullable' if the pointer may be null
 16785 |     VkBuffer* pBuffer,
       |     ^       
       |              _Nullable 
/data/data/com.termux/files/home/ExynosTools-LSFG/external/VulkanMemoryAllocator/include/vk_mem_alloc.h:16785:5: note: insert '_Nonnull' if the pointer should never be null
 16785 |     VkBuffer* pBuffer,
       |     ^       
       |              _Nonnull 
/data/data/com.termux/files/home/ExynosTools-LSFG/external/VulkanMemoryAllocator/include/vk_mem_alloc.h:16785:13: warning: pointer is missing a nullability type specifier (_Nonnull, _Nullable, or _Null_unspecified) [-Wnullability-completeness]
 16785 |     VkBuffer* pBuffer,
       |             ^
/data/data/com.termux/files/home/ExynosTools-LSFG/external/VulkanMemoryAllocator/include/vk_mem_alloc.h:16785:13: note: insert '_Nullable' if the pointer may be null
 16785 |     VkBuffer* pBuffer,
       |             ^
       |               _Nullable
/data/data/com.termux/files/home/ExynosTools-LSFG/external/VulkanMemoryAllocator/include/vk_mem_alloc.h:16785:13: note: insert '_Nonnull' if the pointer should never be null
 16785 |     VkBuffer* pBuffer,
       |             ^
       |               _Nonnull
/data/data/com.termux/files/home/ExynosTools-LSFG/external/VulkanMemoryAllocator/include/vk_mem_alloc.h:16786:5: warning: pointer is missing a nullability type specifier (_Nonnull, _Nullable, or _Null_unspecified) [-Wnullability-completeness]
 16786 |     VmaAllocation* pAllocation,
       |     ^
/data/data/com.termux/files/home/ExynosTools-LSFG/external/VulkanMemoryAllocator/include/vk_mem_alloc.h:16786:5: note: insert '_Nullable' if the pointer may be null
 16786 |     VmaAllocation* pAllocation,
       |     ^            
       |                   _Nullable 
/data/data/com.termux/files/home/ExynosTools-LSFG/external/VulkanMemoryAllocator/include/vk_mem_alloc.h:16786:5: note: insert '_Nonnull' if the pointer should never be null
 16786 |     VmaAllocation* pAllocation,
       |     ^            
       |                   _Nonnull 
/data/data/com.termux/files/home/ExynosTools-LSFG/external/VulkanMemoryAllocator/include/vk_mem_alloc.h:16786:18: warning: pointer is missing a nullability type specifier (_Nonnull, _Nullable, or _Null_unspecified) [-Wnullability-completeness]
 16786 |     VmaAllocation* pAllocation,
       |                  ^
/data/data/com.termux/files/home/ExynosTools-LSFG/external/VulkanMemoryAllocator/include/vk_mem_alloc.h:16786:18: note: insert '_Nullable' if the pointer may be null
 16786 |     VmaAllocation* pAllocation,
       |                  ^
       |                    _Nullable
/data/data/com.termux/files/home/ExynosTools-LSFG/external/VulkanMemoryAllocator/include/vk_mem_alloc.h:16786:18: note: insert '_Nonnull' if the pointer should never be null
 16786 |     VmaAllocation* pAllocation,
       |                  ^
       |                    _Nonnull
/data/data/com.termux/files/home/ExynosTools-LSFG/external/VulkanMemoryAllocator/include/vk_mem_alloc.h:16787:22: warning: pointer is missing a nullability type specifier (_Nonnull, _Nullable, or _Null_unspecified) [-Wnullability-completeness]
 16787 |     VmaAllocationInfo* pAllocationInfo)
       |                      ^
/data/data/com.termux/files/home/ExynosTools-LSFG/external/VulkanMemoryAllocator/include/vk_mem_alloc.h:16787:22: note: insert '_Nullable' if the pointer may be null
 16787 |     VmaAllocationInfo* pAllocationInfo)
       |                      ^
       |                        _Nullable
/data/data/com.termux/files/home/ExynosTools-LSFG/external/VulkanMemoryAllocator/include/vk_mem_alloc.h:16787:22: note: insert '_Nonnull' if the pointer should never be null
 16787 |     VmaAllocationInfo* pAllocationInfo)
       |                      ^
       |                        _Nonnull
/data/data/com.termux/files/home/ExynosTools-LSFG/external/VulkanMemoryAllocator/include/vk_mem_alloc.h:16857:5: warning: pointer is missing a nullability type specifier (_Nonnull, _Nullable, or _Null_unspecified) [-Wnullability-completeness]
 16857 |     VmaAllocator allocator,
       |     ^
/data/data/com.termux/files/home/ExynosTools-LSFG/external/VulkanMemoryAllocator/include/vk_mem_alloc.h:16857:5: note: insert '_Nullable' if the pointer may be null
 16857 |     VmaAllocator allocator,
       |     ^
       |                  _Nullable
/data/data/com.termux/files/home/ExynosTools-LSFG/external/VulkanMemoryAllocator/include/vk_mem_alloc.h:16857:5: note: insert '_Nonnull' if the pointer should never be null
 16857 |     VmaAllocator allocator,
       |     ^
       |                  _Nonnull
/data/data/com.termux/files/home/ExynosTools-LSFG/external/VulkanMemoryAllocator/include/vk_mem_alloc.h:16858:5: warning: pointer is missing a nullability type specifier (_Nonnull, _Nullable, or _Null_unspecified) [-Wnullability-completeness]
 16858 |     VkBuffer buffer,
       |     ^
/data/data/com.termux/files/home/ExynosTools-LSFG/external/VulkanMemoryAllocator/include/vk_mem_alloc.h:16858:5: note: insert '_Nullable' if the pointer may be null
 16858 |     VkBuffer buffer,
       |     ^
       |              _Nullable
/data/data/com.termux/files/home/ExynosTools-LSFG/external/VulkanMemoryAllocator/include/vk_mem_alloc.h:16858:5: note: insert '_Nonnull' if the pointer should never be null
 16858 |     VkBuffer buffer,
       |     ^
       |              _Nonnull
/data/data/com.termux/files/home/ExynosTools-LSFG/external/VulkanMemoryAllocator/include/vk_mem_alloc.h:16859:5: warning: pointer is missing a nullability type specifier (_Nonnull, _Nullable, or _Null_unspecified) [-Wnullability-completeness]
 16859 |     VmaAllocation allocation)
       |     ^
/data/data/com.termux/files/home/ExynosTools-LSFG/external/VulkanMemoryAllocator/include/vk_mem_alloc.h:16859:5: note: insert '_Nullable' if the pointer may be null
 16859 |     VmaAllocation allocation)
       |     ^
       |                   _Nullable
/data/data/com.termux/files/home/ExynosTools-LSFG/external/VulkanMemoryAllocator/include/vk_mem_alloc.h:16859:5: note: insert '_Nonnull' if the pointer should never be null
 16859 |     VmaAllocation allocation)
       |     ^
       |                   _Nonnull
/data/data/com.termux/files/home/ExynosTools-LSFG/external/VulkanMemoryAllocator/include/vk_mem_alloc.h:16886:5: warning: pointer is missing a nullability type specifier (_Nonnull, _Nullable, or _Null_unspecified) [-Wnullability-completeness]
 16886 |     VmaAllocator allocator,
       |     ^
/data/data/com.termux/files/home/ExynosTools-LSFG/external/VulkanMemoryAllocator/include/vk_mem_alloc.h:16886:5: note: insert '_Nullable' if the pointer may be null
 16886 |     VmaAllocator allocator,
       |     ^
       |                  _Nullable
/data/data/com.termux/files/home/ExynosTools-LSFG/external/VulkanMemoryAllocator/include/vk_mem_alloc.h:16886:5: note: insert '_Nonnull' if the pointer should never be null
 16886 |     VmaAllocator allocator,
       |     ^
       |                  _Nonnull
/data/data/com.termux/files/home/ExynosTools-LSFG/external/VulkanMemoryAllocator/include/vk_mem_alloc.h:16887:28: warning: pointer is missing a nullability type specifier (_Nonnull, _Nullable, or _Null_unspecified) [-Wnullability-completeness]
 16887 |     const VkImageCreateInfo* pImageCreateInfo,
       |                            ^
/data/data/com.termux/files/home/ExynosTools-LSFG/external/VulkanMemoryAllocator/include/vk_mem_alloc.h:16887:28: note: insert '_Nullable' if the pointer may be null
 16887 |     const VkImageCreateInfo* pImageCreateInfo,
       |                            ^
       |                              _Nullable
/data/data/com.termux/files/home/ExynosTools-LSFG/external/VulkanMemoryAllocator/include/vk_mem_alloc.h:16887:28: note: insert '_Nonnull' if the pointer should never be null
 16887 |     const VkImageCreateInfo* pImageCreateInfo,
       |                            ^
       |                              _Nonnull
/data/data/com.termux/files/home/ExynosTools-LSFG/external/VulkanMemoryAllocator/include/vk_mem_alloc.h:16888:34: warning: pointer is missing a nullability type specifier (_Nonnull, _Nullable, or _Null_unspecified) [-Wnullability-completeness]
 16888 |     const VmaAllocationCreateInfo* pAllocationCreateInfo,
       |                                  ^
/data/data/com.termux/files/home/ExynosTools-LSFG/external/VulkanMemoryAllocator/include/vk_mem_alloc.h:16888:34: note: insert '_Nullable' if the pointer may be null
 16888 |     const VmaAllocationCreateInfo* pAllocationCreateInfo,
       |                                  ^
       |                                    _Nullable
/data/data/com.termux/files/home/ExynosTools-LSFG/external/VulkanMemoryAllocator/include/vk_mem_alloc.h:16888:34: note: insert '_Nonnull' if the pointer should never be null
 16888 |     const VmaAllocationCreateInfo* pAllocationCreateInfo,
       |                                  ^
       |                                    _Nonnull
/data/data/com.termux/files/home/ExynosTools-LSFG/external/VulkanMemoryAllocator/include/vk_mem_alloc.h:16889:5: warning: pointer is missing a nullability type specifier (_Nonnull, _Nullable, or _Null_unspecified) [-Wnullability-completeness]
 16889 |     VkImage* pImage,
       |     ^
/data/data/com.termux/files/home/ExynosTools-LSFG/external/VulkanMemoryAllocator/include/vk_mem_alloc.h:16889:5: note: insert '_Nullable' if the pointer may be null
 16889 |     VkImage* pImage,
       |     ^      
       |             _Nullable 
/data/data/com.termux/files/home/ExynosTools-LSFG/external/VulkanMemoryAllocator/include/vk_mem_alloc.h:16889:5: note: insert '_Nonnull' if the pointer should never be null
 16889 |     VkImage* pImage,
       |     ^      
       |             _Nonnull 
/data/data/com.termux/files/home/ExynosTools-LSFG/external/VulkanMemoryAllocator/include/vk_mem_alloc.h:16889:12: warning: pointer is missing a nullability type specifier (_Nonnull, _Nullable, or _Null_unspecified) [-Wnullability-completeness]
 16889 |     VkImage* pImage,
       |            ^
/data/data/com.termux/files/home/ExynosTools-LSFG/external/VulkanMemoryAllocator/include/vk_mem_alloc.h:16889:12: note: insert '_Nullable' if the pointer may be null
 16889 |     VkImage* pImage,
       |            ^
       |              _Nullable
/data/data/com.termux/files/home/ExynosTools-LSFG/external/VulkanMemoryAllocator/include/vk_mem_alloc.h:16889:12: note: insert '_Nonnull' if the pointer should never be null
 16889 |     VkImage* pImage,
       |            ^
       |              _Nonnull
/data/data/com.termux/files/home/ExynosTools-LSFG/external/VulkanMemoryAllocator/include/vk_mem_alloc.h:16890:5: warning: pointer is missing a nullability type specifier (_Nonnull, _Nullable, or _Null_unspecified) [-Wnullability-completeness]
 16890 |     VmaAllocation* pAllocation,
       |     ^
/data/data/com.termux/files/home/ExynosTools-LSFG/external/VulkanMemoryAllocator/include/vk_mem_alloc.h:16890:5: note: insert '_Nullable' if the pointer may be null
 16890 |     VmaAllocation* pAllocation,
       |     ^            
       |                   _Nullable 
/data/data/com.termux/files/home/ExynosTools-LSFG/external/VulkanMemoryAllocator/include/vk_mem_alloc.h:16890:5: note: insert '_Nonnull' if the pointer should never be null
 16890 |     VmaAllocation* pAllocation,
       |     ^            
       |                   _Nonnull 
/data/data/com.termux/files/home/ExynosTools-LSFG/external/VulkanMemoryAllocator/include/vk_mem_alloc.h:16890:18: warning: pointer is missing a nullability type specifier (_Nonnull, _Nullable, or _Null_unspecified) [-Wnullability-completeness]
 16890 |     VmaAllocation* pAllocation,
       |                  ^
/data/data/com.termux/files/home/ExynosTools-LSFG/external/VulkanMemoryAllocator/include/vk_mem_alloc.h:16890:18: note: insert '_Nullable' if the pointer may be null
 16890 |     VmaAllocation* pAllocation,
       |                  ^
       |                    _Nullable
/data/data/com.termux/files/home/ExynosTools-LSFG/external/VulkanMemoryAllocator/include/vk_mem_alloc.h:16890:18: note: insert '_Nonnull' if the pointer should never be null
 16890 |     VmaAllocation* pAllocation,
       |                  ^
       |                    _Nonnull
/data/data/com.termux/files/home/ExynosTools-LSFG/external/VulkanMemoryAllocator/include/vk_mem_alloc.h:16891:22: warning: pointer is missing a nullability type specifier (_Nonnull, _Nullable, or _Null_unspecified) [-Wnullability-completeness]
 16891 |     VmaAllocationInfo* pAllocationInfo)
       |                      ^
/data/data/com.termux/files/home/ExynosTools-LSFG/external/VulkanMemoryAllocator/include/vk_mem_alloc.h:16891:22: note: insert '_Nullable' if the pointer may be null
 16891 |     VmaAllocationInfo* pAllocationInfo)
       |                      ^
       |                        _Nullable
/data/data/com.termux/files/home/ExynosTools-LSFG/external/VulkanMemoryAllocator/include/vk_mem_alloc.h:16891:22: note: insert '_Nonnull' if the pointer should never be null
 16891 |     VmaAllocationInfo* pAllocationInfo)
       |                      ^
       |                        _Nonnull
/data/data/com.termux/files/home/ExynosTools-LSFG/external/VulkanMemoryAllocator/include/vk_mem_alloc.h:16905:5: warning: pointer is missing a nullability type specifier (_Nonnull, _Nullable, or _Null_unspecified) [-Wnullability-completeness]
 16905 |     VmaAllocator allocator,
       |     ^
/data/data/com.termux/files/home/ExynosTools-LSFG/external/VulkanMemoryAllocator/include/vk_mem_alloc.h:16905:5: note: insert '_Nullable' if the pointer may be null
 16905 |     VmaAllocator allocator,
       |     ^
       |                  _Nullable
/data/data/com.termux/files/home/ExynosTools-LSFG/external/VulkanMemoryAllocator/include/vk_mem_alloc.h:16905:5: note: insert '_Nonnull' if the pointer should never be null
 16905 |     VmaAllocator allocator,
       |     ^
       |                  _Nonnull
/data/data/com.termux/files/home/ExynosTools-LSFG/external/VulkanMemoryAllocator/include/vk_mem_alloc.h:16906:28: warning: pointer is missing a nullability type specifier (_Nonnull, _Nullable, or _Null_unspecified) [-Wnullability-completeness]
 16906 |     const VkImageCreateInfo* pImageCreateInfo,
       |                            ^
/data/data/com.termux/files/home/ExynosTools-LSFG/external/VulkanMemoryAllocator/include/vk_mem_alloc.h:16906:28: note: insert '_Nullable' if the pointer may be null
 16906 |     const VkImageCreateInfo* pImageCreateInfo,
       |                            ^
       |                              _Nullable
/data/data/com.termux/files/home/ExynosTools-LSFG/external/VulkanMemoryAllocator/include/vk_mem_alloc.h:16906:28: note: insert '_Nonnull' if the pointer should never be null
 16906 |     const VkImageCreateInfo* pImageCreateInfo,
       |                            ^
       |                              _Nonnull
/data/data/com.termux/files/home/ExynosTools-LSFG/external/VulkanMemoryAllocator/include/vk_mem_alloc.h:16907:34: warning: pointer is missing a nullability type specifier (_Nonnull, _Nullable, or _Null_unspecified) [-Wnullability-completeness]
 16907 |     const VmaAllocationCreateInfo* pAllocationCreateInfo,
       |                                  ^
/data/data/com.termux/files/home/ExynosTools-LSFG/external/VulkanMemoryAllocator/include/vk_mem_alloc.h:16907:34: note: insert '_Nullable' if the pointer may be null
 16907 |     const VmaAllocationCreateInfo* pAllocationCreateInfo,
       |                                  ^
       |                                    _Nullable
/data/data/com.termux/files/home/ExynosTools-LSFG/external/VulkanMemoryAllocator/include/vk_mem_alloc.h:16907:34: note: insert '_Nonnull' if the pointer should never be null
 16907 |     const VmaAllocationCreateInfo* pAllocationCreateInfo,
       |                                  ^
       |                                    _Nonnull
/data/data/com.termux/files/home/ExynosTools-LSFG/external/VulkanMemoryAllocator/include/vk_mem_alloc.h:16908:9: warning: pointer is missing a nullability type specifier (_Nonnull, _Nullable, or _Null_unspecified) [-Wnullability-completeness]
 16908 |     void* pMemoryAllocateNext,
       |         ^
/data/data/com.termux/files/home/ExynosTools-LSFG/external/VulkanMemoryAllocator/include/vk_mem_alloc.h:16908:9: note: insert '_Nullable' if the pointer may be null
 16908 |     void* pMemoryAllocateNext,
       |         ^
       |           _Nullable
/data/data/com.termux/files/home/ExynosTools-LSFG/external/VulkanMemoryAllocator/include/vk_mem_alloc.h:16908:9: note: insert '_Nonnull' if the pointer should never be null
 16908 |     void* pMemoryAllocateNext,
       |         ^
       |           _Nonnull
/data/data/com.termux/files/home/ExynosTools-LSFG/external/VulkanMemoryAllocator/include/vk_mem_alloc.h:16909:5: warning: pointer is missing a nullability type specifier (_Nonnull, _Nullable, or _Null_unspecified) [-Wnullability-completeness]
 16909 |     VkImage* pImage,
       |     ^
/data/data/com.termux/files/home/ExynosTools-LSFG/external/VulkanMemoryAllocator/include/vk_mem_alloc.h:16909:5: note: insert '_Nullable' if the pointer may be null
 16909 |     VkImage* pImage,
       |     ^      
       |             _Nullable 
/data/data/com.termux/files/home/ExynosTools-LSFG/external/VulkanMemoryAllocator/include/vk_mem_alloc.h:16909:5: note: insert '_Nonnull' if the pointer should never be null
 16909 |     VkImage* pImage,
       |     ^      
       |             _Nonnull 
/data/data/com.termux/files/home/ExynosTools-LSFG/external/VulkanMemoryAllocator/include/vk_mem_alloc.h:16909:12: warning: pointer is missing a nullability type specifier (_Nonnull, _Nullable, or _Null_unspecified) [-Wnullability-completeness]
 16909 |     VkImage* pImage,
       |            ^
/data/data/com.termux/files/home/ExynosTools-LSFG/external/VulkanMemoryAllocator/include/vk_mem_alloc.h:16909:12: note: insert '_Nullable' if the pointer may be null
 16909 |     VkImage* pImage,
       |            ^
       |              _Nullable
/data/data/com.termux/files/home/ExynosTools-LSFG/external/VulkanMemoryAllocator/include/vk_mem_alloc.h:16909:12: note: insert '_Nonnull' if the pointer should never be null
 16909 |     VkImage* pImage,
       |            ^
       |              _Nonnull
/data/data/com.termux/files/home/ExynosTools-LSFG/external/VulkanMemoryAllocator/include/vk_mem_alloc.h:16910:5: warning: pointer is missing a nullability type specifier (_Nonnull, _Nullable, or _Null_unspecified) [-Wnullability-completeness]
 16910 |     VmaAllocation* pAllocation,
       |     ^
/data/data/com.termux/files/home/ExynosTools-LSFG/external/VulkanMemoryAllocator/include/vk_mem_alloc.h:16910:5: note: insert '_Nullable' if the pointer may be null
 16910 |     VmaAllocation* pAllocation,
       |     ^            
       |                   _Nullable 
/data/data/com.termux/files/home/ExynosTools-LSFG/external/VulkanMemoryAllocator/include/vk_mem_alloc.h:16910:5: note: insert '_Nonnull' if the pointer should never be null
 16910 |     VmaAllocation* pAllocation,
       |     ^            
       |                   _Nonnull 
/data/data/com.termux/files/home/ExynosTools-LSFG/external/VulkanMemoryAllocator/include/vk_mem_alloc.h:16910:18: warning: pointer is missing a nullability type specifier (_Nonnull, _Nullable, or _Null_unspecified) [-Wnullability-completeness]
 16910 |     VmaAllocation* pAllocation,
       |                  ^
/data/data/com.termux/files/home/ExynosTools-LSFG/external/VulkanMemoryAllocator/include/vk_mem_alloc.h:16910:18: note: insert '_Nullable' if the pointer may be null
 16910 |     VmaAllocation* pAllocation,
       |                  ^
       |                    _Nullable
/data/data/com.termux/files/home/ExynosTools-LSFG/external/VulkanMemoryAllocator/include/vk_mem_alloc.h:16910:18: note: insert '_Nonnull' if the pointer should never be null
 16910 |     VmaAllocation* pAllocation,
       |                  ^
       |                    _Nonnull
/data/data/com.termux/files/home/ExynosTools-LSFG/external/VulkanMemoryAllocator/include/vk_mem_alloc.h:16911:22: warning: pointer is missing a nullability type specifier (_Nonnull, _Nullable, or _Null_unspecified) [-Wnullability-completeness]
 16911 |     VmaAllocationInfo* pAllocationInfo)
       |                      ^
/data/data/com.termux/files/home/ExynosTools-LSFG/external/VulkanMemoryAllocator/include/vk_mem_alloc.h:16911:22: note: insert '_Nullable' if the pointer may be null
 16911 |     VmaAllocationInfo* pAllocationInfo)
       |                      ^
       |                        _Nullable
/data/data/com.termux/files/home/ExynosTools-LSFG/external/VulkanMemoryAllocator/include/vk_mem_alloc.h:16911:22: note: insert '_Nonnull' if the pointer should never be null
 16911 |     VmaAllocationInfo* pAllocationInfo)
       |                      ^
       |                        _Nonnull
[ 70%] Building CXX object CMakeFiles/VkLayer_VortekXclipse.dir/src/layer/layer_command_buffer_resources.cpp.o
/data/data/com.termux/files/usr/bin/clang++ --target=aarch64-linux-android26 --sysroot=/data/data/com.termux/files/home/android-ndk-r27c/toolchains/llvm/prebuilt/linux-x86_64/sysroot -DVkLayer_VortekXclipse_EXPORTS -I/data/data/com.termux/files/home/ExynosTools-LSFG/include -I/data/data/com.termux/files/home/ExynosTools-LSFG/third_party/bcdec -I/data/data/com.termux/files/home/Vulkan-Headers/include -I/data/data/com.termux/files/home/Vulkan-Utility-Libraries/include -I/data/data/com.termux/files/home/ExynosTools-LSFG/external/VulkanMemoryAllocator/include -I/data/data/com.termux/files/home/ExynosTools-LSFG/build-lsfg-termux/generated -stdlib=libc++ -O3 -DNDEBUG -std=c++17 -fPIC -fvisibility=hidden -fvisibility-inlines-hidden -MD -MT CMakeFiles/VkLayer_VortekXclipse.dir/src/layer/layer_command_buffer_resources.cpp.o -MF CMakeFiles/VkLayer_VortekXclipse.dir/src/layer/layer_command_buffer_resources.cpp.o.d -o CMakeFiles/VkLayer_VortekXclipse.dir/src/layer/layer_command_buffer_resources.cpp.o -c /data/data/com.termux/files/home/ExynosTools-LSFG/src/layer/layer_command_buffer_resources.cpp
[ 71%] Building CXX object CMakeFiles/VkLayer_VortekXclipse.dir/src/layer/layer_compute_runtime.cpp.o
/data/data/com.termux/files/usr/bin/clang++ --target=aarch64-linux-android26 --sysroot=/data/data/com.termux/files/home/android-ndk-r27c/toolchains/llvm/prebuilt/linux-x86_64/sysroot -DVkLayer_VortekXclipse_EXPORTS -I/data/data/com.termux/files/home/ExynosTools-LSFG/include -I/data/data/com.termux/files/home/ExynosTools-LSFG/third_party/bcdec -I/data/data/com.termux/files/home/Vulkan-Headers/include -I/data/data/com.termux/files/home/Vulkan-Utility-Libraries/include -I/data/data/com.termux/files/home/ExynosTools-LSFG/external/VulkanMemoryAllocator/include -I/data/data/com.termux/files/home/ExynosTools-LSFG/build-lsfg-termux/generated -stdlib=libc++ -O3 -DNDEBUG -std=c++17 -fPIC -fvisibility=hidden -fvisibility-inlines-hidden -MD -MT CMakeFiles/VkLayer_VortekXclipse.dir/src/layer/layer_compute_runtime.cpp.o -MF CMakeFiles/VkLayer_VortekXclipse.dir/src/layer/layer_compute_runtime.cpp.o.d -o CMakeFiles/VkLayer_VortekXclipse.dir/src/layer/layer_compute_runtime.cpp.o -c /data/data/com.termux/files/home/ExynosTools-LSFG/src/layer/layer_compute_runtime.cpp
901 warnings generated.
[ 73%] Building CXX object CMakeFiles/VkLayer_VortekXclipse.dir/src/layer/layer_descriptor_write_builder.cpp.o
/data/data/com.termux/files/usr/bin/clang++ --target=aarch64-linux-android26 --sysroot=/data/data/com.termux/files/home/android-ndk-r27c/toolchains/llvm/prebuilt/linux-x86_64/sysroot -DVkLayer_VortekXclipse_EXPORTS -I/data/data/com.termux/files/home/ExynosTools-LSFG/include -I/data/data/com.termux/files/home/ExynosTools-LSFG/third_party/bcdec -I/data/data/com.termux/files/home/Vulkan-Headers/include -I/data/data/com.termux/files/home/Vulkan-Utility-Libraries/include -I/data/data/com.termux/files/home/ExynosTools-LSFG/external/VulkanMemoryAllocator/include -I/data/data/com.termux/files/home/ExynosTools-LSFG/build-lsfg-termux/generated -stdlib=libc++ -O3 -DNDEBUG -std=c++17 -fPIC -fvisibility=hidden -fvisibility-inlines-hidden -MD -MT CMakeFiles/VkLayer_VortekXclipse.dir/src/layer/layer_descriptor_write_builder.cpp.o -MF CMakeFiles/VkLayer_VortekXclipse.dir/src/layer/layer_descriptor_write_builder.cpp.o.d -o CMakeFiles/VkLayer_VortekXclipse.dir/src/layer/layer_descriptor_write_builder.cpp.o -c /data/data/com.termux/files/home/ExynosTools-LSFG/src/layer/layer_descriptor_write_builder.cpp
[ 74%] Building CXX object CMakeFiles/VkLayer_VortekXclipse.dir/src/layer/layer_global_state.cpp.o
/data/data/com.termux/files/usr/bin/clang++ --target=aarch64-linux-android26 --sysroot=/data/data/com.termux/files/home/android-ndk-r27c/toolchains/llvm/prebuilt/linux-x86_64/sysroot -DVkLayer_VortekXclipse_EXPORTS -I/data/data/com.termux/files/home/ExynosTools-LSFG/include -I/data/data/com.termux/files/home/ExynosTools-LSFG/third_party/bcdec -I/data/data/com.termux/files/home/Vulkan-Headers/include -I/data/data/com.termux/files/home/Vulkan-Utility-Libraries/include -I/data/data/com.termux/files/home/ExynosTools-LSFG/external/VulkanMemoryAllocator/include -I/data/data/com.termux/files/home/ExynosTools-LSFG/build-lsfg-termux/generated -stdlib=libc++ -O3 -DNDEBUG -std=c++17 -fPIC -fvisibility=hidden -fvisibility-inlines-hidden -MD -MT CMakeFiles/VkLayer_VortekXclipse.dir/src/layer/layer_global_state.cpp.o -MF CMakeFiles/VkLayer_VortekXclipse.dir/src/layer/layer_global_state.cpp.o.d -o CMakeFiles/VkLayer_VortekXclipse.dir/src/layer/layer_global_state.cpp.o -c /data/data/com.termux/files/home/ExynosTools-LSFG/src/layer/layer_global_state.cpp
[ 76%] Building CXX object CMakeFiles/VkLayer_VortekXclipse.dir/src/layer/layer_image_virtualization.cpp.o
/data/data/com.termux/files/usr/bin/clang++ --target=aarch64-linux-android26 --sysroot=/data/data/com.termux/files/home/android-ndk-r27c/toolchains/llvm/prebuilt/linux-x86_64/sysroot -DVkLayer_VortekXclipse_EXPORTS -I/data/data/com.termux/files/home/ExynosTools-LSFG/include -I/data/data/com.termux/files/home/ExynosTools-LSFG/third_party/bcdec -I/data/data/com.termux/files/home/Vulkan-Headers/include -I/data/data/com.termux/files/home/Vulkan-Utility-Libraries/include -I/data/data/com.termux/files/home/ExynosTools-LSFG/external/VulkanMemoryAllocator/include -I/data/data/com.termux/files/home/ExynosTools-LSFG/build-lsfg-termux/generated -stdlib=libc++ -O3 -DNDEBUG -std=c++17 -fPIC -fvisibility=hidden -fvisibility-inlines-hidden -MD -MT CMakeFiles/VkLayer_VortekXclipse.dir/src/layer/layer_image_virtualization.cpp.o -MF CMakeFiles/VkLayer_VortekXclipse.dir/src/layer/layer_image_virtualization.cpp.o.d -o CMakeFiles/VkLayer_VortekXclipse.dir/src/layer/layer_image_virtualization.cpp.o -c /data/data/com.termux/files/home/ExynosTools-LSFG/src/layer/layer_image_virtualization.cpp
[ 77%] Building CXX object CMakeFiles/VkLayer_VortekXclipse.dir/src/layer/layer_format_virtualization.cpp.o
/data/data/com.termux/files/usr/bin/clang++ --target=aarch64-linux-android26 --sysroot=/data/data/com.termux/files/home/android-ndk-r27c/toolchains/llvm/prebuilt/linux-x86_64/sysroot -DVkLayer_VortekXclipse_EXPORTS -I/data/data/com.termux/files/home/ExynosTools-LSFG/include -I/data/data/com.termux/files/home/ExynosTools-LSFG/third_party/bcdec -I/data/data/com.termux/files/home/Vulkan-Headers/include -I/data/data/com.termux/files/home/Vulkan-Utility-Libraries/include -I/data/data/com.termux/files/home/ExynosTools-LSFG/external/VulkanMemoryAllocator/include -I/data/data/com.termux/files/home/ExynosTools-LSFG/build-lsfg-termux/generated -stdlib=libc++ -O3 -DNDEBUG -std=c++17 -fPIC -fvisibility=hidden -fvisibility-inlines-hidden -MD -MT CMakeFiles/VkLayer_VortekXclipse.dir/src/layer/layer_format_virtualization.cpp.o -MF CMakeFiles/VkLayer_VortekXclipse.dir/src/layer/layer_format_virtualization.cpp.o.d -o CMakeFiles/VkLayer_VortekXclipse.dir/src/layer/layer_format_virtualization.cpp.o -c /data/data/com.termux/files/home/ExynosTools-LSFG/src/layer/layer_format_virtualization.cpp
[ 79%] Building CXX object CMakeFiles/VkLayer_VortekXclipse.dir/src/layer/layer_pipeline_selection.cpp.o
/data/data/com.termux/files/usr/bin/clang++ --target=aarch64-linux-android26 --sysroot=/data/data/com.termux/files/home/android-ndk-r27c/toolchains/llvm/prebuilt/linux-x86_64/sysroot -DVkLayer_VortekXclipse_EXPORTS -I/data/data/com.termux/files/home/ExynosTools-LSFG/include -I/data/data/com.termux/files/home/ExynosTools-LSFG/third_party/bcdec -I/data/data/com.termux/files/home/Vulkan-Headers/include -I/data/data/com.termux/files/home/Vulkan-Utility-Libraries/include -I/data/data/com.termux/files/home/ExynosTools-LSFG/external/VulkanMemoryAllocator/include -I/data/data/com.termux/files/home/ExynosTools-LSFG/build-lsfg-termux/generated -stdlib=libc++ -O3 -DNDEBUG -std=c++17 -fPIC -fvisibility=hidden -fvisibility-inlines-hidden -MD -MT CMakeFiles/VkLayer_VortekXclipse.dir/src/layer/layer_pipeline_selection.cpp.o -MF CMakeFiles/VkLayer_VortekXclipse.dir/src/layer/layer_pipeline_selection.cpp.o.d -o CMakeFiles/VkLayer_VortekXclipse.dir/src/layer/layer_pipeline_selection.cpp.o -c /data/data/com.termux/files/home/ExynosTools-LSFG/src/layer/layer_pipeline_selection.cpp
[ 80%] Building CXX object CMakeFiles/VkLayer_VortekXclipse.dir/src/layer/layer_lsfg_compat.cpp.o
/data/data/com.termux/files/usr/bin/clang++ --target=aarch64-linux-android26 --sysroot=/data/data/com.termux/files/home/android-ndk-r27c/toolchains/llvm/prebuilt/linux-x86_64/sysroot -DVkLayer_VortekXclipse_EXPORTS -I/data/data/com.termux/files/home/ExynosTools-LSFG/include -I/data/data/com.termux/files/home/ExynosTools-LSFG/third_party/bcdec -I/data/data/com.termux/files/home/Vulkan-Headers/include -I/data/data/com.termux/files/home/Vulkan-Utility-Libraries/include -I/data/data/com.termux/files/home/ExynosTools-LSFG/external/VulkanMemoryAllocator/include -I/data/data/com.termux/files/home/ExynosTools-LSFG/build-lsfg-termux/generated -stdlib=libc++ -O3 -DNDEBUG -std=c++17 -fPIC -fvisibility=hidden -fvisibility-inlines-hidden -MD -MT CMakeFiles/VkLayer_VortekXclipse.dir/src/layer/layer_lsfg_compat.cpp.o -MF CMakeFiles/VkLayer_VortekXclipse.dir/src/layer/layer_lsfg_compat.cpp.o.d -o CMakeFiles/VkLayer_VortekXclipse.dir/src/layer/layer_lsfg_compat.cpp.o -c /data/data/com.termux/files/home/ExynosTools-LSFG/src/layer/layer_lsfg_compat.cpp
[ 82%] Building CXX object CMakeFiles/VkLayer_VortekXclipse.dir/src/layer/layer_settings_utils.cpp.o
/data/data/com.termux/files/usr/bin/clang++ --target=aarch64-linux-android26 --sysroot=/data/data/com.termux/files/home/android-ndk-r27c/toolchains/llvm/prebuilt/linux-x86_64/sysroot -DVkLayer_VortekXclipse_EXPORTS -I/data/data/com.termux/files/home/ExynosTools-LSFG/include -I/data/data/com.termux/files/home/ExynosTools-LSFG/third_party/bcdec -I/data/data/com.termux/files/home/Vulkan-Headers/include -I/data/data/com.termux/files/home/Vulkan-Utility-Libraries/include -I/data/data/com.termux/files/home/ExynosTools-LSFG/external/VulkanMemoryAllocator/include -I/data/data/com.termux/files/home/ExynosTools-LSFG/build-lsfg-termux/generated -stdlib=libc++ -O3 -DNDEBUG -std=c++17 -fPIC -fvisibility=hidden -fvisibility-inlines-hidden -MD -MT CMakeFiles/VkLayer_VortekXclipse.dir/src/layer/layer_settings_utils.cpp.o -MF CMakeFiles/VkLayer_VortekXclipse.dir/src/layer/layer_settings_utils.cpp.o.d -o CMakeFiles/VkLayer_VortekXclipse.dir/src/layer/layer_settings_utils.cpp.o -c /data/data/com.termux/files/home/ExynosTools-LSFG/src/layer/layer_settings_utils.cpp
[ 83%] Building CXX object CMakeFiles/VkLayer_VortekXclipse.dir/src/layer/layer_settings_runtime.cpp.o
/data/data/com.termux/files/usr/bin/clang++ --target=aarch64-linux-android26 --sysroot=/data/data/com.termux/files/home/android-ndk-r27c/toolchains/llvm/prebuilt/linux-x86_64/sysroot -DVkLayer_VortekXclipse_EXPORTS -I/data/data/com.termux/files/home/ExynosTools-LSFG/include -I/data/data/com.termux/files/home/ExynosTools-LSFG/third_party/bcdec -I/data/data/com.termux/files/home/Vulkan-Headers/include -I/data/data/com.termux/files/home/Vulkan-Utility-Libraries/include -I/data/data/com.termux/files/home/ExynosTools-LSFG/external/VulkanMemoryAllocator/include -I/data/data/com.termux/files/home/ExynosTools-LSFG/build-lsfg-termux/generated -stdlib=libc++ -O3 -DNDEBUG -std=c++17 -fPIC -fvisibility=hidden -fvisibility-inlines-hidden -MD -MT CMakeFiles/VkLayer_VortekXclipse.dir/src/layer/layer_settings_runtime.cpp.o -MF CMakeFiles/VkLayer_VortekXclipse.dir/src/layer/layer_settings_runtime.cpp.o.d -o CMakeFiles/VkLayer_VortekXclipse.dir/src/layer/layer_settings_runtime.cpp.o -c /data/data/com.termux/files/home/ExynosTools-LSFG/src/layer/layer_settings_runtime.cpp
[ 85%] Building CXX object CMakeFiles/VkLayer_VortekXclipse.dir/src/layer/layer_telemetry.cpp.o
/data/data/com.termux/files/usr/bin/clang++ --target=aarch64-linux-android26 --sysroot=/data/data/com.termux/files/home/android-ndk-r27c/toolchains/llvm/prebuilt/linux-x86_64/sysroot -DVkLayer_VortekXclipse_EXPORTS -I/data/data/com.termux/files/home/ExynosTools-LSFG/include -I/data/data/com.termux/files/home/ExynosTools-LSFG/third_party/bcdec -I/data/data/com.termux/files/home/Vulkan-Headers/include -I/data/data/com.termux/files/home/Vulkan-Utility-Libraries/include -I/data/data/com.termux/files/home/ExynosTools-LSFG/external/VulkanMemoryAllocator/include -I/data/data/com.termux/files/home/ExynosTools-LSFG/build-lsfg-termux/generated -stdlib=libc++ -O3 -DNDEBUG -std=c++17 -fPIC -fvisibility=hidden -fvisibility-inlines-hidden -MD -MT CMakeFiles/VkLayer_VortekXclipse.dir/src/layer/layer_telemetry.cpp.o -MF CMakeFiles/VkLayer_VortekXclipse.dir/src/layer/layer_telemetry.cpp.o.d -o CMakeFiles/VkLayer_VortekXclipse.dir/src/layer/layer_telemetry.cpp.o -c /data/data/com.termux/files/home/ExynosTools-LSFG/src/layer/layer_telemetry.cpp
[ 86%] Building CXX object CMakeFiles/VkLayer_VortekXclipse.dir/src/layer/layer_staging_allocations.cpp.o
/data/data/com.termux/files/usr/bin/clang++ --target=aarch64-linux-android26 --sysroot=/data/data/com.termux/files/home/android-ndk-r27c/toolchains/llvm/prebuilt/linux-x86_64/sysroot -DVkLayer_VortekXclipse_EXPORTS -I/data/data/com.termux/files/home/ExynosTools-LSFG/include -I/data/data/com.termux/files/home/ExynosTools-LSFG/third_party/bcdec -I/data/data/com.termux/files/home/Vulkan-Headers/include -I/data/data/com.termux/files/home/Vulkan-Utility-Libraries/include -I/data/data/com.termux/files/home/ExynosTools-LSFG/external/VulkanMemoryAllocator/include -I/data/data/com.termux/files/home/ExynosTools-LSFG/build-lsfg-termux/generated -stdlib=libc++ -O3 -DNDEBUG -std=c++17 -fPIC -fvisibility=hidden -fvisibility-inlines-hidden -MD -MT CMakeFiles/VkLayer_VortekXclipse.dir/src/layer/layer_staging_allocations.cpp.o -MF CMakeFiles/VkLayer_VortekXclipse.dir/src/layer/layer_staging_allocations.cpp.o.d -o CMakeFiles/VkLayer_VortekXclipse.dir/src/layer/layer_staging_allocations.cpp.o -c /data/data/com.termux/files/home/ExynosTools-LSFG/src/layer/layer_staging_allocations.cpp
[ 88%] Building CXX object CMakeFiles/VkLayer_VortekXclipse.dir/src/layer/layer_vk_struct_clone.cpp.o
/data/data/com.termux/files/usr/bin/clang++ --target=aarch64-linux-android26 --sysroot=/data/data/com.termux/files/home/android-ndk-r27c/toolchains/llvm/prebuilt/linux-x86_64/sysroot -DVkLayer_VortekXclipse_EXPORTS -I/data/data/com.termux/files/home/ExynosTools-LSFG/include -I/data/data/com.termux/files/home/ExynosTools-LSFG/third_party/bcdec -I/data/data/com.termux/files/home/Vulkan-Headers/include -I/data/data/com.termux/files/home/Vulkan-Utility-Libraries/include -I/data/data/com.termux/files/home/ExynosTools-LSFG/external/VulkanMemoryAllocator/include -I/data/data/com.termux/files/home/ExynosTools-LSFG/build-lsfg-termux/generated -stdlib=libc++ -O3 -DNDEBUG -std=c++17 -fPIC -fvisibility=hidden -fvisibility-inlines-hidden -MD -MT CMakeFiles/VkLayer_VortekXclipse.dir/src/layer/layer_vk_struct_clone.cpp.o -MF CMakeFiles/VkLayer_VortekXclipse.dir/src/layer/layer_vk_struct_clone.cpp.o.d -o CMakeFiles/VkLayer_VortekXclipse.dir/src/layer/layer_vk_struct_clone.cpp.o -c /data/data/com.termux/files/home/ExynosTools-LSFG/src/layer/layer_vk_struct_clone.cpp
[ 89%] Building CXX object CMakeFiles/VkLayer_VortekXclipse.dir/src/layer/layer_vma_runtime.cpp.o
/data/data/com.termux/files/usr/bin/clang++ --target=aarch64-linux-android26 --sysroot=/data/data/com.termux/files/home/android-ndk-r27c/toolchains/llvm/prebuilt/linux-x86_64/sysroot -DVkLayer_VortekXclipse_EXPORTS -I/data/data/com.termux/files/home/ExynosTools-LSFG/include -I/data/data/com.termux/files/home/ExynosTools-LSFG/third_party/bcdec -I/data/data/com.termux/files/home/Vulkan-Headers/include -I/data/data/com.termux/files/home/Vulkan-Utility-Libraries/include -I/data/data/com.termux/files/home/ExynosTools-LSFG/external/VulkanMemoryAllocator/include -I/data/data/com.termux/files/home/ExynosTools-LSFG/build-lsfg-termux/generated -stdlib=libc++ -O3 -DNDEBUG -std=c++17 -fPIC -fvisibility=hidden -fvisibility-inlines-hidden -MD -MT CMakeFiles/VkLayer_VortekXclipse.dir/src/layer/layer_vma_runtime.cpp.o -MF CMakeFiles/VkLayer_VortekXclipse.dir/src/layer/layer_vma_runtime.cpp.o.d -o CMakeFiles/VkLayer_VortekXclipse.dir/src/layer/layer_vma_runtime.cpp.o -c /data/data/com.termux/files/home/ExynosTools-LSFG/src/layer/layer_vma_runtime.cpp
[ 91%] Building CXX object CMakeFiles/VkLayer_VortekXclipse.dir/data/data/com.termux/files/home/Vulkan-Utility-Libraries/src/vulkan/vk_safe_struct_core.cpp.o
/data/data/com.termux/files/usr/bin/clang++ --target=aarch64-linux-android26 --sysroot=/data/data/com.termux/files/home/android-ndk-r27c/toolchains/llvm/prebuilt/linux-x86_64/sysroot -DVkLayer_VortekXclipse_EXPORTS -I/data/data/com.termux/files/home/ExynosTools-LSFG/include -I/data/data/com.termux/files/home/ExynosTools-LSFG/third_party/bcdec -I/data/data/com.termux/files/home/Vulkan-Headers/include -I/data/data/com.termux/files/home/Vulkan-Utility-Libraries/include -I/data/data/com.termux/files/home/ExynosTools-LSFG/external/VulkanMemoryAllocator/include -I/data/data/com.termux/files/home/ExynosTools-LSFG/build-lsfg-termux/generated -stdlib=libc++ -O3 -DNDEBUG -std=c++17 -fPIC -fvisibility=hidden -fvisibility-inlines-hidden -MD -MT CMakeFiles/VkLayer_VortekXclipse.dir/data/data/com.termux/files/home/Vulkan-Utility-Libraries/src/vulkan/vk_safe_struct_core.cpp.o -MF CMakeFiles/VkLayer_VortekXclipse.dir/data/data/com.termux/files/home/Vulkan-Utility-Libraries/src/vulkan/vk_safe_struct_core.cpp.o.d -o CMakeFiles/VkLayer_VortekXclipse.dir/data/data/com.termux/files/home/Vulkan-Utility-Libraries/src/vulkan/vk_safe_struct_core.cpp.o -c /data/data/com.termux/files/home/Vulkan-Utility-Libraries/src/vulkan/vk_safe_struct_core.cpp
[ 92%] Building CXX object CMakeFiles/VkLayer_VortekXclipse.dir/data/data/com.termux/files/home/Vulkan-Utility-Libraries/src/vulkan/vk_safe_struct_ext.cpp.o
/data/data/com.termux/files/usr/bin/clang++ --target=aarch64-linux-android26 --sysroot=/data/data/com.termux/files/home/android-ndk-r27c/toolchains/llvm/prebuilt/linux-x86_64/sysroot -DVkLayer_VortekXclipse_EXPORTS -I/data/data/com.termux/files/home/ExynosTools-LSFG/include -I/data/data/com.termux/files/home/ExynosTools-LSFG/third_party/bcdec -I/data/data/com.termux/files/home/Vulkan-Headers/include -I/data/data/com.termux/files/home/Vulkan-Utility-Libraries/include -I/data/data/com.termux/files/home/ExynosTools-LSFG/external/VulkanMemoryAllocator/include -I/data/data/com.termux/files/home/ExynosTools-LSFG/build-lsfg-termux/generated -stdlib=libc++ -O3 -DNDEBUG -std=c++17 -fPIC -fvisibility=hidden -fvisibility-inlines-hidden -MD -MT CMakeFiles/VkLayer_VortekXclipse.dir/data/data/com.termux/files/home/Vulkan-Utility-Libraries/src/vulkan/vk_safe_struct_ext.cpp.o -MF CMakeFiles/VkLayer_VortekXclipse.dir/data/data/com.termux/files/home/Vulkan-Utility-Libraries/src/vulkan/vk_safe_struct_ext.cpp.o.d -o CMakeFiles/VkLayer_VortekXclipse.dir/data/data/com.termux/files/home/Vulkan-Utility-Libraries/src/vulkan/vk_safe_struct_ext.cpp.o -c /data/data/com.termux/files/home/Vulkan-Utility-Libraries/src/vulkan/vk_safe_struct_ext.cpp
[ 94%] Building CXX object CMakeFiles/VkLayer_VortekXclipse.dir/data/data/com.termux/files/home/Vulkan-Utility-Libraries/src/vulkan/vk_safe_struct_khr.cpp.o
/data/data/com.termux/files/usr/bin/clang++ --target=aarch64-linux-android26 --sysroot=/data/data/com.termux/files/home/android-ndk-r27c/toolchains/llvm/prebuilt/linux-x86_64/sysroot -DVkLayer_VortekXclipse_EXPORTS -I/data/data/com.termux/files/home/ExynosTools-LSFG/include -I/data/data/com.termux/files/home/ExynosTools-LSFG/third_party/bcdec -I/data/data/com.termux/files/home/Vulkan-Headers/include -I/data/data/com.termux/files/home/Vulkan-Utility-Libraries/include -I/data/data/com.termux/files/home/ExynosTools-LSFG/external/VulkanMemoryAllocator/include -I/data/data/com.termux/files/home/ExynosTools-LSFG/build-lsfg-termux/generated -stdlib=libc++ -O3 -DNDEBUG -std=c++17 -fPIC -fvisibility=hidden -fvisibility-inlines-hidden -MD -MT CMakeFiles/VkLayer_VortekXclipse.dir/data/data/com.termux/files/home/Vulkan-Utility-Libraries/src/vulkan/vk_safe_struct_khr.cpp.o -MF CMakeFiles/VkLayer_VortekXclipse.dir/data/data/com.termux/files/home/Vulkan-Utility-Libraries/src/vulkan/vk_safe_struct_khr.cpp.o.d -o CMakeFiles/VkLayer_VortekXclipse.dir/data/data/com.termux/files/home/Vulkan-Utility-Libraries/src/vulkan/vk_safe_struct_khr.cpp.o -c /data/data/com.termux/files/home/Vulkan-Utility-Libraries/src/vulkan/vk_safe_struct_khr.cpp
[ 95%] Building CXX object CMakeFiles/VkLayer_VortekXclipse.dir/data/data/com.termux/files/home/Vulkan-Utility-Libraries/src/vulkan/vk_safe_struct_manual.cpp.o
/data/data/com.termux/files/usr/bin/clang++ --target=aarch64-linux-android26 --sysroot=/data/data/com.termux/files/home/android-ndk-r27c/toolchains/llvm/prebuilt/linux-x86_64/sysroot -DVkLayer_VortekXclipse_EXPORTS -I/data/data/com.termux/files/home/ExynosTools-LSFG/include -I/data/data/com.termux/files/home/ExynosTools-LSFG/third_party/bcdec -I/data/data/com.termux/files/home/Vulkan-Headers/include -I/data/data/com.termux/files/home/Vulkan-Utility-Libraries/include -I/data/data/com.termux/files/home/ExynosTools-LSFG/external/VulkanMemoryAllocator/include -I/data/data/com.termux/files/home/ExynosTools-LSFG/build-lsfg-termux/generated -stdlib=libc++ -O3 -DNDEBUG -std=c++17 -fPIC -fvisibility=hidden -fvisibility-inlines-hidden -MD -MT CMakeFiles/VkLayer_VortekXclipse.dir/data/data/com.termux/files/home/Vulkan-Utility-Libraries/src/vulkan/vk_safe_struct_manual.cpp.o -MF CMakeFiles/VkLayer_VortekXclipse.dir/data/data/com.termux/files/home/Vulkan-Utility-Libraries/src/vulkan/vk_safe_struct_manual.cpp.o.d -o CMakeFiles/VkLayer_VortekXclipse.dir/data/data/com.termux/files/home/Vulkan-Utility-Libraries/src/vulkan/vk_safe_struct_manual.cpp.o -c /data/data/com.termux/files/home/Vulkan-Utility-Libraries/src/vulkan/vk_safe_struct_manual.cpp
[ 97%] Building CXX object CMakeFiles/VkLayer_VortekXclipse.dir/data/data/com.termux/files/home/Vulkan-Utility-Libraries/src/vulkan/vk_safe_struct_utils.cpp.o
/data/data/com.termux/files/usr/bin/clang++ --target=aarch64-linux-android26 --sysroot=/data/data/com.termux/files/home/android-ndk-r27c/toolchains/llvm/prebuilt/linux-x86_64/sysroot -DVkLayer_VortekXclipse_EXPORTS -I/data/data/com.termux/files/home/ExynosTools-LSFG/include -I/data/data/com.termux/files/home/ExynosTools-LSFG/third_party/bcdec -I/data/data/com.termux/files/home/Vulkan-Headers/include -I/data/data/com.termux/files/home/Vulkan-Utility-Libraries/include -I/data/data/com.termux/files/home/ExynosTools-LSFG/external/VulkanMemoryAllocator/include -I/data/data/com.termux/files/home/ExynosTools-LSFG/build-lsfg-termux/generated -stdlib=libc++ -O3 -DNDEBUG -std=c++17 -fPIC -fvisibility=hidden -fvisibility-inlines-hidden -MD -MT CMakeFiles/VkLayer_VortekXclipse.dir/data/data/com.termux/files/home/Vulkan-Utility-Libraries/src/vulkan/vk_safe_struct_utils.cpp.o -MF CMakeFiles/VkLayer_VortekXclipse.dir/data/data/com.termux/files/home/Vulkan-Utility-Libraries/src/vulkan/vk_safe_struct_utils.cpp.o.d -o CMakeFiles/VkLayer_VortekXclipse.dir/data/data/com.termux/files/home/Vulkan-Utility-Libraries/src/vulkan/vk_safe_struct_utils.cpp.o -c /data/data/com.termux/files/home/Vulkan-Utility-Libraries/src/vulkan/vk_safe_struct_utils.cpp
[ 98%] Building CXX object CMakeFiles/VkLayer_VortekXclipse.dir/data/data/com.termux/files/home/Vulkan-Utility-Libraries/src/vulkan/vk_safe_struct_vendor.cpp.o
/data/data/com.termux/files/usr/bin/clang++ --target=aarch64-linux-android26 --sysroot=/data/data/com.termux/files/home/android-ndk-r27c/toolchains/llvm/prebuilt/linux-x86_64/sysroot -DVkLayer_VortekXclipse_EXPORTS -I/data/data/com.termux/files/home/ExynosTools-LSFG/include -I/data/data/com.termux/files/home/ExynosTools-LSFG/third_party/bcdec -I/data/data/com.termux/files/home/Vulkan-Headers/include -I/data/data/com.termux/files/home/Vulkan-Utility-Libraries/include -I/data/data/com.termux/files/home/ExynosTools-LSFG/external/VulkanMemoryAllocator/include -I/data/data/com.termux/files/home/ExynosTools-LSFG/build-lsfg-termux/generated -stdlib=libc++ -O3 -DNDEBUG -std=c++17 -fPIC -fvisibility=hidden -fvisibility-inlines-hidden -MD -MT CMakeFiles/VkLayer_VortekXclipse.dir/data/data/com.termux/files/home/Vulkan-Utility-Libraries/src/vulkan/vk_safe_struct_vendor.cpp.o -MF CMakeFiles/VkLayer_VortekXclipse.dir/data/data/com.termux/files/home/Vulkan-Utility-Libraries/src/vulkan/vk_safe_struct_vendor.cpp.o.d -o CMakeFiles/VkLayer_VortekXclipse.dir/data/data/com.termux/files/home/Vulkan-Utility-Libraries/src/vulkan/vk_safe_struct_vendor.cpp.o -c /data/data/com.termux/files/home/Vulkan-Utility-Libraries/src/vulkan/vk_safe_struct_vendor.cpp
[100%] Linking CXX shared library libVkLayer_VortekXclipse.so
/data/data/com.termux/files/usr/bin/cmake -E cmake_link_script CMakeFiles/VkLayer_VortekXclipse.dir/link.txt --verbose=1
/data/data/com.termux/files/usr/bin/clang++ --target=aarch64-linux-android26 --sysroot=/data/data/com.termux/files/home/android-ndk-r27c/toolchains/llvm/prebuilt/linux-x86_64/sysroot -fPIC -stdlib=libc++ -O3 -DNDEBUG -shared -fuse-ld=lld -L/data/data/com.termux/files/home/android-ndk-r27c/toolchains/llvm/prebuilt/linux-x86_64/lib/clang/18/lib/linux/aarch64 -Xlinker --dependency-file=CMakeFiles/VkLayer_VortekXclipse.dir/link.d -Wl,-soname,libVkLayer_VortekXclipse.so -o libVkLayer_VortekXclipse.so CMakeFiles/VkLayer_VortekXclipse.dir/src/layer/layer_bcn_cpu_decoder.cpp.o CMakeFiles/VkLayer_VortekXclipse.dir/src/layer/layer_entry.cpp.o CMakeFiles/VkLayer_VortekXclipse.dir/src/layer/layer_copy_image_routing.cpp.o CMakeFiles/VkLayer_VortekXclipse.dir/src/layer/layer_command_buffer_hooks.cpp.o CMakeFiles/VkLayer_VortekXclipse.dir/src/layer/layer_command_buffer_ownership.cpp.o CMakeFiles/VkLayer_VortekXclipse.dir/src/layer/layer_command_buffer_resources.cpp.o CMakeFiles/VkLayer_VortekXclipse.dir/src/layer/layer_compute_runtime.cpp.o CMakeFiles/VkLayer_VortekXclipse.dir/src/layer/layer_descriptor_write_builder.cpp.o CMakeFiles/VkLayer_VortekXclipse.dir/src/layer/layer_global_state.cpp.o CMakeFiles/VkLayer_VortekXclipse.dir/src/layer/layer_image_virtualization.cpp.o CMakeFiles/VkLayer_VortekXclipse.dir/src/layer/layer_format_virtualization.cpp.o CMakeFiles/VkLayer_VortekXclipse.dir/src/layer/layer_pipeline_selection.cpp.o CMakeFiles/VkLayer_VortekXclipse.dir/src/layer/layer_lsfg_compat.cpp.o CMakeFiles/VkLayer_VortekXclipse.dir/src/layer/layer_settings_utils.cpp.o CMakeFiles/VkLayer_VortekXclipse.dir/src/layer/layer_settings_runtime.cpp.o CMakeFiles/VkLayer_VortekXclipse.dir/src/layer/layer_telemetry.cpp.o CMakeFiles/VkLayer_VortekXclipse.dir/src/layer/layer_staging_allocations.cpp.o CMakeFiles/VkLayer_VortekXclipse.dir/src/layer/layer_vk_struct_clone.cpp.o CMakeFiles/VkLayer_VortekXclipse.dir/src/layer/layer_vma_runtime.cpp.o "CMakeFiles/VkLayer_VortekXclipse.dir/data/data/com.termux/files/home/Vulkan-Utility-Libraries/src/vulkan/vk_safe_struct_core.cpp.o" "CMakeFiles/VkLayer_VortekXclipse.dir/data/data/com.termux/files/home/Vulkan-Utility-Libraries/src/vulkan/vk_safe_struct_ext.cpp.o" "CMakeFiles/VkLayer_VortekXclipse.dir/data/data/com.termux/files/home/Vulkan-Utility-Libraries/src/vulkan/vk_safe_struct_khr.cpp.o" "CMakeFiles/VkLayer_VortekXclipse.dir/data/data/com.termux/files/home/Vulkan-Utility-Libraries/src/vulkan/vk_safe_struct_manual.cpp.o" "CMakeFiles/VkLayer_VortekXclipse.dir/data/data/com.termux/files/home/Vulkan-Utility-Libraries/src/vulkan/vk_safe_struct_utils.cpp.o" "CMakeFiles/VkLayer_VortekXclipse.dir/data/data/com.termux/files/home/Vulkan-Utility-Libraries/src/vulkan/vk_safe_struct_vendor.cpp.o"  -lvulkan -llog
make[2]: Leaving directory '/data/data/com.termux/files/home/ExynosTools-LSFG/build-lsfg-termux'
[100%] Built target VkLayer_VortekXclipse
make[1]: Leaving directory '/data/data/com.termux/files/home/ExynosTools-LSFG/build-lsfg-termux'
/data/data/com.termux/files/usr/bin/cmake -E cmake_progress_start /data/data/com.termux/files/home/ExynosTools-LSFG/build-lsfg-termux/CMakeFiles 0

